alias_id,canonical_drug_id,alias,normalized_alias,canonical_name,source,mapping_method,validation_status
ALIAS0000001,DRUG000007,Leuprolide,leuprolide,Leuprolide,medicines.csv,EXACT_CANONICAL_NAME,VALIDATED
ALIAS0000002,DRUG000014,Goserelin,goserelin,Goserelin,medicines.csv,EXACT_CANONICAL_NAME,VALIDATED
ALIAS0000003,DRUG000034,Desmopressin,desmopressin,Desmopressin,medicines.csv,EXACT_CANONICAL_NAME,VALIDATED
ALIAS0000004,DRUG000040,Botulinum Toxin Type B,botulinum toxin type b,Botulinum toxin type B,DDInter,EXACT_NORMALIZED_NAME,VALIDATED
ALIAS0000005,DRUG000047,Rasburicase,rasburicase,Rasburicase,medicines.csv,EXACT_CANONICAL_NAME,VALIDATED
ALIAS0000006,DRUG000070,Rituximab,rituximab,Rituximab,medicines.csv,EXACT_CANONICAL_NAME,VALIDATED
ALIAS0000007,DRUG000085,Cyclosporine,cyclosporine,Cyclosporine,medicines.csv,EXACT_CANONICAL_NAME,VALIDATED
ALIAS0000008,DRUG000088,Urofollitropin,urofollitropin,Urofollitropin,medicines.csv,EXACT_CANONICAL_NAME,VALIDATED
ALIAS0000009,DRUG000106,Pyridoxal Phosphate,pyridoxal phosphate,Pyridoxal phosphate,medicines.csv,EXACT_CANONICAL_NAME,VALIDATED
ALIAS0000010,DRUG000107,CYANOCOBALAMIN,cyanocobalamin,Cyanocobalamin,medicines.csv,EXACT_CANONICAL_NAME,VALIDATED
ALIAS0000011,DRUG000109,Histidine,histidine,Histidine,medicines.csv,EXACT_CANONICAL_NAME,VALIDATED
ALIAS0000012,DRUG000110,Ademetionine,ademetionine,Ademetionine,medicines.csv,EXACT_CANONICAL_NAME,VALIDATED
ALIAS0000013,DRUG000113,Biotin,biotin,Biotin,medicines.csv,EXACT_CANONICAL_NAME,VALIDATED
ALIAS0000014,DRUG000114,Choline,choline,Choline,medicines.csv,EXACT_CANONICAL_NAME,VALIDATED
ALIAS0000015,DRUG000115,Lysine,lysine,Lysine,medicines.csv,EXACT_CANONICAL_NAME,VALIDATED
ALIAS0000016,DRUG000115,Lysine Hydrochloride,lysine hydrochloride,Lysine,medicines.csv,FORM_TO_EXACT_BASE,VALIDATED
ALIAS0000017,DRUG000116,Arginine,arginine,Arginine,medicines.csv,EXACT_CANONICAL_NAME,VALIDATED
ALIAS0000018,DRUG000117,Ascorbic Acid,ascorbic acid,Ascorbic acid,medicines.csv,EXACT_CANONICAL_NAME,VALIDATED
ALIAS0000019,DRUG000119,Aspartic Acid,aspartic acid,Aspartic acid,medicines.csv,EXACT_CANONICAL_NAME,VALIDATED
ALIAS0000020,DRUG000121,L GLUTAMINE,l glutamine,L-Glutamine,medicines.csv,EXACT_CANONICAL_NAME,VALIDATED
ALIAS0000021,DRUG000121,L-Glutamine,l-glutamine,L-Glutamine,medicines.csv,EXACT_CANONICAL_NAME,VALIDATED
ALIAS0000022,DRUG000123,Alpha Linolenic Acid,alpha linolenic acid,alpha-Linolenic acid,medicines.csv,EXACT_CANONICAL_NAME,VALIDATED
ALIAS0000023,DRUG000125,Methionine,methionine,Methionine,medicines.csv,EXACT_CANONICAL_NAME,VALIDATED
ALIAS0000024,DRUG000126,Tyrosine,tyrosine,Tyrosine,medicines.csv,EXACT_CANONICAL_NAME,VALIDATED
ALIAS0000025,DRUG000127,Calcitriol,calcitriol,Calcitriol,medicines.csv,EXACT_CANONICAL_NAME,VALIDATED
ALIAS0000026,DRUG000128,Lutein,lutein,Lutein,medicines.csv,EXACT_CANONICAL_NAME,VALIDATED
ALIAS0000027,DRUG000130,Succinic Acid,succinic acid,Succinic acid,medicines.csv,EXACT_CANONICAL_NAME,VALIDATED
ALIAS0000028,DRUG000131,Riboflavin,riboflavin,Riboflavin,medicines.csv,EXACT_CANONICAL_NAME,VALIDATED
ALIAS0000029,DRUG000133,Glutamic Acid,glutamic acid,Glutamic acid,medicines.csv,EXACT_CANONICAL_NAME,VALIDATED
ALIAS0000030,DRUG000134,GLUTATHIONE,glutathione,Glutathione,medicines.csv,EXACT_CANONICAL_NAME,VALIDATED
ALIAS0000031,DRUG000136,Glycine,glycine,Glycine,medicines.csv,EXACT_CANONICAL_NAME,VALIDATED
ALIAS0000032,DRUG000141,Tryptophan,tryptophan,Tryptophan,medicines.csv,EXACT_CANONICAL_NAME,VALIDATED
ALIAS0000033,DRUG000143,Thiamine,thiamine,Thiamine,medicines.csv,EXACT_CANONICAL_NAME,VALIDATED
ALIAS0000034,DRUG000143,Thiamine Hydrochloride,thiamine hydrochloride,Thiamine,medicines.csv,FORM_TO_EXACT_BASE,VALIDATED
ALIAS0000035,DRUG000144,Ergocalciferol,ergocalciferol,Ergocalciferol,medicines.csv,EXACT_CANONICAL_NAME,VALIDATED
ALIAS0000036,DRUG000147,Threonine,threonine,Threonine,medicines.csv,EXACT_CANONICAL_NAME,VALIDATED
ALIAS0000037,DRUG000149,Folic Acid,folic acid,Folic acid,medicines.csv,EXACT_CANONICAL_NAME,VALIDATED
ALIAS0000038,DRUG000152,Valine,valine,Valine,medicines.csv,EXACT_CANONICAL_NAME,VALIDATED
ALIAS0000039,DRUG000153,Vitamin A,vitamin a,Vitamin A,medicines.csv,EXACT_CANONICAL_NAME,VALIDATED
ALIAS0000040,DRUG000154,Vitamin E,vitamin e,Vitamin E,medicines.csv,EXACT_CANONICAL_NAME,VALIDATED
ALIAS0000041,DRUG000154,Vitamin E Acetate,vitamin e acetate,Vitamin E,medicines.csv,FORM_TO_EXACT_BASE,VALIDATED
ALIAS0000042,DRUG000155,Pyridoxine,pyridoxine,Pyridoxine,medicines.csv,EXACT_CANONICAL_NAME,VALIDATED
ALIAS0000043,DRUG000159,Cholecalciferol,cholecalciferol,Cholecalciferol,medicines.csv,EXACT_CANONICAL_NAME,VALIDATED
ALIAS0000044,DRUG000160,MENADIONE,menadione,Menadione,medicines.csv,EXACT_CANONICAL_NAME,VALIDATED
ALIAS0000045,DRUG000166,Fluvoxamine,fluvoxamine,Fluvoxamine,medicines.csv,EXACT_CANONICAL_NAME,VALIDATED
ALIAS0000046,DRUG000167,Valsartan,valsartan,Valsartan,medicines.csv,EXACT_CANONICAL_NAME,VALIDATED
ALIAS0000047,DRUG000168,Ramipril,ramipril,Ramipril,medicines.csv,EXACT_CANONICAL_NAME,VALIDATED
ALIAS0000048,DRUG000171,Baclofen,baclofen,Baclofen,medicines.csv,EXACT_CANONICAL_NAME,VALIDATED
ALIAS0000049,DRUG000174,Nicotine,nicotine,Nicotine,medicines.csv,EXACT_CANONICAL_NAME,VALIDATED
ALIAS0000050,DRUG000178,Bortezomib,bortezomib,Bortezomib,medicines.csv,EXACT_CANONICAL_NAME,VALIDATED
ALIAS0000051,DRUG000180,Carbidopa,carbidopa,Carbidopa,medicines.csv,EXACT_CANONICAL_NAME,VALIDATED
ALIAS0000052,DRUG000185,Betaxolol,betaxolol,Betaxolol,medicines.csv,EXACT_CANONICAL_NAME,VALIDATED
ALIAS0000053,DRUG000186,Fluconazole,fluconazole,Fluconazole,medicines.csv,EXACT_CANONICAL_NAME,VALIDATED
ALIAS0000054,DRUG000188,Oseltamivir,oseltamivir,Oseltamivir,medicines.csv,EXACT_CANONICAL_NAME,VALIDATED
ALIAS0000055,DRUG000189,Erythromycin,erythromycin,Erythromycin,medicines.csv,EXACT_CANONICAL_NAME,VALIDATED
ALIAS0000056,DRUG000190,Hydroxocobalamin,hydroxocobalamin,Hydroxocobalamin,medicines.csv,EXACT_CANONICAL_NAME,VALIDATED
ALIAS0000057,DRUG000191,Caffeine,caffeine,Caffeine,medicines.csv,EXACT_CANONICAL_NAME,VALIDATED
ALIAS0000058,DRUG000193,Sildenafil,sildenafil,Sildenafil,medicines.csv,EXACT_CANONICAL_NAME,VALIDATED
ALIAS0000059,DRUG000195,Pyrimethamine,pyrimethamine,Pyrimethamine,medicines.csv,EXACT_CANONICAL_NAME,VALIDATED
ALIAS0000060,DRUG000197,Azithromycin,azithromycin,Azithromycin,medicines.csv,EXACT_CANONICAL_NAME,VALIDATED
ALIAS0000061,DRUG000200,Adapalene,adapalene,Adapalene,medicines.csv,EXACT_CANONICAL_NAME,VALIDATED
ALIAS0000062,DRUG000201,Midodrine,midodrine,Midodrine,medicines.csv,EXACT_CANONICAL_NAME,VALIDATED
ALIAS0000063,DRUG000203,Pantoprazole,pantoprazole,Pantoprazole,medicines.csv,EXACT_CANONICAL_NAME,VALIDATED
ALIAS0000064,DRUG000205,Citalopram,citalopram,Citalopram,medicines.csv,EXACT_CANONICAL_NAME,VALIDATED
ALIAS0000065,DRUG000208,Moxifloxacin,moxifloxacin,Moxifloxacin,medicines.csv,EXACT_CANONICAL_NAME,VALIDATED
ALIAS0000066,DRUG000212,Glimepiride,glimepiride,Glimepiride,medicines.csv,EXACT_CANONICAL_NAME,VALIDATED
ALIAS0000067,DRUG000220,Pregabalin,pregabalin,Pregabalin,medicines.csv,EXACT_CANONICAL_NAME,VALIDATED
ALIAS0000068,DRUG000228,Nevirapine,nevirapine,Nevirapine,medicines.csv,EXACT_CANONICAL_NAME,VALIDATED
ALIAS0000069,DRUG000229,Oxiconazole,oxiconazole,Oxiconazole,medicines.csv,EXACT_CANONICAL_NAME,VALIDATED
ALIAS0000070,DRUG000232,Cladribine,cladribine,Cladribine,medicines.csv,EXACT_CANONICAL_NAME,VALIDATED
ALIAS0000071,DRUG000233,Ranolazine,ranolazine,Ranolazine,medicines.csv,EXACT_CANONICAL_NAME,VALIDATED
ALIAS0000072,DRUG000234,Mesalazine,mesalazine,Mesalazine,medicines.csv,EXACT_CANONICAL_NAME,VALIDATED
ALIAS0000073,DRUG000236,Ziprasidone,ziprasidone,Ziprasidone,medicines.csv,EXACT_CANONICAL_NAME,VALIDATED
ALIAS0000074,DRUG000238,Cabergoline,cabergoline,Cabergoline,medicines.csv,EXACT_CANONICAL_NAME,VALIDATED
ALIAS0000075,DRUG000240,Dapsone,dapsone,Dapsone,medicines.csv,EXACT_CANONICAL_NAME,VALIDATED
ALIAS0000076,DRUG000242,Phenytoin,phenytoin,Phenytoin,medicines.csv,EXACT_CANONICAL_NAME,VALIDATED
ALIAS0000077,DRUG000244,Doxycycline,doxycycline,Doxycycline,medicines.csv,EXACT_CANONICAL_NAME,VALIDATED
ALIAS0000078,DRUG000246,Lymecycline,lymecycline,Lymecycline,medicines.csv,EXACT_CANONICAL_NAME,VALIDATED
ALIAS0000079,DRUG000247,Clotrimazole,clotrimazole,Clotrimazole,medicines.csv,EXACT_CANONICAL_NAME,VALIDATED
ALIAS0000080,DRUG000248,Calcium Acetate,calcium acetate,Calcium acetate,medicines.csv,EXACT_CANONICAL_NAME,VALIDATED
ALIAS0000081,DRUG000254,Metoprolol,metoprolol,Metoprolol,medicines.csv,EXACT_CANONICAL_NAME,VALIDATED
ALIAS0000082,DRUG000255,Crotamiton,crotamiton,Crotamiton,medicines.csv,EXACT_CANONICAL_NAME,VALIDATED
ALIAS0000083,DRUG000258,Ropinirole,ropinirole,Ropinirole,medicines.csv,EXACT_CANONICAL_NAME,VALIDATED
ALIAS0000084,DRUG000263,Topiramate,topiramate,Topiramate,medicines.csv,EXACT_CANONICAL_NAME,VALIDATED
ALIAS0000085,DRUG000265,Olmesartan,olmesartan,Olmesartan,medicines.csv,EXACT_CANONICAL_NAME,VALIDATED
ALIAS0000086,DRUG000267,Theophylline,theophylline,Theophylline,medicines.csv,EXACT_CANONICAL_NAME,VALIDATED
ALIAS0000087,DRUG000269,Liothyronine,liothyronine,Liothyronine,medicines.csv,EXACT_CANONICAL_NAME,VALIDATED
ALIAS0000088,DRUG000270,Disopyramide,disopyramide,Disopyramide,medicines.csv,EXACT_CANONICAL_NAME,VALIDATED
ALIAS0000089,DRUG000271,Lidocaine,lidocaine,Lidocaine,medicines.csv,EXACT_CANONICAL_NAME,VALIDATED
ALIAS0000090,DRUG000274,Acarbose,acarbose,Acarbose,medicines.csv,EXACT_CANONICAL_NAME,VALIDATED
ALIAS0000091,DRUG000275,Venlafaxine,venlafaxine,Venlafaxine,medicines.csv,EXACT_CANONICAL_NAME,VALIDATED
ALIAS0000092,DRUG000277,Travoprost,travoprost,Travoprost,medicines.csv,EXACT_CANONICAL_NAME,VALIDATED
ALIAS0000093,DRUG000286,Ropivacaine,ropivacaine,Ropivacaine,medicines.csv,EXACT_CANONICAL_NAME,VALIDATED
ALIAS0000094,DRUG000287,Bupivacaine,bupivacaine,Bupivacaine,medicines.csv,EXACT_CANONICAL_NAME,VALIDATED
ALIAS0000095,DRUG000290,Tenofovir Disoproxil,tenofovir disoproxil,Tenofovir disoproxil,medicines.csv,EXACT_CANONICAL_NAME,VALIDATED
ALIAS0000096,DRUG000292,TRANEXAMIC ACID,tranexamic acid,Tranexamic acid,medicines.csv,EXACT_CANONICAL_NAME,VALIDATED
ALIAS0000097,DRUG000294,Desogestrel,desogestrel,Desogestrel,medicines.csv,EXACT_CANONICAL_NAME,VALIDATED
ALIAS0000098,DRUG000295,Mitomycin,mitomycin,Mitomycin,medicines.csv,EXACT_CANONICAL_NAME,VALIDATED
ALIAS0000099,DRUG000298,Ibutilide,ibutilide,Ibutilide,medicines.csv,EXACT_CANONICAL_NAME,VALIDATED
ALIAS0000100,DRUG000300,Chlorthalidone,chlorthalidone,Chlorthalidone,medicines.csv,EXACT_CANONICAL_NAME,VALIDATED
ALIAS0000101,DRUG000303,Valproic Acid,valproic acid,Valproic acid,medicines.csv,EXACT_CANONICAL_NAME,VALIDATED
ALIAS0000102,DRUG000305,Zolmitriptan,zolmitriptan,Zolmitriptan,medicines.csv,EXACT_CANONICAL_NAME,VALIDATED
ALIAS0000103,DRUG000307,Gefitinib,gefitinib,Gefitinib,medicines.csv,EXACT_CANONICAL_NAME,VALIDATED
ALIAS0000104,DRUG000309,Piperacillin,piperacillin,Piperacillin,DOSAGE,EXACT_COMPONENT_OR_BASE,VALIDATED
ALIAS0000105,DRUG000311,Amitriptyline,amitriptyline,Amitriptyline,medicines.csv,EXACT_CANONICAL_NAME,VALIDATED
ALIAS0000106,DRUG000314,Fluorometholone,fluorometholone,Fluorometholone,medicines.csv,EXACT_CANONICAL_NAME,VALIDATED
ALIAS0000107,DRUG000318,Indomethacin,indomethacin,Indomethacin,medicines.csv,EXACT_CANONICAL_NAME,VALIDATED
ALIAS0000108,DRUG000319,Ethambutol,ethambutol,Ethambutol,DOSAGE,EXACT_COMPONENT_OR_BASE,VALIDATED
ALIAS0000109,DRUG000320,Metformin,metformin,Metformin,medicines.csv,EXACT_CANONICAL_NAME,VALIDATED
ALIAS0000110,DRUG000321,Ipratropium,ipratropium,Ipratropium,medicines.csv,EXACT_CANONICAL_NAME,VALIDATED
ALIAS0000111,DRUG000323,Olanzapine,olanzapine,Olanzapine,medicines.csv,EXACT_CANONICAL_NAME,VALIDATED
ALIAS0000112,DRUG000324,Atenolol,atenolol,Atenolol,medicines.csv,EXACT_CANONICAL_NAME,VALIDATED
ALIAS0000113,DRUG000326,Pimecrolimus,pimecrolimus,Pimecrolimus,medicines.csv,EXACT_CANONICAL_NAME,VALIDATED
ALIAS0000114,DRUG000327,Omeprazole,omeprazole,Omeprazole,medicines.csv,EXACT_CANONICAL_NAME,VALIDATED
ALIAS0000115,DRUG000328,Pyrazinamide,pyrazinamide,Pyrazinamide,DOSAGE,EXACT_COMPONENT_OR_BASE,VALIDATED
ALIAS0000116,DRUG000330,Cetirizine,cetirizine,Cetirizine,medicines.csv,EXACT_CANONICAL_NAME,VALIDATED
ALIAS0000117,DRUG000332,Diltiazem,diltiazem,Diltiazem,medicines.csv,EXACT_CANONICAL_NAME,VALIDATED
ALIAS0000118,DRUG000335,Alfuzosin,alfuzosin,Alfuzosin,medicines.csv,EXACT_CANONICAL_NAME,VALIDATED
ALIAS0000119,DRUG000339,Minoxidil,minoxidil,Minoxidil,medicines.csv,EXACT_CANONICAL_NAME,VALIDATED
ALIAS0000120,DRUG000342,Methylergometrine,methylergometrine,Methylergometrine,medicines.csv,EXACT_CANONICAL_NAME,VALIDATED
ALIAS0000121,DRUG000345,Chlorzoxazone,chlorzoxazone,Chlorzoxazone,medicines.csv,EXACT_CANONICAL_NAME,VALIDATED
ALIAS0000122,DRUG000347,Mefloquine,mefloquine,Mefloquine,medicines.csv,EXACT_CANONICAL_NAME,VALIDATED
ALIAS0000123,DRUG000352,Clozapine,clozapine,Clozapine,medicines.csv,EXACT_CANONICAL_NAME,VALIDATED
ALIAS0000124,DRUG000353,Sucralfate,sucralfate,Sucralfate,medicines.csv,EXACT_CANONICAL_NAME,VALIDATED
ALIAS0000125,DRUG000355,Doxylamine,doxylamine,Doxylamine,medicines.csv,EXACT_CANONICAL_NAME,VALIDATED
ALIAS0000126,DRUG000356,Levonorgestrel,levonorgestrel,Levonorgestrel,medicines.csv,EXACT_CANONICAL_NAME,VALIDATED
ALIAS0000127,DRUG000358,Cidofovir,cidofovir,Cidofovir,medicines.csv,EXACT_CANONICAL_NAME,VALIDATED
ALIAS0000128,DRUG000362,Timolol,timolol,Timolol,medicines.csv,EXACT_CANONICAL_NAME,VALIDATED
ALIAS0000129,DRUG000365,Trihexyphenidyl,trihexyphenidyl,Trihexyphenidyl,medicines.csv,EXACT_CANONICAL_NAME,VALIDATED
ALIAS0000130,DRUG000366,Palonosetron,palonosetron,Palonosetron,medicines.csv,EXACT_CANONICAL_NAME,VALIDATED
ALIAS0000131,DRUG000367,Dydrogesterone,dydrogesterone,Dydrogesterone,medicines.csv,EXACT_CANONICAL_NAME,VALIDATED
ALIAS0000132,DRUG000368,Mexiletine,mexiletine,Mexiletine,medicines.csv,EXACT_CANONICAL_NAME,VALIDATED
ALIAS0000133,DRUG000370,Amlodipine,amlodipine,Amlodipine,medicines.csv,EXACT_CANONICAL_NAME,VALIDATED
ALIAS0000134,DRUG000375,Procyclidine,procyclidine,Procyclidine,medicines.csv,EXACT_CANONICAL_NAME,VALIDATED
ALIAS0000135,DRUG000376,Phenylephrine,phenylephrine,Phenylephrine,medicines.csv,EXACT_CANONICAL_NAME,VALIDATED
ALIAS0000136,DRUG000377,Carbimazole,carbimazole,Carbimazole,medicines.csv,EXACT_CANONICAL_NAME,VALIDATED
ALIAS0000137,DRUG000378,Digoxin,digoxin,Digoxin,medicines.csv,EXACT_CANONICAL_NAME,VALIDATED
ALIAS0000138,DRUG000381,Nimodipine,nimodipine,Nimodipine,medicines.csv,EXACT_CANONICAL_NAME,VALIDATED
ALIAS0000139,DRUG000384,Progesterone,progesterone,Progesterone,medicines.csv,EXACT_CANONICAL_NAME,VALIDATED
ALIAS0000140,DRUG000385,Phenylpropanolamine,phenylpropanolamine,Phenylpropanolamine,medicines.csv,EXACT_CANONICAL_NAME,VALIDATED
ALIAS0000141,DRUG000386,Sorafenib,sorafenib,Sorafenib,medicines.csv,EXACT_CANONICAL_NAME,VALIDATED
ALIAS0000142,DRUG000387,Zoledronic Acid,zoledronic acid,Zoledronic acid,medicines.csv,EXACT_CANONICAL_NAME,VALIDATED
ALIAS0000143,DRUG000388,Griseofulvin,griseofulvin,Griseofulvin,medicines.csv,EXACT_CANONICAL_NAME,VALIDATED
ALIAS0000144,DRUG000396,Loxapine,loxapine,Loxapine,medicines.csv,EXACT_CANONICAL_NAME,VALIDATED
ALIAS0000145,DRUG000398,Mupirocin,mupirocin,Mupirocin,medicines.csv,EXACT_CANONICAL_NAME,VALIDATED
ALIAS0000146,DRUG000401,Pramipexole,pramipexole,Pramipexole,medicines.csv,EXACT_CANONICAL_NAME,VALIDATED
ALIAS0000147,DRUG000403,Ampicillin,ampicillin,Ampicillin,medicines.csv,EXACT_CANONICAL_NAME,VALIDATED
ALIAS0000148,DRUG000409,Spironolactone,spironolactone,Spironolactone,medicines.csv,EXACT_CANONICAL_NAME,VALIDATED
ALIAS0000149,DRUG000411,Methocarbamol,methocarbamol,Methocarbamol,medicines.csv,EXACT_CANONICAL_NAME,VALIDATED
ALIAS0000150,DRUG000412,Hyoscyamine,hyoscyamine,Hyoscyamine,medicines.csv,EXACT_CANONICAL_NAME,VALIDATED
ALIAS0000151,DRUG000414,Famciclovir,famciclovir,Famciclovir,medicines.csv,EXACT_CANONICAL_NAME,VALIDATED
ALIAS0000152,DRUG000420,Trifluridine,trifluridine,Trifluridine,medicines.csv,EXACT_CANONICAL_NAME,VALIDATED
ALIAS0000153,DRUG000421,Prochlorperazine,prochlorperazine,Prochlorperazine,medicines.csv,EXACT_CANONICAL_NAME,VALIDATED
ALIAS0000154,DRUG000422,Cyproheptadine,cyproheptadine,Cyproheptadine,medicines.csv,EXACT_CANONICAL_NAME,VALIDATED
ALIAS0000155,DRUG000425,Allopurinol,allopurinol,Allopurinol,medicines.csv,EXACT_CANONICAL_NAME,VALIDATED
ALIAS0000156,DRUG000426,Ceftazidime,ceftazidime,Ceftazidime,medicines.csv,EXACT_CANONICAL_NAME,VALIDATED
ALIAS0000157,DRUG000428,Trimethoprim,trimethoprim,Trimethoprim,DOSAGE,EXACT_COMPONENT_OR_BASE,VALIDATED
ALIAS0000158,DRUG000429,Gemcitabine,gemcitabine,Gemcitabine,medicines.csv,EXACT_CANONICAL_NAME,VALIDATED
ALIAS0000159,DRUG000430,Entecavir,entecavir,Entecavir,medicines.csv,EXACT_CANONICAL_NAME,VALIDATED
ALIAS0000160,DRUG000431,Betamethasone,betamethasone,Betamethasone,medicines.csv,EXACT_CANONICAL_NAME,VALIDATED
ALIAS0000161,DRUG000433,Epirubicin,epirubicin,Epirubicin,medicines.csv,EXACT_CANONICAL_NAME,VALIDATED
ALIAS0000162,DRUG000434,Chloramphenicol,chloramphenicol,Chloramphenicol,medicines.csv,EXACT_CANONICAL_NAME,VALIDATED
ALIAS0000163,DRUG000436,Lansoprazole,lansoprazole,Lansoprazole,medicines.csv,EXACT_CANONICAL_NAME,VALIDATED
ALIAS0000164,DRUG000439,Levothyroxine,levothyroxine,Levothyroxine,medicines.csv,EXACT_CANONICAL_NAME,VALIDATED
ALIAS0000165,DRUG000440,Framycetin,framycetin,Framycetin,medicines.csv,EXACT_CANONICAL_NAME,VALIDATED
ALIAS0000166,DRUG000443,Loratadine,loratadine,Loratadine,medicines.csv,EXACT_CANONICAL_NAME,VALIDATED
ALIAS0000167,DRUG000445,Prazosin,prazosin,Prazosin,medicines.csv,EXACT_CANONICAL_NAME,VALIDATED
ALIAS0000168,DRUG000447,Acitretin,acitretin,Acitretin,medicines.csv,EXACT_CANONICAL_NAME,VALIDATED
ALIAS0000169,DRUG000453,Ketorolac,ketorolac,Ketorolac,medicines.csv,EXACT_CANONICAL_NAME,VALIDATED
ALIAS0000170,DRUG000456,Quinine,quinine,Quinine,medicines.csv,EXACT_CANONICAL_NAME,VALIDATED
ALIAS0000171,DRUG000459,Montelukast,montelukast,Montelukast,medicines.csv,EXACT_CANONICAL_NAME,VALIDATED
ALIAS0000172,DRUG000460,Fluoxetine,fluoxetine,Fluoxetine,medicines.csv,EXACT_CANONICAL_NAME,VALIDATED
ALIAS0000173,DRUG000464,Duloxetine,duloxetine,Duloxetine,medicines.csv,EXACT_CANONICAL_NAME,VALIDATED
ALIAS0000174,DRUG000465,Chlorpromazine,chlorpromazine,Chlorpromazine,medicines.csv,EXACT_CANONICAL_NAME,VALIDATED
ALIAS0000175,DRUG000467,Amikacin,amikacin,Amikacin,medicines.csv,EXACT_CANONICAL_NAME,VALIDATED
ALIAS0000176,DRUG000468,Lenalidomide,lenalidomide,Lenalidomide,medicines.csv,EXACT_CANONICAL_NAME,VALIDATED
ALIAS0000177,DRUG000470,Celecoxib,celecoxib,Celecoxib,medicines.csv,EXACT_CANONICAL_NAME,VALIDATED
ALIAS0000178,DRUG000472,Brimonidine,brimonidine,Brimonidine,medicines.csv,EXACT_CANONICAL_NAME,VALIDATED
ALIAS0000179,DRUG000473,Dicloxacillin,dicloxacillin,Dicloxacillin,medicines.csv,EXACT_CANONICAL_NAME,VALIDATED
ALIAS0000180,DRUG000481,Cefotaxime,cefotaxime,Cefotaxime,medicines.csv,EXACT_CANONICAL_NAME,VALIDATED
ALIAS0000181,DRUG000482,Entacapone,entacapone,Entacapone,medicines.csv,EXACT_CANONICAL_NAME,VALIDATED
ALIAS0000182,DRUG000483,Zidovudine,zidovudine,Zidovudine,medicines.csv,EXACT_CANONICAL_NAME,VALIDATED
ALIAS0000183,DRUG000484,Darifenacin,darifenacin,Darifenacin,medicines.csv,EXACT_CANONICAL_NAME,VALIDATED
ALIAS0000184,DRUG000487,Flutamide,flutamide,Flutamide,medicines.csv,EXACT_CANONICAL_NAME,VALIDATED
ALIAS0000185,DRUG000491,Ritonavir,ritonavir,Ritonavir,medicines.csv,EXACT_CANONICAL_NAME,VALIDATED
ALIAS0000186,DRUG000494,Nitazoxanide,nitazoxanide,Nitazoxanide,medicines.csv,EXACT_CANONICAL_NAME,VALIDATED
ALIAS0000187,DRUG000498,Vancomycin,vancomycin,Vancomycin,medicines.csv,EXACT_CANONICAL_NAME,VALIDATED
ALIAS0000188,DRUG000500,Dextromethorphan,dextromethorphan,Dextromethorphan,medicines.csv,EXACT_CANONICAL_NAME,VALIDATED
ALIAS0000189,DRUG000504,Albendazole,albendazole,Albendazole,medicines.csv,EXACT_CANONICAL_NAME,VALIDATED
ALIAS0000190,DRUG000511,Tolnaftate,tolnaftate,Tolnaftate,medicines.csv,EXACT_CANONICAL_NAME,VALIDATED
ALIAS0000191,DRUG000512,Oxaliplatin,oxaliplatin,Oxaliplatin,medicines.csv,EXACT_CANONICAL_NAME,VALIDATED
ALIAS0000192,DRUG000513,Cinchocaine,cinchocaine,Cinchocaine,medicines.csv,EXACT_CANONICAL_NAME,VALIDATED
ALIAS0000193,DRUG000516,Erlotinib,erlotinib,Erlotinib,medicines.csv,EXACT_CANONICAL_NAME,VALIDATED
ALIAS0000194,DRUG000517,Cyclophosphamide,cyclophosphamide,Cyclophosphamide,medicines.csv,EXACT_CANONICAL_NAME,VALIDATED
ALIAS0000195,DRUG000521,Cefdinir,cefdinir,Cefdinir,medicines.csv,EXACT_CANONICAL_NAME,VALIDATED
ALIAS0000196,DRUG000523,Ciprofloxacin,ciprofloxacin,Ciprofloxacin,DOSAGE,EXACT_COMPONENT_OR_BASE,VALIDATED
ALIAS0000197,DRUG000523,Ciprofloxacin Hydrochloride,ciprofloxacin hydrochloride,Ciprofloxacin,DOSAGE,EXACT_COMPONENT_OR_BASE,VALIDATED
ALIAS0000198,DRUG000526,Nortriptyline,nortriptyline,Nortriptyline,medicines.csv,EXACT_CANONICAL_NAME,VALIDATED
ALIAS0000199,DRUG000530,Fluorouracil,fluorouracil,Fluorouracil,medicines.csv,EXACT_CANONICAL_NAME,VALIDATED
ALIAS0000200,DRUG000531,Pyridostigmine,pyridostigmine,Pyridostigmine,medicines.csv,EXACT_CANONICAL_NAME,VALIDATED
ALIAS0000201,DRUG000533,Desoximetasone,desoximetasone,Desoximetasone,medicines.csv,EXACT_CANONICAL_NAME,VALIDATED
ALIAS0000202,DRUG000534,Azelaic Acid,azelaic acid,Azelaic acid,medicines.csv,EXACT_CANONICAL_NAME,VALIDATED
ALIAS0000203,DRUG000536,Propylthiouracil,propylthiouracil,Propylthiouracil,medicines.csv,EXACT_CANONICAL_NAME,VALIDATED
ALIAS0000204,DRUG000539,Methoxsalen,methoxsalen,Methoxsalen,medicines.csv,EXACT_CANONICAL_NAME,VALIDATED
ALIAS0000205,DRUG000540,Piroxicam,piroxicam,Piroxicam,medicines.csv,EXACT_CANONICAL_NAME,VALIDATED
ALIAS0000206,DRUG000541,Lamotrigine,lamotrigine,Lamotrigine,medicines.csv,EXACT_CANONICAL_NAME,VALIDATED
ALIAS0000207,DRUG000543,Hydroxyzine,hydroxyzine,Hydroxyzine,medicines.csv,EXACT_CANONICAL_NAME,VALIDATED
ALIAS0000208,DRUG000545,Bosentan,bosentan,Bosentan,medicines.csv,EXACT_CANONICAL_NAME,VALIDATED
ALIAS0000209,DRUG000549,Methotrexate,methotrexate,Methotrexate,medicines.csv,EXACT_CANONICAL_NAME,VALIDATED
ALIAS0000210,DRUG000550,Carbamazepine,carbamazepine,Carbamazepine,medicines.csv,EXACT_CANONICAL_NAME,VALIDATED
ALIAS0000211,DRUG000553,Cephalexin,cephalexin,Cephalexin,medicines.csv,EXACT_CANONICAL_NAME,VALIDATED
ALIAS0000212,DRUG000554,Cinnarizine,cinnarizine,Cinnarizine,medicines.csv,EXACT_CANONICAL_NAME,VALIDATED
ALIAS0000213,DRUG000555,Fondaparinux,fondaparinux,Fondaparinux,medicines.csv,EXACT_CANONICAL_NAME,VALIDATED
ALIAS0000214,DRUG000557,Propranolol,propranolol,Propranolol,medicines.csv,EXACT_CANONICAL_NAME,VALIDATED
ALIAS0000215,DRUG000558,Atropine,atropine,Atropine,medicines.csv,EXACT_CANONICAL_NAME,VALIDATED
ALIAS0000216,DRUG000561,Clonidine,clonidine,Clonidine,medicines.csv,EXACT_CANONICAL_NAME,VALIDATED
ALIAS0000217,DRUG000567,Lactulose,lactulose,Lactulose,medicines.csv,EXACT_CANONICAL_NAME,VALIDATED
ALIAS0000218,DRUG000568,Voriconazole,voriconazole,Voriconazole,medicines.csv,EXACT_CANONICAL_NAME,VALIDATED
ALIAS0000219,DRUG000570,Enalapril,enalapril,Enalapril,medicines.csv,EXACT_CANONICAL_NAME,VALIDATED
ALIAS0000220,DRUG000572,Diclofenac,diclofenac,Diclofenac,medicines.csv,EXACT_CANONICAL_NAME,VALIDATED
ALIAS0000221,DRUG000578,Piperazine,piperazine,Piperazine,medicines.csv,EXACT_CANONICAL_NAME,VALIDATED
ALIAS0000222,DRUG000579,Ethosuximide,ethosuximide,Ethosuximide,medicines.csv,EXACT_CANONICAL_NAME,VALIDATED
ALIAS0000223,DRUG000580,Amiloride,amiloride,Amiloride,medicines.csv,EXACT_CANONICAL_NAME,VALIDATED
ALIAS0000224,DRUG000584,Labetalol,labetalol,Labetalol,medicines.csv,EXACT_CANONICAL_NAME,VALIDATED
ALIAS0000225,DRUG000586,Monobenzone,monobenzone,Monobenzone,medicines.csv,EXACT_CANONICAL_NAME,VALIDATED
ALIAS0000226,DRUG000587,Linezolid,linezolid,Linezolid,medicines.csv,EXACT_CANONICAL_NAME,VALIDATED
ALIAS0000227,DRUG000588,Ivermectin,ivermectin,Ivermectin,medicines.csv,EXACT_CANONICAL_NAME,VALIDATED
ALIAS0000228,DRUG000594,Chloroquine,chloroquine,Chloroquine,medicines.csv,EXACT_CANONICAL_NAME,VALIDATED
ALIAS0000229,DRUG000598,Bisoprolol,bisoprolol,Bisoprolol,medicines.csv,EXACT_CANONICAL_NAME,VALIDATED
ALIAS0000230,DRUG000600,Furazolidone,furazolidone,Furazolidone,medicines.csv,EXACT_CANONICAL_NAME,VALIDATED
ALIAS0000231,DRUG000604,Demeclocycline,demeclocycline,Demeclocycline,DOSAGE,EXACT_COMPONENT_OR_BASE,VALIDATED
ALIAS0000232,DRUG000604,Demeclocycline Hydrochloride,demeclocycline hydrochloride,Demeclocycline,DOSAGE,EXACT_COMPONENT_OR_BASE,VALIDATED
ALIAS0000233,DRUG000605,Imatinib,imatinib,Imatinib,medicines.csv,EXACT_CANONICAL_NAME,VALIDATED
ALIAS0000234,DRUG000606,Triamcinolone,triamcinolone,Triamcinolone,medicines.csv,EXACT_CANONICAL_NAME,VALIDATED
ALIAS0000235,DRUG000609,Fluphenazine,fluphenazine,Fluphenazine,medicines.csv,EXACT_CANONICAL_NAME,VALIDATED
ALIAS0000236,DRUG000610,Testosterone,testosterone,Testosterone,medicines.csv,EXACT_CANONICAL_NAME,VALIDATED
ALIAS0000237,DRUG000611,Efavirenz,efavirenz,Efavirenz,medicines.csv,EXACT_CANONICAL_NAME,VALIDATED
ALIAS0000238,DRUG000612,Bacitracin,bacitracin,Bacitracin,medicines.csv,EXACT_CANONICAL_NAME,VALIDATED
ALIAS0000239,DRUG000613,Niacin,niacin,Niacin,medicines.csv,EXACT_CANONICAL_NAME,VALIDATED
ALIAS0000240,DRUG000616,Alendronic Acid,alendronic acid,Alendronic acid,medicines.csv,EXACT_CANONICAL_NAME,VALIDATED
ALIAS0000241,DRUG000624,Inulin,inulin,Inulin,medicines.csv,EXACT_CANONICAL_NAME,VALIDATED
ALIAS0000242,DRUG000626,Adenosine,adenosine,Adenosine,medicines.csv,EXACT_CANONICAL_NAME,VALIDATED
ALIAS0000243,DRUG000627,Simvastatin,simvastatin,Simvastatin,medicines.csv,EXACT_CANONICAL_NAME,VALIDATED
ALIAS0000244,DRUG000628,Pemetrexed,pemetrexed,Pemetrexed,medicines.csv,EXACT_CANONICAL_NAME,VALIDATED
ALIAS0000245,DRUG000629,Mebendazole,mebendazole,Mebendazole,medicines.csv,EXACT_CANONICAL_NAME,VALIDATED
ALIAS0000246,DRUG000636,Leucovorin Calcium,leucovorin calcium,Leucovorin,medicines.csv,FORM_TO_EXACT_BASE,VALIDATED
ALIAS0000247,DRUG000640,Latanoprost,latanoprost,Latanoprost,medicines.csv,EXACT_CANONICAL_NAME,VALIDATED
ALIAS0000248,DRUG000642,Trazodone,trazodone,Trazodone,medicines.csv,EXACT_CANONICAL_NAME,VALIDATED
ALIAS0000249,DRUG000644,Sevelamer,sevelamer,Sevelamer,medicines.csv,EXACT_CANONICAL_NAME,VALIDATED
ALIAS0000250,DRUG000645,Acamprosate,acamprosate,Acamprosate,medicines.csv,EXACT_CANONICAL_NAME,VALIDATED
ALIAS0000251,DRUG000646,Metaxalone,metaxalone,Metaxalone,medicines.csv,EXACT_CANONICAL_NAME,VALIDATED
ALIAS0000252,DRUG000647,Verapamil,verapamil,Verapamil,medicines.csv,EXACT_CANONICAL_NAME,VALIDATED
ALIAS0000253,DRUG000654,Sumatriptan,sumatriptan,Sumatriptan,medicines.csv,EXACT_CANONICAL_NAME,VALIDATED
ALIAS0000254,DRUG000656,Cefixime,cefixime,Cefixime,medicines.csv,EXACT_CANONICAL_NAME,VALIDATED
ALIAS0000255,DRUG000658,Aprepitant,aprepitant,Aprepitant,medicines.csv,EXACT_CANONICAL_NAME,VALIDATED
ALIAS0000256,DRUG000659,Galantamine,galantamine,Galantamine,medicines.csv,EXACT_CANONICAL_NAME,VALIDATED
ALIAS0000257,DRUG000660,Tamoxifen,tamoxifen,Tamoxifen,medicines.csv,EXACT_CANONICAL_NAME,VALIDATED
ALIAS0000258,DRUG000663,Losartan,losartan,Losartan,medicines.csv,EXACT_CANONICAL_NAME,VALIDATED
ALIAS0000259,DRUG000664,Thioridazine,thioridazine,Thioridazine,medicines.csv,EXACT_CANONICAL_NAME,VALIDATED
ALIAS0000260,DRUG000666,Amphotericin B,amphotericin b,Amphotericin B,medicines.csv,EXACT_CANONICAL_NAME,VALIDATED
ALIAS0000261,DRUG000667,Warfarin,warfarin,Warfarin,medicines.csv,EXACT_CANONICAL_NAME,VALIDATED
ALIAS0000262,DRUG000669,Tobramycin,tobramycin,Tobramycin,medicines.csv,EXACT_CANONICAL_NAME,VALIDATED
ALIAS0000263,DRUG000671,Pentosan Polysulfate Sodium,pentosan polysulfate sodium,Pentosan polysulfate,medicines.csv,FORM_TO_EXACT_BASE,VALIDATED
ALIAS0000264,DRUG000672,Fludrocortisone,fludrocortisone,Fludrocortisone,medicines.csv,EXACT_CANONICAL_NAME,VALIDATED
ALIAS0000265,DRUG000673,Mycophenolate Mofetil,mycophenolate mofetil,Mycophenolate mofetil,medicines.csv,EXACT_CANONICAL_NAME,VALIDATED
ALIAS0000266,DRUG000679,Daunorubicin,daunorubicin,Daunorubicin,medicines.csv,EXACT_CANONICAL_NAME,VALIDATED
ALIAS0000267,DRUG000680,Furosemide,furosemide,Furosemide,medicines.csv,EXACT_CANONICAL_NAME,VALIDATED
ALIAS0000268,DRUG000681,Ergotamine,ergotamine,Ergotamine,medicines.csv,EXACT_CANONICAL_NAME,VALIDATED
ALIAS0000269,DRUG000682,Tizanidine,tizanidine,Tizanidine,medicines.csv,EXACT_CANONICAL_NAME,VALIDATED
ALIAS0000270,DRUG000683,Nitrofurantoin,nitrofurantoin,Nitrofurantoin,DOSAGE,EXACT_COMPONENT_OR_BASE,VALIDATED
ALIAS0000271,DRUG000684,Nicergoline,nicergoline,Nicergoline,medicines.csv,EXACT_CANONICAL_NAME,VALIDATED
ALIAS0000272,DRUG000685,Eplerenone,eplerenone,Eplerenone,medicines.csv,EXACT_CANONICAL_NAME,VALIDATED
ALIAS0000273,DRUG000689,Naltrexone,naltrexone,Naltrexone,medicines.csv,EXACT_CANONICAL_NAME,VALIDATED
ALIAS0000274,DRUG000691,Tamsulosin,tamsulosin,Tamsulosin,medicines.csv,EXACT_CANONICAL_NAME,VALIDATED
ALIAS0000275,DRUG000694,Lamivudine,lamivudine,Lamivudine,medicines.csv,EXACT_CANONICAL_NAME,VALIDATED
ALIAS0000276,DRUG000696,Diethylcarbamazine,diethylcarbamazine,Diethylcarbamazine,medicines.csv,EXACT_CANONICAL_NAME,VALIDATED
ALIAS0000277,DRUG000697,Flurbiprofen,flurbiprofen,Flurbiprofen,medicines.csv,EXACT_CANONICAL_NAME,VALIDATED
ALIAS0000278,DRUG000700,Paroxetine,paroxetine,Paroxetine,medicines.csv,EXACT_CANONICAL_NAME,VALIDATED
ALIAS0000279,DRUG000702,Norethisterone,norethisterone,Norethisterone,medicines.csv,EXACT_CANONICAL_NAME,VALIDATED
ALIAS0000280,DRUG000706,Procaine,procaine,Procaine,medicines.csv,EXACT_CANONICAL_NAME,VALIDATED
ALIAS0000281,DRUG000707,Lisinopril,lisinopril,Lisinopril,medicines.csv,EXACT_CANONICAL_NAME,VALIDATED
ALIAS0000282,DRUG000709,Imiquimod,imiquimod,Imiquimod,medicines.csv,EXACT_CANONICAL_NAME,VALIDATED
ALIAS0000283,DRUG000712,Nitroglycerin,nitroglycerin,Nitroglycerin,medicines.csv,EXACT_CANONICAL_NAME,VALIDATED
ALIAS0000284,DRUG000717,Pralidoxime,pralidoxime,Pralidoxime,medicines.csv,EXACT_CANONICAL_NAME,VALIDATED
ALIAS0000285,DRUG000718,Risperidone,risperidone,Risperidone,medicines.csv,EXACT_CANONICAL_NAME,VALIDATED
ALIAS0000286,DRUG000719,Naftifine,naftifine,Naftifine,medicines.csv,EXACT_CANONICAL_NAME,VALIDATED
ALIAS0000287,DRUG000720,Esomeprazole,esomeprazole,Esomeprazole,medicines.csv,EXACT_CANONICAL_NAME,VALIDATED
ALIAS0000288,DRUG000721,Meclizine,meclizine,Meclizine,medicines.csv,EXACT_CANONICAL_NAME,VALIDATED
ALIAS0000289,DRUG000725,Hydrocortisone,hydrocortisone,Hydrocortisone,medicines.csv,EXACT_CANONICAL_NAME,VALIDATED
ALIAS0000290,DRUG000726,Mannitol,mannitol,Mannitol,medicines.csv,EXACT_CANONICAL_NAME,VALIDATED
ALIAS0000291,DRUG000733,)Etodolac,)etodolac,Etodolac,medicines.csv,EXACT_CANONICAL_NAME,VALIDATED
ALIAS0000292,DRUG000733,Etodolac,etodolac,Etodolac,medicines.csv,EXACT_CANONICAL_NAME,VALIDATED
ALIAS0000293,DRUG000734,Prilocaine,prilocaine,Prilocaine,medicines.csv,EXACT_CANONICAL_NAME,VALIDATED
ALIAS0000294,DRUG000736,Tranylcypromine,tranylcypromine,Tranylcypromine,medicines.csv,EXACT_CANONICAL_NAME,VALIDATED
ALIAS0000295,DRUG000739,Tretinoin,tretinoin,Tretinoin,medicines.csv,EXACT_CANONICAL_NAME,VALIDATED
ALIAS0000296,DRUG000742,Clopidogrel,clopidogrel,Clopidogrel,medicines.csv,EXACT_CANONICAL_NAME,VALIDATED
ALIAS0000297,DRUG000743,Tetracycline,tetracycline,Tetracycline,DOSAGE,EXACT_COMPONENT_OR_BASE,VALIDATED
ALIAS0000298,DRUG000743,Tetracycline Hydrochloride,tetracycline hydrochloride,Tetracycline,DOSAGE,EXACT_COMPONENT_OR_BASE,VALIDATED
ALIAS0000299,DRUG000744,Meropenem,meropenem,Meropenem,medicines.csv,EXACT_CANONICAL_NAME,VALIDATED
ALIAS0000300,DRUG000745,Potassium Chloride,potassium chloride,Potassium chloride,medicines.csv,EXACT_CANONICAL_NAME,VALIDATED
ALIAS0000301,DRUG000746,Irinotecan,irinotecan,Irinotecan,medicines.csv,EXACT_CANONICAL_NAME,VALIDATED
ALIAS0000302,DRUG000747,Methimazole,methimazole,Methimazole,medicines.csv,EXACT_CANONICAL_NAME,VALIDATED
ALIAS0000303,DRUG000748,Mometasone,mometasone,Mometasone,medicines.csv,EXACT_CANONICAL_NAME,VALIDATED
ALIAS0000304,DRUG000750,Clavulanic Acid,clavulanic acid,Clavulanic acid,DOSAGE,EXACT_COMPONENT_OR_BASE,VALIDATED
ALIAS0000305,DRUG000752,Olopatadine,olopatadine,Olopatadine,medicines.csv,EXACT_CANONICAL_NAME,VALIDATED
ALIAS0000306,DRUG000757,Etoposide,etoposide,Etoposide,medicines.csv,EXACT_CANONICAL_NAME,VALIDATED
ALIAS0000307,DRUG000759,Tirofiban,tirofiban,Tirofiban,medicines.csv,EXACT_CANONICAL_NAME,VALIDATED
ALIAS0000308,DRUG000760,Oxcarbazepine,oxcarbazepine,Oxcarbazepine,medicines.csv,EXACT_CANONICAL_NAME,VALIDATED
ALIAS0000309,DRUG000765,Polymyxin B,polymyxin b,Polymyxin B,medicines.csv,EXACT_CANONICAL_NAME,VALIDATED
ALIAS0000310,DRUG000767,Estradiol,estradiol,Estradiol,medicines.csv,EXACT_CANONICAL_NAME,VALIDATED
ALIAS0000311,DRUG000768,Mefenamic Acid,mefenamic acid,Mefenamic acid,medicines.csv,EXACT_CANONICAL_NAME,VALIDATED
ALIAS0000312,DRUG000771,Acyclovir,acyclovir,Acyclovir,medicines.csv,EXACT_CANONICAL_NAME,VALIDATED
ALIAS0000313,DRUG000772,Naproxen,naproxen,Naproxen,medicines.csv,EXACT_CANONICAL_NAME,VALIDATED
ALIAS0000314,DRUG000774,Perindopril,perindopril,Perindopril,medicines.csv,EXACT_CANONICAL_NAME,VALIDATED
ALIAS0000315,DRUG000779,Sulfasalazine,sulfasalazine,Sulfasalazine,medicines.csv,EXACT_CANONICAL_NAME,VALIDATED
ALIAS0000316,DRUG000782,Gentamicin,gentamicin,Gentamicin,medicines.csv,EXACT_CANONICAL_NAME,VALIDATED
ALIAS0000317,DRUG000783,Tazarotene,tazarotene,Tazarotene,medicines.csv,EXACT_CANONICAL_NAME,VALIDATED
ALIAS0000318,DRUG000787,Colistin,colistin,Colistin,medicines.csv,EXACT_CANONICAL_NAME,VALIDATED
ALIAS0000319,DRUG000788,Dicyclomine,dicyclomine,Dicyclomine,medicines.csv,EXACT_CANONICAL_NAME,VALIDATED
ALIAS0000320,DRUG000790,Pentoxifylline,pentoxifylline,Pentoxifylline,medicines.csv,EXACT_CANONICAL_NAME,VALIDATED
ALIAS0000321,DRUG000791,Proparacaine,proparacaine,Proparacaine,medicines.csv,EXACT_CANONICAL_NAME,VALIDATED
ALIAS0000322,DRUG000792,Indapamide,indapamide,Indapamide,medicines.csv,EXACT_CANONICAL_NAME,VALIDATED
ALIAS0000323,DRUG000793,Tropicamide,tropicamide,Tropicamide,medicines.csv,EXACT_CANONICAL_NAME,VALIDATED
ALIAS0000324,DRUG000798,Meloxicam,meloxicam,Meloxicam,medicines.csv,EXACT_CANONICAL_NAME,VALIDATED
ALIAS0000325,DRUG000799,Sodium Lauryl Sulfate,sodium lauryl sulfate,Sodium lauryl sulfate,medicines.csv,EXACT_CANONICAL_NAME,VALIDATED
ALIAS0000326,DRUG000800,Orciprenaline,orciprenaline,Orciprenaline,medicines.csv,EXACT_CANONICAL_NAME,VALIDATED
ALIAS0000327,DRUG000803,Acetazolamide,acetazolamide,Acetazolamide,medicines.csv,EXACT_CANONICAL_NAME,VALIDATED
ALIAS0000328,DRUG000804,Tadalafil,tadalafil,Tadalafil,medicines.csv,EXACT_CANONICAL_NAME,VALIDATED
ALIAS0000329,DRUG000806,Disulfiram,disulfiram,Disulfiram,medicines.csv,EXACT_CANONICAL_NAME,VALIDATED
ALIAS0000330,DRUG000810,Natamycin,natamycin,Natamycin,medicines.csv,EXACT_CANONICAL_NAME,VALIDATED
ALIAS0000331,DRUG000812,Fosfomycin,fosfomycin,Fosfomycin,medicines.csv,EXACT_CANONICAL_NAME,VALIDATED
ALIAS0000332,DRUG000815,Trifluoperazine,trifluoperazine,Trifluoperazine,medicines.csv,EXACT_CANONICAL_NAME,VALIDATED
ALIAS0000333,DRUG000817,Cefaclor,cefaclor,Cefaclor,medicines.csv,EXACT_CANONICAL_NAME,VALIDATED
ALIAS0000334,DRUG000820,Loperamide,loperamide,Loperamide,medicines.csv,EXACT_CANONICAL_NAME,VALIDATED
ALIAS0000335,DRUG000827,Donepezil,donepezil,Donepezil,medicines.csv,EXACT_CANONICAL_NAME,VALIDATED
ALIAS0000336,DRUG000829,Clofazimine,clofazimine,Clofazimine,medicines.csv,EXACT_CANONICAL_NAME,VALIDATED
ALIAS0000337,DRUG000832,Levamisole,levamisole,Levamisole,medicines.csv,EXACT_CANONICAL_NAME,VALIDATED
ALIAS0000338,DRUG000836,PSEUDOEPHEDRINE,pseudoephedrine,Pseudoephedrine,medicines.csv,EXACT_CANONICAL_NAME,VALIDATED
ALIAS0000339,DRUG000837,Temozolomide,temozolomide,Temozolomide,medicines.csv,EXACT_CANONICAL_NAME,VALIDATED
ALIAS0000340,DRUG000841,Terbinafine,terbinafine,Terbinafine,medicines.csv,EXACT_CANONICAL_NAME,VALIDATED
ALIAS0000341,DRUG000843,Penicillamine,penicillamine,Penicillamine,medicines.csv,EXACT_CANONICAL_NAME,VALIDATED
ALIAS0000342,DRUG000844,Prednisolone,prednisolone,Prednisolone,medicines.csv,EXACT_CANONICAL_NAME,VALIDATED
ALIAS0000343,DRUG000846,Vardenafil,vardenafil,Vardenafil,medicines.csv,EXACT_CANONICAL_NAME,VALIDATED
ALIAS0000344,DRUG000847,Ranitidine,ranitidine,Ranitidine,medicines.csv,EXACT_CANONICAL_NAME,VALIDATED
ALIAS0000345,DRUG000848,Tacrolimus,tacrolimus,Tacrolimus,medicines.csv,EXACT_CANONICAL_NAME,VALIDATED
ALIAS0000346,DRUG000851,Ritodrine,ritodrine,Ritodrine,medicines.csv,EXACT_CANONICAL_NAME,VALIDATED
ALIAS0000347,DRUG000852,Benzonatate,benzonatate,Benzonatate,medicines.csv,EXACT_CANONICAL_NAME,VALIDATED
ALIAS0000348,DRUG000853,Dorzolamide,dorzolamide,Dorzolamide,medicines.csv,EXACT_CANONICAL_NAME,VALIDATED
ALIAS0000349,DRUG000855,Terbutaline,terbutaline,Terbutaline,medicines.csv,EXACT_CANONICAL_NAME,VALIDATED
ALIAS0000350,DRUG000857,Loteprednol,loteprednol,Loteprednol,medicines.csv,EXACT_CANONICAL_NAME,VALIDATED
ALIAS0000351,DRUG000858,Guaifenesin,guaifenesin,Guaifenesin,medicines.csv,EXACT_CANONICAL_NAME,VALIDATED
ALIAS0000352,DRUG000861,Sirolimus,sirolimus,Sirolimus,medicines.csv,EXACT_CANONICAL_NAME,VALIDATED
ALIAS0000353,DRUG000862,Chlorhexidine,chlorhexidine,Chlorhexidine,medicines.csv,EXACT_CANONICAL_NAME,VALIDATED
ALIAS0000354,DRUG000863,Emtricitabine,emtricitabine,Emtricitabine,medicines.csv,EXACT_CANONICAL_NAME,VALIDATED
ALIAS0000355,DRUG000866,Clomifene,clomifene,Clomifene,medicines.csv,EXACT_CANONICAL_NAME,VALIDATED
ALIAS0000356,DRUG000867,Isosorbide Dinitrate,isosorbide dinitrate,Isosorbide dinitrate,medicines.csv,EXACT_CANONICAL_NAME,VALIDATED
ALIAS0000357,DRUG000873,Granisetron,granisetron,Granisetron,medicines.csv,EXACT_CANONICAL_NAME,VALIDATED
ALIAS0000358,DRUG000882,Ethanol,ethanol,Ethanol,medicines.csv,EXACT_CANONICAL_NAME,VALIDATED
ALIAS0000359,DRUG000888,Ondansetron,ondansetron,Ondansetron,medicines.csv,EXACT_CANONICAL_NAME,VALIDATED
ALIAS0000360,DRUG000889,Bimatoprost,bimatoprost,Bimatoprost,medicines.csv,EXACT_CANONICAL_NAME,VALIDATED
ALIAS0000361,DRUG000893,Zonisamide,zonisamide,Zonisamide,medicines.csv,EXACT_CANONICAL_NAME,VALIDATED
ALIAS0000362,DRUG000895,Tinidazole,tinidazole,Tinidazole,medicines.csv,EXACT_CANONICAL_NAME,VALIDATED
ALIAS0000363,DRUG000896,Repaglinide,repaglinide,Repaglinide,medicines.csv,EXACT_CANONICAL_NAME,VALIDATED
ALIAS0000364,DRUG000899,Amantadine,amantadine,Amantadine,medicines.csv,EXACT_CANONICAL_NAME,VALIDATED
ALIAS0000365,DRUG000900,Metronidazole,metronidazole,Metronidazole,medicines.csv,EXACT_CANONICAL_NAME,VALIDATED
ALIAS0000366,DRUG000902,Almotriptan,almotriptan,Almotriptan,medicines.csv,EXACT_CANONICAL_NAME,VALIDATED
ALIAS0000367,DRUG000904,Ketotifen,ketotifen,Ketotifen,medicines.csv,EXACT_CANONICAL_NAME,VALIDATED
ALIAS0000368,DRUG000908,Cyclobenzaprine,cyclobenzaprine,Cyclobenzaprine,medicines.csv,EXACT_CANONICAL_NAME,VALIDATED
ALIAS0000369,DRUG000911,Famotidine,famotidine,Famotidine,medicines.csv,EXACT_CANONICAL_NAME,VALIDATED
ALIAS0000370,DRUG000912,Azacitidine,azacitidine,Azacitidine,medicines.csv,EXACT_CANONICAL_NAME,VALIDATED
ALIAS0000371,DRUG000919,Oxymetazoline,oxymetazoline,Oxymetazoline,medicines.csv,EXACT_CANONICAL_NAME,VALIDATED
ALIAS0000372,DRUG000920,Salicylic Acid,salicylic acid,Salicylic acid,medicines.csv,EXACT_CANONICAL_NAME,VALIDATED
ALIAS0000373,DRUG000922,Salmeterol,salmeterol,Salmeterol,medicines.csv,EXACT_CANONICAL_NAME,VALIDATED
ALIAS0000374,DRUG000934,Fexofenadine,fexofenadine,Fexofenadine,medicines.csv,EXACT_CANONICAL_NAME,VALIDATED
ALIAS0000375,DRUG000935,Isoniazid,isoniazid,Isoniazid,DOSAGE,EXACT_COMPONENT_OR_BASE,VALIDATED
ALIAS0000376,DRUG000937,Rizatriptan,rizatriptan,Rizatriptan,medicines.csv,EXACT_CANONICAL_NAME,VALIDATED
ALIAS0000377,DRUG000942,Carboplatin,carboplatin,Carboplatin,medicines.csv,EXACT_CANONICAL_NAME,VALIDATED
ALIAS0000378,DRUG000943,Methylprednisolone,methylprednisolone,Methylprednisolone,medicines.csv,EXACT_CANONICAL_NAME,VALIDATED
ALIAS0000379,DRUG000947,Bromfenac,bromfenac,Bromfenac,medicines.csv,EXACT_CANONICAL_NAME,VALIDATED
ALIAS0000380,DRUG000950,Telmisartan,telmisartan,Telmisartan,medicines.csv,EXACT_CANONICAL_NAME,VALIDATED
ALIAS0000381,DRUG000951,Desloratadine,desloratadine,Desloratadine,medicines.csv,EXACT_CANONICAL_NAME,VALIDATED
ALIAS0000382,DRUG000955,Selenium Sulfide,selenium sulfide,Selenium Sulfide,medicines.csv,EXACT_CANONICAL_NAME,VALIDATED
ALIAS0000383,DRUG000956,Azelastine,azelastine,Azelastine,medicines.csv,EXACT_CANONICAL_NAME,VALIDATED
ALIAS0000384,DRUG000957,Ezetimibe,ezetimibe,Ezetimibe,medicines.csv,EXACT_CANONICAL_NAME,VALIDATED
ALIAS0000385,DRUG000959,Dipyridamole,dipyridamole,Dipyridamole,medicines.csv,EXACT_CANONICAL_NAME,VALIDATED
ALIAS0000386,DRUG000961,Ethinylestradiol,ethinylestradiol,Ethinylestradiol,medicines.csv,EXACT_CANONICAL_NAME,VALIDATED
ALIAS0000387,DRUG000963,Cyclopentolate,cyclopentolate,Cyclopentolate,medicines.csv,EXACT_CANONICAL_NAME,VALIDATED
ALIAS0000388,DRUG000966,Isotretinoin,isotretinoin,Isotretinoin,medicines.csv,EXACT_CANONICAL_NAME,VALIDATED
ALIAS0000389,DRUG000967,Formoterol,formoterol,Formoterol,medicines.csv,EXACT_CANONICAL_NAME,VALIDATED
ALIAS0000390,DRUG000969,Dimenhydrinate,dimenhydrinate,Dimenhydrinate,medicines.csv,EXACT_CANONICAL_NAME,VALIDATED
ALIAS0000391,DRUG000970,Glycopyrronium,glycopyrronium,Glycopyrronium,medicines.csv,EXACT_CANONICAL_NAME,VALIDATED
ALIAS0000392,DRUG000971,Cytarabine,cytarabine,Cytarabine,medicines.csv,EXACT_CANONICAL_NAME,VALIDATED
ALIAS0000393,DRUG000972,Dopamine,dopamine,Dopamine,medicines.csv,EXACT_CANONICAL_NAME,VALIDATED
ALIAS0000394,DRUG000973,Rivastigmine,rivastigmine,Rivastigmine,medicines.csv,EXACT_CANONICAL_NAME,VALIDATED
ALIAS0000395,DRUG000974,Exemestane,exemestane,Exemestane,medicines.csv,EXACT_CANONICAL_NAME,VALIDATED
ALIAS0000396,DRUG000977,Azathioprine,azathioprine,Azathioprine,medicines.csv,EXACT_CANONICAL_NAME,VALIDATED
ALIAS0000397,DRUG000978,Neomycin,neomycin,Neomycin,medicines.csv,EXACT_CANONICAL_NAME,VALIDATED
ALIAS0000398,DRUG000980,Gabapentin,gabapentin,Gabapentin,medicines.csv,EXACT_CANONICAL_NAME,VALIDATED
ALIAS0000399,DRUG000983,Hydrochlorothiazide,hydrochlorothiazide,Hydrochlorothiazide,medicines.csv,EXACT_CANONICAL_NAME,VALIDATED
ALIAS0000400,DRUG000985,Salbutamol,salbutamol,Salbutamol,medicines.csv,EXACT_CANONICAL_NAME,VALIDATED
ALIAS0000401,DRUG000988,Ganciclovir,ganciclovir,Ganciclovir,medicines.csv,EXACT_CANONICAL_NAME,VALIDATED
ALIAS0000402,DRUG000989,Hydroxyurea,hydroxyurea,Hydroxyurea,medicines.csv,EXACT_CANONICAL_NAME,VALIDATED
ALIAS0000403,DRUG000990,Letrozole,letrozole,Letrozole,medicines.csv,EXACT_CANONICAL_NAME,VALIDATED
ALIAS0000404,DRUG000993,Ketoprofen,ketoprofen,Ketoprofen,medicines.csv,EXACT_CANONICAL_NAME,VALIDATED
ALIAS0000405,DRUG000996,Cinacalcet,cinacalcet,Cinacalcet,medicines.csv,EXACT_CANONICAL_NAME,VALIDATED
ALIAS0000406,DRUG000997,Clobetasol Propionate,clobetasol propionate,Clobetasol propionate,medicines.csv,EXACT_CANONICAL_NAME,VALIDATED
ALIAS0000407,DRUG000999,Sulfamethoxazole,sulfamethoxazole,Sulfamethoxazole,medicines.csv,EXACT_CANONICAL_NAME,VALIDATED
ALIAS0000408,DRUG000999,Sulphamethoxazole,sulphamethoxazole,Sulfamethoxazole,medicines.csv,VERIFIED_SPELLING_ALIAS,VALIDATED
ALIAS0000409,DRUG001001,Minocycline,minocycline,Minocycline,medicines.csv,EXACT_CANONICAL_NAME,VALIDATED
ALIAS0000410,DRUG001003,Bethanechol,bethanechol,Bethanechol,medicines.csv,EXACT_CANONICAL_NAME,VALIDATED
ALIAS0000411,DRUG001004,Isosorbide Mononitrate,isosorbide mononitrate,Isosorbide mononitrate,medicines.csv,EXACT_CANONICAL_NAME,VALIDATED
ALIAS0000412,DRUG001006,Phylloquinone,phylloquinone,Phylloquinone,medicines.csv,EXACT_CANONICAL_NAME,VALIDATED
ALIAS0000413,DRUG001008,Mycophenolic Acid,mycophenolic acid,Mycophenolic acid,medicines.csv,EXACT_CANONICAL_NAME,VALIDATED
ALIAS0000414,DRUG001009,Amlexanox,amlexanox,Amlexanox,medicines.csv,EXACT_CANONICAL_NAME,VALIDATED
ALIAS0000415,DRUG001010,Ketoconazole,ketoconazole,Ketoconazole,medicines.csv,EXACT_CANONICAL_NAME,VALIDATED
ALIAS0000416,DRUG001012,Irbesartan,irbesartan,Irbesartan,medicines.csv,EXACT_CANONICAL_NAME,VALIDATED
ALIAS0000417,DRUG001016,Mercaptopurine,mercaptopurine,Mercaptopurine,medicines.csv,EXACT_CANONICAL_NAME,VALIDATED
ALIAS0000418,DRUG001019,Tolterodine,tolterodine,Tolterodine,medicines.csv,EXACT_CANONICAL_NAME,VALIDATED
ALIAS0000419,DRUG001020,Selegiline,selegiline,Selegiline,medicines.csv,EXACT_CANONICAL_NAME,VALIDATED
ALIAS0000420,DRUG001022,Fenofibrate,fenofibrate,Fenofibrate,medicines.csv,EXACT_CANONICAL_NAME,VALIDATED
ALIAS0000421,DRUG001023,Thalidomide,thalidomide,Thalidomide,medicines.csv,EXACT_CANONICAL_NAME,VALIDATED
ALIAS0000422,DRUG001024,Melphalan,melphalan,Melphalan,medicines.csv,EXACT_CANONICAL_NAME,VALIDATED
ALIAS0000423,DRUG001025,Memantine,memantine,Memantine,medicines.csv,EXACT_CANONICAL_NAME,VALIDATED
ALIAS0000424,DRUG001026,Gatifloxacin,gatifloxacin,Gatifloxacin,medicines.csv,EXACT_CANONICAL_NAME,VALIDATED
ALIAS0000425,DRUG001027,Rifampicin,rifampicin,Rifampicin,DOSAGE,EXACT_COMPONENT_OR_BASE,VALIDATED
ALIAS0000426,DRUG001027,Rifampin,rifampin,Rifampicin,DOSAGE,EXACT_COMPONENT_OR_BASE,VALIDATED
ALIAS0000427,DRUG001028,Lubiprostone,lubiprostone,Lubiprostone,medicines.csv,EXACT_CANONICAL_NAME,VALIDATED
ALIAS0000428,DRUG001030,Abacavir,abacavir,Abacavir,medicines.csv,EXACT_CANONICAL_NAME,VALIDATED
ALIAS0000429,DRUG001032,Ibuprofen,ibuprofen,Ibuprofen,medicines.csv,EXACT_CANONICAL_NAME,VALIDATED
ALIAS0000430,DRUG001039,Praziquantel,praziquantel,Praziquantel,medicines.csv,EXACT_CANONICAL_NAME,VALIDATED
ALIAS0000431,DRUG001040,Norfloxacin,norfloxacin,Norfloxacin,medicines.csv,EXACT_CANONICAL_NAME,VALIDATED
ALIAS0000432,DRUG001041,Amoxicillin,amoxicillin,Amoxicillin,DOSAGE,EXACT_COMPONENT_OR_BASE,VALIDATED
ALIAS0000433,DRUG001041,Amoxycillin,amoxycillin,Amoxicillin,medicines.csv,VERIFIED_SPELLING_ALIAS,VALIDATED
ALIAS0000434,DRUG001043,Oxybutynin,oxybutynin,Oxybutynin,medicines.csv,EXACT_CANONICAL_NAME,VALIDATED
ALIAS0000435,DRUG001046,Melatonin,melatonin,Melatonin,medicines.csv,EXACT_CANONICAL_NAME,VALIDATED
ALIAS0000436,DRUG001048,Glipizide,glipizide,Glipizide,medicines.csv,EXACT_CANONICAL_NAME,VALIDATED
ALIAS0000437,DRUG001050,Promethazine,promethazine,Promethazine,medicines.csv,EXACT_CANONICAL_NAME,VALIDATED
ALIAS0000438,DRUG001053,Atazanavir,atazanavir,Atazanavir,medicines.csv,EXACT_CANONICAL_NAME,VALIDATED
ALIAS0000439,DRUG001056,Diphenhydramine,diphenhydramine,Diphenhydramine,medicines.csv,EXACT_CANONICAL_NAME,VALIDATED
ALIAS0000440,DRUG001057,Atorvastatin,atorvastatin,Atorvastatin,medicines.csv,EXACT_CANONICAL_NAME,VALIDATED
ALIAS0000441,DRUG001061,Vigabatrin,vigabatrin,Vigabatrin,medicines.csv,EXACT_CANONICAL_NAME,VALIDATED
ALIAS0000442,DRUG001064,Orlistat,orlistat,Orlistat,medicines.csv,EXACT_CANONICAL_NAME,VALIDATED
ALIAS0000443,DRUG001066,Pilocarpine,pilocarpine,Pilocarpine,medicines.csv,EXACT_CANONICAL_NAME,VALIDATED
ALIAS0000444,DRUG001067,Benzocaine,benzocaine,Benzocaine,medicines.csv,EXACT_CANONICAL_NAME,VALIDATED
ALIAS0000445,DRUG001068,Primaquine,primaquine,Primaquine,medicines.csv,EXACT_CANONICAL_NAME,VALIDATED
ALIAS0000446,DRUG001072,Butenafine,butenafine,Butenafine,medicines.csv,EXACT_CANONICAL_NAME,VALIDATED
ALIAS0000447,DRUG001078,Leflunomide,leflunomide,Leflunomide,medicines.csv,EXACT_CANONICAL_NAME,VALIDATED
ALIAS0000448,DRUG001079,Rosuvastatin,rosuvastatin,Rosuvastatin,medicines.csv,EXACT_CANONICAL_NAME,VALIDATED
ALIAS0000449,DRUG001081,Pimozide,pimozide,Pimozide,medicines.csv,EXACT_CANONICAL_NAME,VALIDATED
ALIAS0000450,DRUG001082,Capecitabine,capecitabine,Capecitabine,medicines.csv,EXACT_CANONICAL_NAME,VALIDATED
ALIAS0000451,DRUG001085,Sertraline,sertraline,Sertraline,medicines.csv,EXACT_CANONICAL_NAME,VALIDATED
ALIAS0000452,DRUG001090,Heparin,heparin,Heparin,medicines.csv,EXACT_CANONICAL_NAME,VALIDATED
ALIAS0000453,DRUG001091,Miconazole,miconazole,Miconazole,medicines.csv,EXACT_CANONICAL_NAME,VALIDATED
ALIAS0000454,DRUG001092,Colistimethate,colistimethate,Colistimethate,medicines.csv,EXACT_CANONICAL_NAME,VALIDATED
ALIAS0000455,DRUG001093,Cefuroxime,cefuroxime,Cefuroxime,DOSAGE,EXACT_COMPONENT_OR_BASE,VALIDATED
ALIAS0000456,DRUG001095,Chlorpheniramine,chlorpheniramine,Chlorpheniramine,medicines.csv,EXACT_CANONICAL_NAME,VALIDATED
ALIAS0000457,DRUG001096,Nifedipine,nifedipine,Nifedipine,medicines.csv,EXACT_CANONICAL_NAME,VALIDATED
ALIAS0000458,DRUG001099,Amiodarone,amiodarone,Amiodarone,medicines.csv,EXACT_CANONICAL_NAME,VALIDATED
ALIAS0000459,DRUG001101,Gliclazide,gliclazide,Gliclazide,medicines.csv,EXACT_CANONICAL_NAME,VALIDATED
ALIAS0000460,DRUG001107,Dutasteride,dutasteride,Dutasteride,medicines.csv,EXACT_CANONICAL_NAME,VALIDATED
ALIAS0000461,DRUG001109,Bicalutamide,bicalutamide,Bicalutamide,medicines.csv,EXACT_CANONICAL_NAME,VALIDATED
ALIAS0000462,DRUG001110,Rabeprazole,rabeprazole,Rabeprazole,medicines.csv,EXACT_CANONICAL_NAME,VALIDATED
ALIAS0000463,DRUG001110,Rabeprazole Sodium,rabeprazole sodium,Rabeprazole,medicines.csv,FORM_TO_EXACT_BASE,VALIDATED
ALIAS0000464,DRUG001113,Pioglitazone,pioglitazone,Pioglitazone,medicines.csv,EXACT_CANONICAL_NAME,VALIDATED
ALIAS0000465,DRUG001117,Carvedilol,carvedilol,Carvedilol,medicines.csv,EXACT_CANONICAL_NAME,VALIDATED
ALIAS0000466,DRUG001118,Levofloxacin,levofloxacin,Levofloxacin,medicines.csv,EXACT_CANONICAL_NAME,VALIDATED
ALIAS0000467,DRUG001121,Cefadroxil,cefadroxil,Cefadroxil,medicines.csv,EXACT_CANONICAL_NAME,VALIDATED
ALIAS0000468,DRUG001122,Micafungin,micafungin,Micafungin,medicines.csv,EXACT_CANONICAL_NAME,VALIDATED
ALIAS0000469,DRUG001123,Doxepin,doxepin,Doxepin,medicines.csv,EXACT_CANONICAL_NAME,VALIDATED
ALIAS0000470,DRUG001128,Cloxacillin,cloxacillin,Cloxacillin,medicines.csv,EXACT_CANONICAL_NAME,VALIDATED
ALIAS0000471,DRUG001129,Flavoxate,flavoxate,Flavoxate,medicines.csv,EXACT_CANONICAL_NAME,VALIDATED
ALIAS0000472,DRUG001134,Sertaconazole,sertaconazole,Sertaconazole,medicines.csv,EXACT_CANONICAL_NAME,VALIDATED
ALIAS0000473,DRUG001137,Bupropion,bupropion,Bupropion,medicines.csv,EXACT_CANONICAL_NAME,VALIDATED
ALIAS0000474,DRUG001143,Terazosin,terazosin,Terazosin,medicines.csv,EXACT_CANONICAL_NAME,VALIDATED
ALIAS0000475,DRUG001145,Calcium Chloride,calcium chloride,Calcium chloride,medicines.csv,EXACT_CANONICAL_NAME,VALIDATED
ALIAS0000476,DRUG001146,Ofloxacin,ofloxacin,Ofloxacin,medicines.csv,EXACT_CANONICAL_NAME,VALIDATED
ALIAS0000477,DRUG001147,Cilostazol,cilostazol,Cilostazol,medicines.csv,EXACT_CANONICAL_NAME,VALIDATED
ALIAS0000478,DRUG001148,Itraconazole,itraconazole,Itraconazole,medicines.csv,EXACT_CANONICAL_NAME,VALIDATED
ALIAS0000479,DRUG001156,Escitalopram,escitalopram,Escitalopram,medicines.csv,EXACT_CANONICAL_NAME,VALIDATED
ALIAS0000480,DRUG001158,Idarubicin,idarubicin,Idarubicin,medicines.csv,EXACT_CANONICAL_NAME,VALIDATED
ALIAS0000481,DRUG001163,Propafenone,propafenone,Propafenone,medicines.csv,EXACT_CANONICAL_NAME,VALIDATED
ALIAS0000482,DRUG001165,Domperidone,domperidone,Domperidone,medicines.csv,EXACT_CANONICAL_NAME,VALIDATED
ALIAS0000483,DRUG001169,Ciclopirox,ciclopirox,Ciclopirox,medicines.csv,EXACT_CANONICAL_NAME,VALIDATED
ALIAS0000484,DRUG001171,Clindamycin,clindamycin,Clindamycin,DOSAGE,EXACT_COMPONENT_OR_BASE,VALIDATED
ALIAS0000485,DRUG001175,Brinzolamide,brinzolamide,Brinzolamide,medicines.csv,EXACT_CANONICAL_NAME,VALIDATED
ALIAS0000486,DRUG001176,Flecainide,flecainide,Flecainide,medicines.csv,EXACT_CANONICAL_NAME,VALIDATED
ALIAS0000487,DRUG001181,Bromocriptine,bromocriptine,Bromocriptine,medicines.csv,EXACT_CANONICAL_NAME,VALIDATED
ALIAS0000488,DRUG001183,Levetiracetam,levetiracetam,Levetiracetam,medicines.csv,EXACT_CANONICAL_NAME,VALIDATED
ALIAS0000489,DRUG001186,Flumazenil,flumazenil,Flumazenil,medicines.csv,EXACT_CANONICAL_NAME,VALIDATED
ALIAS0000490,DRUG001187,Lomustine,lomustine,Lomustine,medicines.csv,EXACT_CANONICAL_NAME,VALIDATED
ALIAS0000491,DRUG001192,Clarithromycin,clarithromycin,Clarithromycin,medicines.csv,EXACT_CANONICAL_NAME,VALIDATED
ALIAS0000492,DRUG001193,Ceftriaxone,ceftriaxone,Ceftriaxone,medicines.csv,EXACT_CANONICAL_NAME,VALIDATED
ALIAS0000493,DRUG001197,Finasteride,finasteride,Finasteride,medicines.csv,EXACT_CANONICAL_NAME,VALIDATED
ALIAS0000494,DRUG001198,Anastrozole,anastrozole,Anastrozole,medicines.csv,EXACT_CANONICAL_NAME,VALIDATED
ALIAS0000495,DRUG001201,Rifaximin,rifaximin,Rifaximin,medicines.csv,EXACT_CANONICAL_NAME,VALIDATED
ALIAS0000496,DRUG001203,Budesonide,budesonide,Budesonide,medicines.csv,EXACT_CANONICAL_NAME,VALIDATED
ALIAS0000497,DRUG001205,Quetiapine,quetiapine,Quetiapine,medicines.csv,EXACT_CANONICAL_NAME,VALIDATED
ALIAS0000498,DRUG001206,Enoxaparin,enoxaparin,Enoxaparin,medicines.csv,EXACT_CANONICAL_NAME,VALIDATED
ALIAS0000499,DRUG001210,Paclitaxel,paclitaxel,Paclitaxel,medicines.csv,EXACT_CANONICAL_NAME,VALIDATED
ALIAS0000500,DRUG001214,Metoclopramide,metoclopramide,Metoclopramide,medicines.csv,EXACT_CANONICAL_NAME,VALIDATED
ALIAS0000501,DRUG001215,Dexamethasone,dexamethasone,Dexamethasone,medicines.csv,EXACT_CANONICAL_NAME,VALIDATED
ALIAS0000502,DRUG001216,Levodopa,levodopa,Levodopa,medicines.csv,EXACT_CANONICAL_NAME,VALIDATED
ALIAS0000503,DRUG001217,Sevoflurane,sevoflurane,Sevoflurane,medicines.csv,EXACT_CANONICAL_NAME,VALIDATED
ALIAS0000504,DRUG001219,Aripiprazole,aripiprazole,Aripiprazole,medicines.csv,EXACT_CANONICAL_NAME,VALIDATED
ALIAS0000505,DRUG001222,Gemfibrozil,gemfibrozil,Gemfibrozil,medicines.csv,EXACT_CANONICAL_NAME,VALIDATED
ALIAS0000506,DRUG001223,Clomipramine,clomipramine,Clomipramine,medicines.csv,EXACT_CANONICAL_NAME,VALIDATED
ALIAS0000507,DRUG001229,Docetaxel,docetaxel,Docetaxel,medicines.csv,EXACT_CANONICAL_NAME,VALIDATED
ALIAS0000508,DRUG001235,Dasatinib,dasatinib,Dasatinib,medicines.csv,EXACT_CANONICAL_NAME,VALIDATED
ALIAS0000509,DRUG001239,Lapatinib,lapatinib,Lapatinib,medicines.csv,EXACT_CANONICAL_NAME,VALIDATED
ALIAS0000510,DRUG001240,Desonide,desonide,Desonide,medicines.csv,EXACT_CANONICAL_NAME,VALIDATED
ALIAS0000511,DRUG001241,Sitagliptin,sitagliptin,Sitagliptin,medicines.csv,EXACT_CANONICAL_NAME,VALIDATED
ALIAS0000512,DRUG001243,Posaconazole,posaconazole,Posaconazole,medicines.csv,EXACT_CANONICAL_NAME,VALIDATED
ALIAS0000513,DRUG001244,Darunavir,darunavir,Darunavir,medicines.csv,EXACT_CANONICAL_NAME,VALIDATED
ALIAS0000514,DRUG001247,Paliperidone,paliperidone,Paliperidone,medicines.csv,EXACT_CANONICAL_NAME,VALIDATED
ALIAS0000515,DRUG001248,Sunitinib,sunitinib,Sunitinib,medicines.csv,EXACT_CANONICAL_NAME,VALIDATED
ALIAS0000516,DRUG001253,Varenicline,varenicline,Varenicline,medicines.csv,EXACT_CANONICAL_NAME,VALIDATED
ALIAS0000517,DRUG001255,Hydralazine,hydralazine,Hydralazine,medicines.csv,EXACT_CANONICAL_NAME,VALIDATED
ALIAS0000518,DRUG001261,Abatacept,abatacept,Abatacept,medicines.csv,EXACT_CANONICAL_NAME,VALIDATED
ALIAS0000519,DRUG001262,Carbetocin,carbetocin,Carbetocin,medicines.csv,EXACT_CANONICAL_NAME,VALIDATED
ALIAS0000520,DRUG001271,Glucosamine,glucosamine,Glucosamine,medicines.csv,EXACT_CANONICAL_NAME,VALIDATED
ALIAS0000521,DRUG001290,Cefoperazone,cefoperazone,Cefoperazone,medicines.csv,EXACT_CANONICAL_NAME,VALIDATED
ALIAS0000522,DRUG001298,Vecuronium,vecuronium,Vecuronium,medicines.csv,EXACT_CANONICAL_NAME,VALIDATED
ALIAS0000523,DRUG001316,Iohexol,iohexol,Iohexol,medicines.csv,EXACT_CANONICAL_NAME,VALIDATED
ALIAS0000524,DRUG001318,Ephedrine,ephedrine,Ephedrine,medicines.csv,EXACT_CANONICAL_NAME,VALIDATED
ALIAS0000525,DRUG001321,Rasagiline,rasagiline,Rasagiline,medicines.csv,EXACT_CANONICAL_NAME,VALIDATED
ALIAS0000526,DRUG001323,Aluminium,aluminium,Aluminium,medicines.csv,EXACT_CANONICAL_NAME,VALIDATED
ALIAS0000527,DRUG001324,Calcium,calcium,Calcium,medicines.csv,EXACT_CANONICAL_NAME,VALIDATED
ALIAS0000528,DRUG001326,Magnesium Oxide,magnesium oxide,Magnesium oxide,medicines.csv,EXACT_CANONICAL_NAME,VALIDATED
ALIAS0000529,DRUG001329,Ginkgo biloba,ginkgo biloba,Ginkgo biloba,medicines.csv,EXACT_CANONICAL_NAME,VALIDATED
ALIAS0000530,DRUG001333,Sodium Bicarbonate,sodium bicarbonate,Sodium bicarbonate,medicines.csv,EXACT_CANONICAL_NAME,VALIDATED
ALIAS0000531,DRUG001336,Colchicine,colchicine,Colchicine,medicines.csv,EXACT_CANONICAL_NAME,VALIDATED
ALIAS0000532,DRUG001337,Drospirenone,drospirenone,Drospirenone,medicines.csv,EXACT_CANONICAL_NAME,VALIDATED
ALIAS0000533,DRUG001341,Neostigmine,neostigmine,Neostigmine,medicines.csv,EXACT_CANONICAL_NAME,VALIDATED
ALIAS0000534,DRUG001344,Ginseng,ginseng,Ginseng,medicines.csv,EXACT_CANONICAL_NAME,VALIDATED
ALIAS0000535,DRUG001346,Danazol,danazol,Danazol,medicines.csv,EXACT_CANONICAL_NAME,VALIDATED
ALIAS0000536,DRUG001348,Bambuterol,bambuterol,Bambuterol,medicines.csv,EXACT_CANONICAL_NAME,VALIDATED
ALIAS0000537,DRUG001349,Tiotropium,tiotropium,Tiotropium,medicines.csv,EXACT_CANONICAL_NAME,VALIDATED
ALIAS0000538,DRUG001350,Ciclesonide,ciclesonide,Ciclesonide,medicines.csv,EXACT_CANONICAL_NAME,VALIDATED
ALIAS0000539,DRUG001356,Cefpodoxime,cefpodoxime,Cefpodoxime,DOSAGE,EXACT_COMPONENT_OR_BASE,VALIDATED
ALIAS0000540,DRUG001359,Testosterone Propionate,testosterone propionate,Testosterone propionate,medicines.csv,EXACT_CANONICAL_NAME,VALIDATED
ALIAS0000541,DRUG001367,Oxybenzone,oxybenzone,Oxybenzone,medicines.csv,EXACT_CANONICAL_NAME,VALIDATED
ALIAS0000542,DRUG001370,Allylestrenol,allylestrenol,Allylestrenol,medicines.csv,EXACT_CANONICAL_NAME,VALIDATED
ALIAS0000543,DRUG001371,Cholestyramine,cholestyramine,Cholestyramine,medicines.csv,EXACT_CANONICAL_NAME,VALIDATED
ALIAS0000544,DRUG001375,Alfacalcidol,alfacalcidol,Alfacalcidol,medicines.csv,EXACT_CANONICAL_NAME,VALIDATED
ALIAS0000545,DRUG001377,Phenazopyridine,phenazopyridine,Phenazopyridine,medicines.csv,EXACT_CANONICAL_NAME,VALIDATED
ALIAS0000546,DRUG001516,Ursodeoxycholic Acid,ursodeoxycholic acid,Ursodeoxycholic acid,medicines.csv,EXACT_CANONICAL_NAME,VALIDATED
ALIAS0000547,DRUG001520,Everolimus,everolimus,Everolimus,medicines.csv,EXACT_CANONICAL_NAME,VALIDATED
ALIAS0000548,DRUG001521,Solifenacin,solifenacin,Solifenacin,medicines.csv,EXACT_CANONICAL_NAME,VALIDATED
ALIAS0000549,DRUG001522,Iron,iron,Iron,medicines.csv,EXACT_CANONICAL_NAME,VALIDATED
ALIAS0000550,DRUG001523,Zinc,zinc,Zinc,medicines.csv,EXACT_CANONICAL_NAME,VALIDATED
ALIAS0000551,DRUG001526,Cilastatin,cilastatin,Cilastatin,DOSAGE,EXACT_COMPONENT_OR_BASE,VALIDATED
ALIAS0000552,DRUG001527,Imipenem,imipenem,Imipenem,DOSAGE,EXACT_COMPONENT_OR_BASE,VALIDATED
ALIAS0000553,DRUG001530,Lopinavir,lopinavir,Lopinavir,medicines.csv,EXACT_CANONICAL_NAME,VALIDATED
ALIAS0000554,DRUG001535,Tazobactam,tazobactam,Tazobactam,DOSAGE,EXACT_COMPONENT_OR_BASE,VALIDATED
ALIAS0000555,DRUG001538,Deferasirox,deferasirox,Deferasirox,medicines.csv,EXACT_CANONICAL_NAME,VALIDATED
ALIAS0000556,DRUG001539,Valganciclovir,valganciclovir,Valganciclovir,medicines.csv,EXACT_CANONICAL_NAME,VALIDATED
ALIAS0000557,DRUG001540,Hydroxychloroquine,hydroxychloroquine,Hydroxychloroquine,medicines.csv,EXACT_CANONICAL_NAME,VALIDATED
ALIAS0000558,DRUG001548,Pheniramine,pheniramine,Pheniramine,medicines.csv,EXACT_CANONICAL_NAME,VALIDATED
ALIAS0000559,DRUG001553,Isopropamide,isopropamide,Isopropamide,medicines.csv,EXACT_CANONICAL_NAME,VALIDATED
ALIAS0000560,DRUG001555,Lincomycin,lincomycin,Lincomycin,medicines.csv,EXACT_CANONICAL_NAME,VALIDATED
ALIAS0000561,DRUG001556,Etoricoxib,etoricoxib,Etoricoxib,medicines.csv,EXACT_CANONICAL_NAME,VALIDATED
ALIAS0000562,DRUG001565,Sorbitol,sorbitol,Sorbitol,medicines.csv,EXACT_CANONICAL_NAME,VALIDATED
ALIAS0000563,DRUG001572,Genistein,genistein,Genistein,medicines.csv,EXACT_CANONICAL_NAME,VALIDATED
ALIAS0000564,DRUG001581,Roflumilast,roflumilast,Roflumilast,medicines.csv,EXACT_CANONICAL_NAME,VALIDATED
ALIAS0000565,DRUG001608,Topiroxostat,topiroxostat,Topiroxostat,medicines.csv,EXACT_CANONICAL_NAME,VALIDATED
ALIAS0000566,DRUG001662,CAMPHOR,camphor,Camphor,medicines.csv,EXACT_CANONICAL_NAME,VALIDATED
ALIAS0000567,DRUG001676,KOJIC ACID,kojic acid,Kojic acid,medicines.csv,EXACT_CANONICAL_NAME,VALIDATED
ALIAS0000568,DRUG001697,Pantothenic Acid,pantothenic acid,Pantothenic acid,medicines.csv,EXACT_CANONICAL_NAME,VALIDATED
ALIAS0000569,DRUG001751,PROPYLENE GLYCOL,propylene glycol,Propylene glycol,medicines.csv,EXACT_CANONICAL_NAME,VALIDATED
ALIAS0000570,DRUG001786,Benzophenone,benzophenone,Benzophenone,medicines.csv,EXACT_CANONICAL_NAME,VALIDATED
ALIAS0000571,DRUG001855,Taurine,taurine,Taurine,medicines.csv,EXACT_CANONICAL_NAME,VALIDATED
ALIAS0000572,DRUG001990,Cytidine,cytidine,Cytidine,medicines.csv,EXACT_CANONICAL_NAME,VALIDATED
ALIAS0000573,DRUG002026,Xanthine,xanthine,Xanthine,medicines.csv,EXACT_CANONICAL_NAME,VALIDATED
ALIAS0000574,DRUG002177,Calcipotriol,calcipotriol,Calcipotriol,medicines.csv,EXACT_CANONICAL_NAME,VALIDATED
ALIAS0000575,DRUG002202,Isopropyl Alcohol,isopropyl alcohol,Isopropyl alcohol,medicines.csv,EXACT_CANONICAL_NAME,VALIDATED
ALIAS0000576,DRUG002377,Thymol,thymol,Thymol,medicines.csv,EXACT_CANONICAL_NAME,VALIDATED
ALIAS0000577,DRUG002394,Gamma Aminobutyric Acid,gamma aminobutyric acid,gamma-Aminobutyric acid,medicines.csv,EXACT_CANONICAL_NAME,VALIDATED
ALIAS0000578,DRUG002493,Terlipressin,terlipressin,Terlipressin,medicines.csv,EXACT_CANONICAL_NAME,VALIDATED
ALIAS0000579,DRUG002551,Nicotinamide,nicotinamide,Nicotinamide,medicines.csv,EXACT_CANONICAL_NAME,VALIDATED
ALIAS0000580,DRUG002553,Fusidic Acid,fusidic acid,Fusidic acid,medicines.csv,EXACT_CANONICAL_NAME,VALIDATED
ALIAS0000581,DRUG002558,Resveratrol,resveratrol,Resveratrol,medicines.csv,EXACT_CANONICAL_NAME,VALIDATED
ALIAS0000582,DRUG002591,Uridine,uridine,Uridine,medicines.csv,EXACT_CANONICAL_NAME,VALIDATED
ALIAS0000583,DRUG002614,Sucrose,sucrose,Sucrose,medicines.csv,EXACT_CANONICAL_NAME,VALIDATED
ALIAS0000584,DRUG002727,D-Methionine,d-methionine,D-Methionine,medicines.csv,EXACT_CANONICAL_NAME,VALIDATED
ALIAS0000585,DRUG002845,Lauric Acid,lauric acid,Lauric acid,medicines.csv,EXACT_CANONICAL_NAME,VALIDATED
ALIAS0000586,DRUG002907,Glycolic Acid,glycolic acid,Glycolic acid,medicines.csv,EXACT_CANONICAL_NAME,VALIDATED
ALIAS0000587,DRUG002982,Acetic acid,acetic acid,Acetic acid,medicines.csv,EXACT_CANONICAL_NAME,VALIDATED
ALIAS0000588,DRUG003008,Stearic Acid,stearic acid,Stearic acid,medicines.csv,EXACT_CANONICAL_NAME,VALIDATED
ALIAS0000589,DRUG003024,Oteracil,oteracil,Oteracil,medicines.csv,EXACT_CANONICAL_NAME,VALIDATED
ALIAS0000590,DRUG003070,Phenol,phenol,Phenol,medicines.csv,EXACT_CANONICAL_NAME,VALIDATED
ALIAS0000591,DRUG003134,Maltose,maltose,Maltose,medicines.csv,EXACT_CANONICAL_NAME,VALIDATED
ALIAS0000592,DRUG003224,Uracil,uracil,Uracil,medicines.csv,EXACT_CANONICAL_NAME,VALIDATED
ALIAS0000593,DRUG003402,Mecobalamin,mecobalamin,Mecobalamin,medicines.csv,EXACT_CANONICAL_NAME,VALIDATED
ALIAS0000594,DRUG003567,Benzoic Acid,benzoic acid,Benzoic acid,medicines.csv,EXACT_CANONICAL_NAME,VALIDATED
ALIAS0000595,DRUG003570,Palmitic Acid,palmitic acid,Palmitic Acid,medicines.csv,EXACT_CANONICAL_NAME,VALIDATED
ALIAS0000596,DRUG003623,Eucalyptol,eucalyptol,Eucalyptol,medicines.csv,EXACT_CANONICAL_NAME,VALIDATED
ALIAS0000597,DRUG003673,Urea,urea,Urea,medicines.csv,EXACT_CANONICAL_NAME,VALIDATED
ALIAS0000598,DRUG003970,Quercetin,quercetin,Quercetin,medicines.csv,EXACT_CANONICAL_NAME,VALIDATED
ALIAS0000599,DRUG003978,Oleic Acid,oleic acid,Oleic Acid,medicines.csv,EXACT_CANONICAL_NAME,VALIDATED
ALIAS0000600,DRUG004023,Citric Acid,citric acid,Citric acid,medicines.csv,EXACT_CANONICAL_NAME,VALIDATED
ALIAS0000601,DRUG004139,Lactic Acid,lactic acid,Lactic acid,medicines.csv,EXACT_CANONICAL_NAME,VALIDATED
ALIAS0000602,DRUG004268,CHOLESTEROL,cholesterol,Cholesterol,medicines.csv,EXACT_CANONICAL_NAME,VALIDATED
ALIAS0000603,DRUG004290,Gluconolactone,gluconolactone,Gluconolactone,medicines.csv,EXACT_CANONICAL_NAME,VALIDATED
ALIAS0000604,DRUG004297,Trioxsalen,trioxsalen,Trioxsalen,medicines.csv,EXACT_CANONICAL_NAME,VALIDATED
ALIAS0000605,DRUG004299,Estriol,estriol,Estriol,medicines.csv,EXACT_CANONICAL_NAME,VALIDATED
ALIAS0000606,DRUG004386,Coumarin,coumarin,Coumarin,medicines.csv,EXACT_CANONICAL_NAME,VALIDATED
ALIAS0000607,DRUG004461,Nimesulide,nimesulide,Nimesulide,medicines.csv,EXACT_CANONICAL_NAME,VALIDATED
ALIAS0000608,DRUG004552,Maraviroc,maraviroc,Maraviroc,medicines.csv,EXACT_CANONICAL_NAME,VALIDATED
ALIAS0000609,DRUG004558,Flunarizine,flunarizine,Flunarizine,medicines.csv,EXACT_CANONICAL_NAME,VALIDATED
ALIAS0000610,DRUG004561,Tetrabenazine,tetrabenazine,Tetrabenazine,medicines.csv,EXACT_CANONICAL_NAME,VALIDATED
ALIAS0000611,DRUG004571,Febuxostat,febuxostat,Febuxostat,medicines.csv,EXACT_CANONICAL_NAME,VALIDATED
ALIAS0000612,DRUG004578,Nebivolol,nebivolol,Nebivolol,medicines.csv,EXACT_CANONICAL_NAME,VALIDATED
ALIAS0000613,DRUG004585,Nilotinib,nilotinib,Nilotinib,medicines.csv,EXACT_CANONICAL_NAME,VALIDATED
ALIAS0000614,DRUG004593,Vildagliptin,vildagliptin,Vildagliptin,medicines.csv,EXACT_CANONICAL_NAME,VALIDATED
ALIAS0000615,DRUG004595,Voglibose,voglibose,Voglibose,medicines.csv,EXACT_CANONICAL_NAME,VALIDATED
ALIAS0000616,DRUG004601,Dapoxetine,dapoxetine,Dapoxetine,medicines.csv,EXACT_CANONICAL_NAME,VALIDATED
ALIAS0000617,DRUG004607,Bepotastine,bepotastine,Bepotastine,medicines.csv,EXACT_CANONICAL_NAME,VALIDATED
ALIAS0000618,DRUG004612,Pegaptanib,pegaptanib,Pegaptanib,medicines.csv,EXACT_CANONICAL_NAME,VALIDATED
ALIAS0000619,DRUG004636,Itopride,itopride,Itopride,medicines.csv,EXACT_CANONICAL_NAME,VALIDATED
ALIAS0000620,DRUG004641,Permethrin,permethrin,Permethrin,medicines.csv,EXACT_CANONICAL_NAME,VALIDATED
ALIAS0000621,DRUG004653,Iloperidone,iloperidone,Iloperidone,medicines.csv,EXACT_CANONICAL_NAME,VALIDATED
ALIAS0000622,DRUG004658,Pirfenidone,pirfenidone,Pirfenidone,medicines.csv,EXACT_CANONICAL_NAME,VALIDATED
ALIAS0000623,DRUG004731,Indacaterol,indacaterol,Indacaterol,medicines.csv,EXACT_CANONICAL_NAME,VALIDATED
ALIAS0000624,DRUG004748,Erdosteine,erdosteine,Erdosteine,medicines.csv,EXACT_CANONICAL_NAME,VALIDATED
ALIAS0000625,DRUG004890,Crisaborole,crisaborole,Crisaborole,medicines.csv,EXACT_CANONICAL_NAME,VALIDATED
ALIAS0000626,DRUG004912,Silver Sulfadiazine,silver sulfadiazine,Silver sulfadiazine,medicines.csv,EXACT_CANONICAL_NAME,VALIDATED
ALIAS0000627,DRUG004981,Dexlansoprazole,dexlansoprazole,Dexlansoprazole,medicines.csv,EXACT_CANONICAL_NAME,VALIDATED
ALIAS0000628,DRUG004996,Iodine,iodine,Iodine,medicines.csv,EXACT_CANONICAL_NAME,VALIDATED
ALIAS0000629,DRUG005127,Brivaracetam,brivaracetam,Brivaracetam,medicines.csv,EXACT_CANONICAL_NAME,VALIDATED
ALIAS0000630,DRUG005182,Apremilast,apremilast,Apremilast,medicines.csv,EXACT_CANONICAL_NAME,VALIDATED
ALIAS0000631,DRUG005268,Abiraterone,abiraterone,Abiraterone,medicines.csv,EXACT_CANONICAL_NAME,VALIDATED
ALIAS0000632,DRUG005381,Obeticholic Acid,obeticholic acid,Obeticholic acid,medicines.csv,EXACT_CANONICAL_NAME,VALIDATED
ALIAS0000633,DRUG005389,Cariprazine,cariprazine,Cariprazine,medicines.csv,EXACT_CANONICAL_NAME,VALIDATED
ALIAS0000634,DRUG005442,Spiramycin,spiramycin,Spiramycin,DOSAGE,EXACT_COMPONENT_OR_BASE,VALIDATED
ALIAS0000635,DRUG005442,Spiramycine,spiramycine,Spiramycin,DOSAGE,EXACT_COMPONENT_OR_BASE,VALIDATED
ALIAS0000636,DRUG005447,Acetylcysteine,acetylcysteine,Acetylcysteine,medicines.csv,EXACT_CANONICAL_NAME,VALIDATED
ALIAS0000637,DRUG005463,Noscapine,noscapine,Noscapine,medicines.csv,EXACT_CANONICAL_NAME,VALIDATED
ALIAS0000638,DRUG005489,Alogliptin,alogliptin,Alogliptin,medicines.csv,EXACT_CANONICAL_NAME,VALIDATED
ALIAS0000639,DRUG005493,Silodosin,silodosin,Silodosin,medicines.csv,EXACT_CANONICAL_NAME,VALIDATED
ALIAS0000640,DRUG005494,Prasugrel,prasugrel,Prasugrel,medicines.csv,EXACT_CANONICAL_NAME,VALIDATED
ALIAS0000641,DRUG005495,Eltrombopag,eltrombopag,Eltrombopag,medicines.csv,EXACT_CANONICAL_NAME,VALIDATED
ALIAS0000642,DRUG005497,Tolvaptan,tolvaptan,Tolvaptan,medicines.csv,EXACT_CANONICAL_NAME,VALIDATED
ALIAS0000643,DRUG005502,Lacosamide,lacosamide,Lacosamide,medicines.csv,EXACT_CANONICAL_NAME,VALIDATED
ALIAS0000644,DRUG005507,Rivaroxaban,rivaroxaban,Rivaroxaban,medicines.csv,EXACT_CANONICAL_NAME,VALIDATED
ALIAS0000645,DRUG005515,Avanafil,avanafil,Avanafil,medicines.csv,EXACT_CANONICAL_NAME,VALIDATED
ALIAS0000646,DRUG005519,Eflornithine,eflornithine,Eflornithine,medicines.csv,EXACT_CANONICAL_NAME,VALIDATED
ALIAS0000647,DRUG005537,Tolperisone,tolperisone,Tolperisone,medicines.csv,EXACT_CANONICAL_NAME,VALIDATED
ALIAS0000648,DRUG005549,Levocetirizine,levocetirizine,Levocetirizine,medicines.csv,EXACT_CANONICAL_NAME,VALIDATED
ALIAS0000649,DRUG005551,Teriparatide,teriparatide,Teriparatide,medicines.csv,EXACT_CANONICAL_NAME,VALIDATED
ALIAS0000650,DRUG005552,Temsirolimus,temsirolimus,Temsirolimus,medicines.csv,EXACT_CANONICAL_NAME,VALIDATED
ALIAS0000651,DRUG005553,Amisulpride,amisulpride,Amisulpride,medicines.csv,EXACT_CANONICAL_NAME,VALIDATED
ALIAS0000652,DRUG005555,Dapagliflozin,dapagliflozin,Dapagliflozin,medicines.csv,EXACT_CANONICAL_NAME,VALIDATED
ALIAS0000653,DRUG005619,Ambrisentan,ambrisentan,Ambrisentan,medicines.csv,EXACT_CANONICAL_NAME,VALIDATED
ALIAS0000654,DRUG005675,Prucalopride,prucalopride,Prucalopride,medicines.csv,EXACT_CANONICAL_NAME,VALIDATED
ALIAS0000655,DRUG005712,Astaxanthin,astaxanthin,Astaxanthin,medicines.csv,EXACT_CANONICAL_NAME,VALIDATED
ALIAS0000656,DRUG005742,Pazopanib,pazopanib,Pazopanib,medicines.csv,EXACT_CANONICAL_NAME,VALIDATED
ALIAS0000657,DRUG005745,Agomelatine,agomelatine,Agomelatine,medicines.csv,EXACT_CANONICAL_NAME,VALIDATED
ALIAS0000658,DRUG005746,Midostaurin,midostaurin,Midostaurin,medicines.csv,EXACT_CANONICAL_NAME,VALIDATED
ALIAS0000659,DRUG005754,Apixaban,apixaban,Apixaban,medicines.csv,EXACT_CANONICAL_NAME,VALIDATED
ALIAS0000660,DRUG005768,Flupirtine,flupirtine,Flupirtine,medicines.csv,EXACT_CANONICAL_NAME,VALIDATED
ALIAS0000661,DRUG005771,Axitinib,axitinib,Axitinib,medicines.csv,EXACT_CANONICAL_NAME,VALIDATED
ALIAS0000662,DRUG005778,Dalfampridine,dalfampridine,Dalfampridine,medicines.csv,EXACT_CANONICAL_NAME,VALIDATED
ALIAS0000663,DRUG005790,Safinamide,safinamide,Safinamide,medicines.csv,EXACT_CANONICAL_NAME,VALIDATED
ALIAS0000664,DRUG005810,Vilazodone,vilazodone,Vilazodone,medicines.csv,EXACT_CANONICAL_NAME,VALIDATED
ALIAS0000665,DRUG005815,Mepyramine,mepyramine,Mepyramine,medicines.csv,EXACT_CANONICAL_NAME,VALIDATED
ALIAS0000666,DRUG005818,Xylometazoline,xylometazoline,Xylometazoline,medicines.csv,EXACT_CANONICAL_NAME,VALIDATED
ALIAS0000667,DRUG005821,Artemether,artemether,Artemether,DOSAGE,EXACT_COMPONENT_OR_BASE,VALIDATED
ALIAS0000668,DRUG005822,Betahistine,betahistine,Betahistine,medicines.csv,EXACT_CANONICAL_NAME,VALIDATED
ALIAS0000669,DRUG005823,Degarelix,degarelix,Degarelix,medicines.csv,EXACT_CANONICAL_NAME,VALIDATED
ALIAS0000670,DRUG005824,Desvenlafaxine,desvenlafaxine,Desvenlafaxine,medicines.csv,EXACT_CANONICAL_NAME,VALIDATED
ALIAS0000671,DRUG005832,Lumefantrine,lumefantrine,Lumefantrine,DOSAGE,EXACT_COMPONENT_OR_BASE,VALIDATED
ALIAS0000672,DRUG005835,Naphazoline,naphazoline,Naphazoline,medicines.csv,EXACT_CANONICAL_NAME,VALIDATED
ALIAS0000673,DRUG005839,Potassium Iodide,potassium iodide,Potassium Iodide,medicines.csv,EXACT_CANONICAL_NAME,VALIDATED
ALIAS0000674,DRUG005842,Stanozolol,stanozolol,Stanozolol,medicines.csv,EXACT_CANONICAL_NAME,VALIDATED
ALIAS0000675,DRUG005847,Calcium Carbonate,calcium carbonate,Calcium carbonate,medicines.csv,EXACT_CANONICAL_NAME,VALIDATED
ALIAS0000676,DRUG005848,Lornoxicam,lornoxicam,Lornoxicam,medicines.csv,EXACT_CANONICAL_NAME,VALIDATED
ALIAS0000677,DRUG005853,Gestodene,gestodene,Gestodene,medicines.csv,EXACT_CANONICAL_NAME,VALIDATED
ALIAS0000678,DRUG005859,Aceclofenac,aceclofenac,Aceclofenac,medicines.csv,EXACT_CANONICAL_NAME,VALIDATED
ALIAS0000679,DRUG005862,Seratrodast,seratrodast,Seratrodast,medicines.csv,EXACT_CANONICAL_NAME,VALIDATED
ALIAS0000680,DRUG005865,Ambroxol,ambroxol,Ambroxol,medicines.csv,EXACT_CANONICAL_NAME,VALIDATED
ALIAS0000681,DRUG005865,AMBROXOL HYDROCHLORIDE,ambroxol hydrochloride,Ambroxol,medicines.csv,FORM_TO_EXACT_BASE,VALIDATED
ALIAS0000682,DRUG005874,Drotaverine,drotaverine,Drotaverine,medicines.csv,EXACT_CANONICAL_NAME,VALIDATED
ALIAS0000683,DRUG005878,Beta Carotene,beta carotene,Beta carotene,medicines.csv,EXACT_CANONICAL_NAME,VALIDATED
ALIAS0000684,DRUG005879,betaine,betaine,Betaine,medicines.csv,EXACT_CANONICAL_NAME,VALIDATED
ALIAS0000685,DRUG005880,Manganese,manganese,Manganese,medicines.csv,EXACT_CANONICAL_NAME,VALIDATED
ALIAS0000686,DRUG005887,Alcaftadine,alcaftadine,Alcaftadine,medicines.csv,EXACT_CANONICAL_NAME,VALIDATED
ALIAS0000687,DRUG005888,Ammonium Chloride,ammonium chloride,Ammonium chloride,medicines.csv,EXACT_CANONICAL_NAME,VALIDATED
ALIAS0000688,DRUG005889,Ammonium Lactate,ammonium lactate,Ammonium lactate,medicines.csv,EXACT_CANONICAL_NAME,VALIDATED
ALIAS0000689,DRUG005890,Bendamustine,bendamustine,Bendamustine,medicines.csv,EXACT_CANONICAL_NAME,VALIDATED
ALIAS0000690,DRUG005891,Benzyl Alcohol,benzyl alcohol,Benzyl alcohol,medicines.csv,EXACT_CANONICAL_NAME,VALIDATED
ALIAS0000691,DRUG005892,Besifloxacin,besifloxacin,Besifloxacin,medicines.csv,EXACT_CANONICAL_NAME,VALIDATED
ALIAS0000692,DRUG005895,Capsaicin,capsaicin,Capsaicin,medicines.csv,EXACT_CANONICAL_NAME,VALIDATED
ALIAS0000693,DRUG005900,Dalteparin,dalteparin,Dalteparin,medicines.csv,EXACT_CANONICAL_NAME,VALIDATED
ALIAS0000694,DRUG005902,Difluprednate,difluprednate,Difluprednate,medicines.csv,EXACT_CANONICAL_NAME,VALIDATED
ALIAS0000695,DRUG005903,Dimercaprol,dimercaprol,Dimercaprol,medicines.csv,EXACT_CANONICAL_NAME,VALIDATED
ALIAS0000696,DRUG005921,Nepafenac,nepafenac,Nepafenac,medicines.csv,EXACT_CANONICAL_NAME,VALIDATED
ALIAS0000697,DRUG005927,Polidocanol,polidocanol,Polidocanol,medicines.csv,EXACT_CANONICAL_NAME,VALIDATED
ALIAS0000698,DRUG005928,Povidone Iodine,povidone iodine,Povidone-iodine,medicines.csv,EXACT_CANONICAL_NAME,VALIDATED
ALIAS0000699,DRUG005933,Raltegravir,raltegravir,Raltegravir,medicines.csv,EXACT_CANONICAL_NAME,VALIDATED
ALIAS0000700,DRUG005940,Triptorelin,triptorelin,Triptorelin,medicines.csv,EXACT_CANONICAL_NAME,VALIDATED
ALIAS0000701,DRUG006853,Ferulic Acid,ferulic acid,Ferulic acid,medicines.csv,EXACT_CANONICAL_NAME,VALIDATED
ALIAS0000702,DRUG007655,TRICLOSAN,triclosan,Triclosan,medicines.csv,EXACT_CANONICAL_NAME,VALIDATED
ALIAS0000703,DRUG007833,Diloxanide,diloxanide,Diloxanide,medicines.csv,EXACT_CANONICAL_NAME,VALIDATED
ALIAS0000704,DRUG007850,Cinitapride,cinitapride,Cinitapride,medicines.csv,EXACT_CANONICAL_NAME,VALIDATED
ALIAS0000705,DRUG007851,Tofisopam,tofisopam,Tofisopam,medicines.csv,EXACT_CANONICAL_NAME,VALIDATED
ALIAS0000706,DRUG007854,Lurasidone,lurasidone,Lurasidone,medicines.csv,EXACT_CANONICAL_NAME,VALIDATED
ALIAS0000707,DRUG007855,Ticagrelor,ticagrelor,Ticagrelor,medicines.csv,EXACT_CANONICAL_NAME,VALIDATED
ALIAS0000708,DRUG007856,Hyaluronic Acid,hyaluronic acid,Hyaluronic acid,medicines.csv,EXACT_CANONICAL_NAME,VALIDATED
ALIAS0000709,DRUG007857,Tafluprost,tafluprost,Tafluprost,medicines.csv,EXACT_CANONICAL_NAME,VALIDATED
ALIAS0000710,DRUG007862,Deferiprone,deferiprone,Deferiprone,medicines.csv,EXACT_CANONICAL_NAME,VALIDATED
ALIAS0000711,DRUG007872,Agmatine,agmatine,Agmatine,medicines.csv,EXACT_CANONICAL_NAME,VALIDATED
ALIAS0000712,DRUG007888,Pitavastatin,pitavastatin,Pitavastatin,medicines.csv,EXACT_CANONICAL_NAME,VALIDATED
ALIAS0000713,DRUG007892,Crizotinib,crizotinib,Crizotinib,medicines.csv,EXACT_CANONICAL_NAME,VALIDATED
ALIAS0000714,DRUG007893,Ulipristal Acetate,ulipristal acetate,Ulipristal,medicines.csv,FORM_TO_EXACT_BASE,VALIDATED
ALIAS0000715,DRUG007897,Eribulin,eribulin,Eribulin,medicines.csv,EXACT_CANONICAL_NAME,VALIDATED
ALIAS0000716,DRUG007901,Cabozantinib,cabozantinib,Cabozantinib,medicines.csv,EXACT_CANONICAL_NAME,VALIDATED
ALIAS0000717,DRUG007903,Ruxolitinib,ruxolitinib,Ruxolitinib,medicines.csv,EXACT_CANONICAL_NAME,VALIDATED
ALIAS0000718,DRUG007906,Teriflunomide,teriflunomide,Teriflunomide,medicines.csv,EXACT_CANONICAL_NAME,VALIDATED
ALIAS0000719,DRUG007908,Linagliptin,linagliptin,Linagliptin,medicines.csv,EXACT_CANONICAL_NAME,VALIDATED
ALIAS0000720,DRUG007909,Perampanel,perampanel,Perampanel,medicines.csv,EXACT_CANONICAL_NAME,VALIDATED
ALIAS0000721,DRUG007911,Aflibercept,aflibercept,Aflibercept,medicines.csv,EXACT_CANONICAL_NAME,VALIDATED
ALIAS0000722,DRUG007913,Icosapent Ethyl,icosapent ethyl,Icosapent ethyl,medicines.csv,EXACT_CANONICAL_NAME,VALIDATED
ALIAS0000723,DRUG007919,Mirabegron,mirabegron,Mirabegron,medicines.csv,EXACT_CANONICAL_NAME,VALIDATED
ALIAS0000724,DRUG007921,Tofacitinib,tofacitinib,Tofacitinib,medicines.csv,EXACT_CANONICAL_NAME,VALIDATED
ALIAS0000725,DRUG007922,Regorafenib,regorafenib,Regorafenib,medicines.csv,EXACT_CANONICAL_NAME,VALIDATED
ALIAS0000726,DRUG007925,Enzalutamide,enzalutamide,Enzalutamide,medicines.csv,EXACT_CANONICAL_NAME,VALIDATED
ALIAS0000727,DRUG007934,Dimethyl Fumarate,dimethyl fumarate,Dimethyl fumarate,medicines.csv,EXACT_CANONICAL_NAME,VALIDATED
ALIAS0000728,DRUG007936,Pomalidomide,pomalidomide,Pomalidomide,medicines.csv,EXACT_CANONICAL_NAME,VALIDATED
ALIAS0000729,DRUG007941,Afatinib,afatinib,Afatinib,medicines.csv,EXACT_CANONICAL_NAME,VALIDATED
ALIAS0000730,DRUG007942,Ferric Carboxymaltose,ferric carboxymaltose,Ferric carboxymaltose,medicines.csv,EXACT_CANONICAL_NAME,VALIDATED
ALIAS0000731,DRUG007943,Levomilnacipran,levomilnacipran,Levomilnacipran,medicines.csv,EXACT_CANONICAL_NAME,VALIDATED
ALIAS0000732,DRUG007951,Dolutegravir,dolutegravir,Dolutegravir,medicines.csv,EXACT_CANONICAL_NAME,VALIDATED
ALIAS0000733,DRUG007954,Luliconazole,luliconazole,Luliconazole,medicines.csv,EXACT_CANONICAL_NAME,VALIDATED
ALIAS0000734,DRUG007955,Sofosbuvir,sofosbuvir,Sofosbuvir,medicines.csv,EXACT_CANONICAL_NAME,VALIDATED
ALIAS0000735,DRUG007959,Magaldrate,magaldrate,Magaldrate,medicines.csv,EXACT_CANONICAL_NAME,VALIDATED
ALIAS0000736,DRUG007962,Isoxsuprine,isoxsuprine,Isoxsuprine,medicines.csv,EXACT_CANONICAL_NAME,VALIDATED
ALIAS0000737,DRUG007970,Inositol Nicotinate,inositol nicotinate,Inositol nicotinate,medicines.csv,EXACT_CANONICAL_NAME,VALIDATED
ALIAS0000738,DRUG008005,Etifoxine,etifoxine,Etifoxine,medicines.csv,EXACT_CANONICAL_NAME,VALIDATED
ALIAS0000739,DRUG008011,Eperisone,eperisone,Eperisone,medicines.csv,EXACT_CANONICAL_NAME,VALIDATED
ALIAS0000740,DRUG008014,Diosmin,diosmin,Diosmin,medicines.csv,EXACT_CANONICAL_NAME,VALIDATED
ALIAS0000741,DRUG008038,Bromhexine,bromhexine,Bromhexine,medicines.csv,EXACT_CANONICAL_NAME,VALIDATED
ALIAS0000742,DRUG008039,Bisacodyl,bisacodyl,Bisacodyl,medicines.csv,EXACT_CANONICAL_NAME,VALIDATED
ALIAS0000743,DRUG008048,Miltefosine,miltefosine,Miltefosine,medicines.csv,EXACT_CANONICAL_NAME,VALIDATED
ALIAS0000744,DRUG008054,Empagliflozin,empagliflozin,Empagliflozin,medicines.csv,EXACT_CANONICAL_NAME,VALIDATED
ALIAS0000745,DRUG008063,Netupitant,netupitant,Netupitant,medicines.csv,EXACT_CANONICAL_NAME,VALIDATED
ALIAS0000746,DRUG008068,Ibrutinib,ibrutinib,Ibrutinib,medicines.csv,EXACT_CANONICAL_NAME,VALIDATED
ALIAS0000747,DRUG008071,Amorolfine,amorolfine,Amorolfine,medicines.csv,EXACT_CANONICAL_NAME,VALIDATED
ALIAS0000748,DRUG008074,Avibactam,avibactam,Avibactam,medicines.csv,EXACT_CANONICAL_NAME,VALIDATED
ALIAS0000749,DRUG008075,Cannabidiol,cannabidiol,Cannabidiol,medicines.csv,EXACT_CANONICAL_NAME,VALIDATED
ALIAS0000750,DRUG008082,Vortioxetine,vortioxetine,Vortioxetine,medicines.csv,EXACT_CANONICAL_NAME,VALIDATED
ALIAS0000751,DRUG008083,Trimetazidine,trimetazidine,Trimetazidine,medicines.csv,EXACT_CANONICAL_NAME,VALIDATED
ALIAS0000752,DRUG008084,Tibolone,tibolone,Tibolone,medicines.csv,EXACT_CANONICAL_NAME,VALIDATED
ALIAS0000753,DRUG008087,Palbociclib,palbociclib,Palbociclib,medicines.csv,EXACT_CANONICAL_NAME,VALIDATED
ALIAS0000754,DRUG008088,Olaparib,olaparib,Olaparib,medicines.csv,EXACT_CANONICAL_NAME,VALIDATED
ALIAS0000755,DRUG008090,Umeclidinium,umeclidinium,Umeclidinium,medicines.csv,EXACT_CANONICAL_NAME,VALIDATED
ALIAS0000756,DRUG008092,Lenvatinib,lenvatinib,Lenvatinib,medicines.csv,EXACT_CANONICAL_NAME,VALIDATED
ALIAS0000757,DRUG008093,Nintedanib,nintedanib,Nintedanib,medicines.csv,EXACT_CANONICAL_NAME,VALIDATED
ALIAS0000758,DRUG008095,Idebenone,idebenone,Idebenone,medicines.csv,EXACT_CANONICAL_NAME,VALIDATED
ALIAS0000759,DRUG008096,Vilanterol,vilanterol,Vilanterol,medicines.csv,EXACT_CANONICAL_NAME,VALIDATED
ALIAS0000760,DRUG008097,Ivabradine,ivabradine,Ivabradine,medicines.csv,EXACT_CANONICAL_NAME,VALIDATED
ALIAS0000761,DRUG008098,Benzydamine,benzydamine,Benzydamine,medicines.csv,EXACT_CANONICAL_NAME,VALIDATED
ALIAS0000762,DRUG008104,Pinaverium,pinaverium,Pinaverium,medicines.csv,EXACT_CANONICAL_NAME,VALIDATED
ALIAS0000763,DRUG008110,Benzoyl Peroxide,benzoyl peroxide,Benzoyl peroxide,medicines.csv,EXACT_CANONICAL_NAME,VALIDATED
ALIAS0000764,DRUG008116,Daclatasvir,daclatasvir,Daclatasvir,medicines.csv,EXACT_CANONICAL_NAME,VALIDATED
ALIAS0000765,DRUG008118,Magnesium Hydroxide,magnesium hydroxide,Magnesium hydroxide,medicines.csv,EXACT_CANONICAL_NAME,VALIDATED
ALIAS0000766,DRUG008120,Hydroxyethyl Starch,hydroxyethyl starch,Hydroxyethyl Starch,medicines.csv,EXACT_CANONICAL_NAME,VALIDATED
ALIAS0000767,DRUG008137,Dienogest,dienogest,Dienogest,medicines.csv,EXACT_CANONICAL_NAME,VALIDATED
ALIAS0000768,DRUG008139,Potassium Citrate,potassium citrate,Potassium citrate,medicines.csv,EXACT_CANONICAL_NAME,VALIDATED
ALIAS0000769,DRUG008143,Copper,copper,Copper,medicines.csv,EXACT_CANONICAL_NAME,VALIDATED
ALIAS0000770,DRUG008158,Water,water,Water,medicines.csv,EXACT_CANONICAL_NAME,VALIDATED
ALIAS0000771,DRUG008159,Iron Sucrose,iron sucrose,Iron sucrose,medicines.csv,EXACT_CANONICAL_NAME,VALIDATED
ALIAS0000772,DRUG008160,Ferric Pyrophosphate,ferric pyrophosphate,Ferric pyrophosphate,medicines.csv,EXACT_CANONICAL_NAME,VALIDATED
ALIAS0000773,DRUG008165,Sodium Chloride,sodium chloride,Sodium chloride,medicines.csv,EXACT_CANONICAL_NAME,VALIDATED
ALIAS0000774,DRUG008166,Sodium Citrate,sodium citrate,Sodium citrate,medicines.csv,EXACT_CANONICAL_NAME,VALIDATED
ALIAS0000775,DRUG008177,Dosulepin,dosulepin,Dosulepin,medicines.csv,EXACT_CANONICAL_NAME,VALIDATED
ALIAS0000776,DRUG008219,Piracetam,piracetam,Piracetam,medicines.csv,EXACT_CANONICAL_NAME,VALIDATED
ALIAS0000777,DRUG008223,Dexketoprofen,dexketoprofen,Dexketoprofen,medicines.csv,EXACT_CANONICAL_NAME,VALIDATED
ALIAS0000778,DRUG008225,Tolfenamic Acid,tolfenamic acid,Tolfenamic acid,medicines.csv,EXACT_CANONICAL_NAME,VALIDATED
ALIAS0000779,DRUG008229,Nicorandil,nicorandil,Nicorandil,medicines.csv,EXACT_CANONICAL_NAME,VALIDATED
ALIAS0000780,DRUG008232,Blonanserin,blonanserin,Blonanserin,medicines.csv,EXACT_CANONICAL_NAME,VALIDATED
ALIAS0000781,DRUG008239,Azelnidipine,azelnidipine,Azelnidipine,medicines.csv,EXACT_CANONICAL_NAME,VALIDATED
ALIAS0000782,DRUG008240,Benidipine,benidipine,Benidipine,medicines.csv,EXACT_CANONICAL_NAME,VALIDATED
ALIAS0000783,DRUG008241,Cilnidipine,cilnidipine,Cilnidipine,medicines.csv,EXACT_CANONICAL_NAME,VALIDATED
ALIAS0000784,DRUG008244,Efonidipine,efonidipine,Efonidipine,medicines.csv,EXACT_CANONICAL_NAME,VALIDATED
ALIAS0000785,DRUG008250,Methylene Blue,methylene blue,Methylene blue,medicines.csv,EXACT_CANONICAL_NAME,VALIDATED
ALIAS0000786,DRUG008251,Moxonidine,moxonidine,Moxonidine,medicines.csv,EXACT_CANONICAL_NAME,VALIDATED
ALIAS0000787,DRUG008264,Dextran,dextran,Dextran,medicines.csv,EXACT_CANONICAL_NAME,VALIDATED
ALIAS0000788,DRUG008265,Tegafur,tegafur,Tegafur,medicines.csv,EXACT_CANONICAL_NAME,VALIDATED
ALIAS0000789,DRUG008266,Gimeracil,gimeracil,Gimeracil,medicines.csv,EXACT_CANONICAL_NAME,VALIDATED
ALIAS0000790,DRUG008279,Ubidecarenone,ubidecarenone,Ubidecarenone,medicines.csv,EXACT_CANONICAL_NAME,VALIDATED
ALIAS0000791,DRUG008282,Doxofylline,doxofylline,Doxofylline,medicines.csv,EXACT_CANONICAL_NAME,VALIDATED
ALIAS0000792,DRUG008283,Artesunate,artesunate,Artesunate,medicines.csv,EXACT_CANONICAL_NAME,VALIDATED
ALIAS0000793,DRUG008287,Activated Charcoal,activated charcoal,Activated charcoal,medicines.csv,EXACT_CANONICAL_NAME,VALIDATED
ALIAS0000794,DRUG008290,Magnesium Trisilicate,magnesium trisilicate,Magnesium trisilicate,medicines.csv,EXACT_CANONICAL_NAME,VALIDATED
ALIAS0000795,DRUG008296,Polyethylene Glycol,polyethylene glycol,Polyethylene glycol,medicines.csv,EXACT_CANONICAL_NAME,VALIDATED
ALIAS0000796,DRUG008298,Tianeptine,tianeptine,Tianeptine,medicines.csv,EXACT_CANONICAL_NAME,VALIDATED
ALIAS0000797,DRUG008299,Ramosetron,ramosetron,Ramosetron,medicines.csv,EXACT_CANONICAL_NAME,VALIDATED
ALIAS0000798,DRUG008301,Sacubitril,sacubitril,Sacubitril,medicines.csv,EXACT_CANONICAL_NAME,VALIDATED
ALIAS0000799,DRUG008307,Tenofovir Alafenamide,tenofovir alafenamide,Tenofovir alafenamide,medicines.csv,EXACT_CANONICAL_NAME,VALIDATED
ALIAS0000800,DRUG008324,Thallous Chloride,thallous chloride,Thallous chloride,DDInter,EXACT_NORMALIZED_NAME,VALIDATED
ALIAS0000801,DRUG008329,Zinc Oxide,zinc oxide,Zinc oxide,medicines.csv,EXACT_CANONICAL_NAME,VALIDATED
ALIAS0000802,DRUG008331,Sulbactam,sulbactam,Sulbactam,medicines.csv,EXACT_CANONICAL_NAME,VALIDATED
ALIAS0000803,DRUG008332,Sodium Fluoride,sodium fluoride,Sodium fluoride,medicines.csv,EXACT_CANONICAL_NAME,VALIDATED
ALIAS0000804,DRUG008337,Osimertinib,osimertinib,Osimertinib,medicines.csv,EXACT_CANONICAL_NAME,VALIDATED
ALIAS0000805,DRUG008350,Tipiracil,tipiracil,Tipiracil,medicines.csv,EXACT_CANONICAL_NAME,VALIDATED
ALIAS0000806,DRUG008351,Invert Sugar,invert sugar,Invert sugar,medicines.csv,EXACT_CANONICAL_NAME,VALIDATED
ALIAS0000807,DRUG008362,Protein Hydrolysate,protein hydrolysate,Protein hydrolysate,medicines.csv,EXACT_CANONICAL_NAME,VALIDATED
ALIAS0000808,DRUG008362,Protein Hydrolysate ( ),protein hydrolysate ( ),Protein hydrolysate,medicines.csv,EXACT_CANONICAL_NAME,VALIDATED
ALIAS0000809,DRUG008363,Dexpanthenol,dexpanthenol,Dexpanthenol,medicines.csv,EXACT_CANONICAL_NAME,VALIDATED
ALIAS0000810,DRUG008371,Tannic Acid,tannic acid,Tannic acid,medicines.csv,EXACT_CANONICAL_NAME,VALIDATED
ALIAS0000811,DRUG008386,Norgestrel,norgestrel,Norgestrel,medicines.csv,EXACT_CANONICAL_NAME,VALIDATED
ALIAS0000812,DRUG008387,Amino Acids,amino acids,Amino acids,medicines.csv,EXACT_CANONICAL_NAME,VALIDATED
ALIAS0000813,DRUG008389,Sodium Acetate,sodium acetate,Sodium acetate,medicines.csv,EXACT_CANONICAL_NAME,VALIDATED
ALIAS0000814,DRUG008393,Isosorbide,isosorbide,Isosorbide,medicines.csv,EXACT_CANONICAL_NAME,VALIDATED
ALIAS0000815,DRUG008396,Magnesium Chloride,magnesium chloride,Magnesium chloride,medicines.csv,EXACT_CANONICAL_NAME,VALIDATED
ALIAS0000816,DRUG008421,Glycerin,glycerin,Glycerin,medicines.csv,EXACT_CANONICAL_NAME,VALIDATED
ALIAS0000817,DRUG008424,Enalaprilat,enalaprilat,Enalaprilat,medicines.csv,EXACT_CANONICAL_NAME,VALIDATED
ALIAS0000818,DRUG008434,Cetyl Alcohol,cetyl alcohol,Cetyl alcohol,medicines.csv,EXACT_CANONICAL_NAME,VALIDATED
ALIAS0000819,DRUG008435,Avobenzone,avobenzone,Avobenzone,medicines.csv,EXACT_CANONICAL_NAME,VALIDATED
ALIAS0000820,DRUG008436,Octinoxate,octinoxate,Octinoxate,medicines.csv,EXACT_CANONICAL_NAME,VALIDATED
ALIAS0000821,DRUG008439,Ferric Ammonium Citrate,ferric ammonium citrate,Ferric ammonium citrate,medicines.csv,EXACT_CANONICAL_NAME,VALIDATED
ALIAS0000822,DRUG008445,Simethicone,simethicone,Simethicone,medicines.csv,EXACT_CANONICAL_NAME,VALIDATED
ALIAS0000823,DRUG008447,Mequinol,mequinol,Mequinol,medicines.csv,EXACT_CANONICAL_NAME,VALIDATED
ALIAS0000824,DRUG008449,Hydroquinone,hydroquinone,Hydroquinone,medicines.csv,EXACT_CANONICAL_NAME,VALIDATED
ALIAS0000825,DRUG008454,Octocrylene,octocrylene,Octocrylene,medicines.csv,EXACT_CANONICAL_NAME,VALIDATED
ALIAS0000826,DRUG008455,Titanium Dioxide,titanium dioxide,Titanium dioxide,medicines.csv,EXACT_CANONICAL_NAME,VALIDATED
ALIAS0000827,DRUG008458,Methyl Salicylate,methyl salicylate,Methyl salicylate,medicines.csv,EXACT_CANONICAL_NAME,VALIDATED
ALIAS0000828,DRUG008468,Olive Oil,olive oil,Olive oil,medicines.csv,EXACT_CANONICAL_NAME,VALIDATED
ALIAS0000829,DRUG008709,Karaya Gum,karaya gum,Karaya gum,medicines.csv,EXACT_CANONICAL_NAME,VALIDATED
ALIAS0000830,DRUG008712,Lemon,lemon,Lemon,medicines.csv,EXACT_CANONICAL_NAME,VALIDATED
ALIAS0000831,DRUG008724,Oyster Calcium,oyster calcium,Oyster,medicines.csv,FORM_TO_EXACT_BASE,VALIDATED
ALIAS0000832,DRUG008731,Black Pepper,black pepper,Black pepper,medicines.csv,EXACT_CANONICAL_NAME,VALIDATED
ALIAS0000833,DRUG008752,WHEAT,wheat,Wheat,medicines.csv,EXACT_CANONICAL_NAME,VALIDATED
ALIAS0000834,DRUG008793,Cranberry,cranberry,Cranberry,medicines.csv,EXACT_CANONICAL_NAME,VALIDATED
ALIAS0000835,DRUG008811,Raphanus sativus,raphanus sativus,Raphanus sativus,medicines.csv,EXACT_CANONICAL_NAME,VALIDATED
ALIAS0000836,DRUG008834,Licorice,licorice,Licorice,medicines.csv,EXACT_CANONICAL_NAME,VALIDATED
ALIAS0000837,DRUG008957,Yellow Fever Vaccine,yellow fever vaccine,Yellow fever vaccine,DDInter,EXACT_NORMALIZED_NAME,VALIDATED
ALIAS0000838,DRUG009126,Peppermint,peppermint,Peppermint,medicines.csv,EXACT_CANONICAL_NAME,VALIDATED
ALIAS0000839,DRUG009154,Yeast,yeast,Yeast,medicines.csv,EXACT_CANONICAL_NAME,VALIDATED
ALIAS0000840,DRUG009186,Typhoid vaccine (live),typhoid vaccine (live),Typhoid Vaccine Live,DDInter,EXACT_NORMALIZED_NAME,VALIDATED
ALIAS0000841,DRUG009190,Mineral Oil,mineral oil,Mineral oil,medicines.csv,EXACT_CANONICAL_NAME,VALIDATED
ALIAS0000842,DRUG009192,Carboxymethylcellulose,carboxymethylcellulose,Carboxymethylcellulose,medicines.csv,EXACT_CANONICAL_NAME,VALIDATED
ALIAS0000843,DRUG009193,Polyvinyl Alcohol,polyvinyl alcohol,Polyvinyl alcohol,medicines.csv,EXACT_CANONICAL_NAME,VALIDATED
ALIAS0000844,DRUG009194,Povidone,povidone,Povidone,medicines.csv,EXACT_CANONICAL_NAME,VALIDATED
ALIAS0000845,DRUG009197,Homosalate,homosalate,Homosalate,medicines.csv,EXACT_CANONICAL_NAME,VALIDATED
ALIAS0000846,DRUG009200,Heme Iron Polypeptide,heme iron polypeptide,Heme iron polypeptide,medicines.csv,EXACT_CANONICAL_NAME,VALIDATED
ALIAS0000847,DRUG009206,DIMETHICONE,dimethicone,Dimethicone,medicines.csv,EXACT_CANONICAL_NAME,VALIDATED
ALIAS0000848,DRUG009210,Silver Nitrate,silver nitrate,Silver nitrate,medicines.csv,EXACT_CANONICAL_NAME,VALIDATED
ALIAS0000849,DRUG009212,Coal Tar,coal tar,Coal tar,medicines.csv,EXACT_CANONICAL_NAME,VALIDATED
ALIAS0000850,DRUG009213,Resorcinol,resorcinol,Resorcinol,medicines.csv,EXACT_CANONICAL_NAME,VALIDATED
ALIAS0000851,DRUG009214,Cocoa Butter,cocoa butter,Cocoa butter,medicines.csv,EXACT_CANONICAL_NAME,VALIDATED
ALIAS0000852,DRUG009217,Docusate,docusate,Docusate,medicines.csv,EXACT_CANONICAL_NAME,VALIDATED
ALIAS0000853,DRUG009218,Potassium Nitrate,potassium nitrate,Potassium nitrate,medicines.csv,EXACT_CANONICAL_NAME,VALIDATED
ALIAS0000854,DRUG009221,Calcium Citrate,calcium citrate,Calcium citrate,medicines.csv,EXACT_CANONICAL_NAME,VALIDATED
ALIAS0000855,DRUG009222,Vitamin D,vitamin d,Vitamin D,medicines.csv,EXACT_CANONICAL_NAME,VALIDATED
ALIAS0000856,DRUG009226,Potassium Bicarbonate,potassium bicarbonate,Potassium bicarbonate,medicines.csv,EXACT_CANONICAL_NAME,VALIDATED
ALIAS0000857,DRUG009228,ALLANTOIN,allantoin,Allantoin,medicines.csv,EXACT_CANONICAL_NAME,VALIDATED
ALIAS0000858,DRUG009231,Benzalkonium,benzalkonium,Benzalkonium,medicines.csv,EXACT_CANONICAL_NAME,VALIDATED
ALIAS0000859,DRUG009235,Magnesium Citrate,magnesium citrate,Magnesium citrate,medicines.csv,EXACT_CANONICAL_NAME,VALIDATED
ALIAS0000860,DRUG009237,Lanolin,lanolin,Lanolin,medicines.csv,EXACT_CANONICAL_NAME,VALIDATED
ALIAS0000861,DRUG009238,Castor Oil,castor oil,Castor oil,medicines.csv,EXACT_CANONICAL_NAME,VALIDATED
ALIAS0000862,DRUG009239,Eucalyptus Oil,eucalyptus oil,Eucalyptus oil,medicines.csv,EXACT_CANONICAL_NAME,VALIDATED
ALIAS0000863,DRUG009249,Benzethonium,benzethonium,Benzethonium,medicines.csv,EXACT_CANONICAL_NAME,VALIDATED
ALIAS0000864,DRUG009250,Calcium Gluconate,calcium gluconate,Calcium gluconate,medicines.csv,EXACT_CANONICAL_NAME,VALIDATED
ALIAS0000865,DRUG009256,Silicon Dioxide,silicon dioxide,Silicon dioxide,medicines.csv,EXACT_CANONICAL_NAME,VALIDATED
ALIAS0000866,DRUG009257,Omega 3 Fatty Acids,omega 3 fatty acids,Omega-3 fatty acids,medicines.csv,EXACT_CANONICAL_NAME,VALIDATED
ALIAS0000867,DRUG009257,Omega-3-fatty Acids,omega-3-fatty acids,Omega-3 fatty acids,medicines.csv,EXACT_CANONICAL_NAME,VALIDATED
ALIAS0000868,DRUG009258,Cupric Oxide,cupric oxide,Cupric oxide,medicines.csv,EXACT_CANONICAL_NAME,VALIDATED
ALIAS0000869,DRUG009259,Selenium,selenium,Selenium,medicines.csv,EXACT_CANONICAL_NAME,VALIDATED
ALIAS0000870,DRUG009260,Chromium,chromium,Chromium,medicines.csv,EXACT_CANONICAL_NAME,VALIDATED
ALIAS0000871,DRUG009261,Molybdenum,molybdenum,Molybdenum,medicines.csv,EXACT_CANONICAL_NAME,VALIDATED
ALIAS0000872,DRUG009264,Selenomethionine,selenomethionine,Selenomethionine,medicines.csv,EXACT_CANONICAL_NAME,VALIDATED
ALIAS0000873,DRUG009272,Sodium Hydroxide,sodium hydroxide,Sodium hydroxide,medicines.csv,EXACT_CANONICAL_NAME,VALIDATED
ALIAS0000874,DRUG009274,Potassium Hydroxide,potassium hydroxide,Potassium hydroxide,medicines.csv,EXACT_CANONICAL_NAME,VALIDATED
ALIAS0000875,DRUG009275,Zinc Citrate,zinc citrate,Zinc citrate,medicines.csv,EXACT_CANONICAL_NAME,VALIDATED
ALIAS0000876,DRUG009277,Pyrantel,pyrantel,Pyrantel,medicines.csv,EXACT_CANONICAL_NAME,VALIDATED
ALIAS0000877,DRUG009291,Zinc Picolinate,zinc picolinate,Zinc picolinate,medicines.csv,EXACT_CANONICAL_NAME,VALIDATED
ALIAS0000878,DRUG009292,Zeaxanthin,zeaxanthin,Zeaxanthin,medicines.csv,EXACT_CANONICAL_NAME,VALIDATED
ALIAS0000879,DRUG009296,Homatropine,homatropine,Homatropine,medicines.csv,EXACT_CANONICAL_NAME,VALIDATED
ALIAS0000880,DRUG009308,Papain,papain,Papain,medicines.csv,EXACT_CANONICAL_NAME,VALIDATED
ALIAS0000881,DRUG009309,Xylitol,xylitol,Xylitol,medicines.csv,EXACT_CANONICAL_NAME,VALIDATED
ALIAS0000882,DRUG009311,Peppermint Oil,peppermint oil,Peppermint oil,medicines.csv,EXACT_CANONICAL_NAME,VALIDATED
ALIAS0000883,DRUG009316,Boron,boron,Boron,medicines.csv,EXACT_CANONICAL_NAME,VALIDATED
ALIAS0000884,DRUG009317,Panthenol,panthenol,Panthenol,medicines.csv,EXACT_CANONICAL_NAME,VALIDATED
ALIAS0000885,DRUG009319,Bemotrizinol,bemotrizinol,Bemotrizinol,medicines.csv,EXACT_CANONICAL_NAME,VALIDATED
ALIAS0000886,DRUG009323,Ferrous Bisglycinate,ferrous bisglycinate,Ferrous bisglycinate,medicines.csv,EXACT_CANONICAL_NAME,VALIDATED
ALIAS0000887,DRUG009325,ARBUTIN,arbutin,Arbutin,medicines.csv,EXACT_CANONICAL_NAME,VALIDATED
ALIAS0000888,DRUG009326,TEA TREE OIL,tea tree oil,Tea tree oil,medicines.csv,EXACT_CANONICAL_NAME,VALIDATED
ALIAS0000889,DRUG009339,Lycopene,lycopene,Lycopene,medicines.csv,EXACT_CANONICAL_NAME,VALIDATED
ALIAS0000890,DRUG009345,Trypsin,trypsin,Trypsin,medicines.csv,EXACT_CANONICAL_NAME,VALIDATED
ALIAS0000891,DRUG009346,BORAGE OIL,borage oil,Borage oil,medicines.csv,EXACT_CANONICAL_NAME,VALIDATED
ALIAS0000892,DRUG009353,Zinc Gluconate,zinc gluconate,Zinc gluconate,medicines.csv,EXACT_CANONICAL_NAME,VALIDATED
ALIAS0000893,DRUG009354,Glyceryl Monostearate,glyceryl monostearate,Glyceryl monostearate,medicines.csv,EXACT_CANONICAL_NAME,VALIDATED
ALIAS0000894,DRUG009355,Tocopherol,tocopherol,Tocopherol,medicines.csv,EXACT_CANONICAL_NAME,VALIDATED
ALIAS0000895,DRUG009355,Tocopherol Acetate,tocopherol acetate,Tocopherol,medicines.csv,FORM_TO_EXACT_BASE,VALIDATED
ALIAS0000896,DRUG009357,Xanthan Gum,xanthan gum,Xanthan gum,medicines.csv,EXACT_CANONICAL_NAME,VALIDATED
ALIAS0000897,DRUG009359,Chromium Picolinate,chromium picolinate,Chromium picolinate,medicines.csv,EXACT_CANONICAL_NAME,VALIDATED
ALIAS0000898,DRUG009365,BISOCTRIZOLE,bisoctrizole,Bisoctrizole,medicines.csv,EXACT_CANONICAL_NAME,VALIDATED
ALIAS0000899,DRUG009367,Calcium Glycerophosphate,calcium glycerophosphate,Calcium glycerophosphate,medicines.csv,EXACT_CANONICAL_NAME,VALIDATED
ALIAS0000900,DRUG009372,Diethylamino Hydroxybenzoyl Hexyl Benzoate,diethylamino hydroxybenzoyl hexyl benzoate,Diethylamino hydroxybenzoyl hexyl benzoate,medicines.csv,EXACT_CANONICAL_NAME,VALIDATED
ALIAS0000901,DRUG009389,Borneol,borneol,Borneol,medicines.csv,EXACT_CANONICAL_NAME,VALIDATED
ALIAS0000902,DRUG009403,Phenoxyethanol,phenoxyethanol,Phenoxyethanol,medicines.csv,EXACT_CANONICAL_NAME,VALIDATED
ALIAS0000903,DRUG009405,Bentonite,bentonite,Bentonite,medicines.csv,EXACT_CANONICAL_NAME,VALIDATED
ALIAS0000904,DRUG009412,Cod Liver Oil,cod liver oil,Cod liver oil,medicines.csv,EXACT_CANONICAL_NAME,VALIDATED
ALIAS0000905,DRUG009416,Boric Acid,boric acid,Boric acid,medicines.csv,EXACT_CANONICAL_NAME,VALIDATED
ALIAS0000906,DRUG009424,Ascorbyl Glucoside,ascorbyl glucoside,Ascorbyl glucoside,medicines.csv,EXACT_CANONICAL_NAME,VALIDATED
ALIAS0000907,DRUG009427,Clove Oil,clove oil,Clove oil,medicines.csv,EXACT_CANONICAL_NAME,VALIDATED
ALIAS0000908,DRUG009429,Ichthammol,ichthammol,Ichthammol,medicines.csv,EXACT_CANONICAL_NAME,VALIDATED
ALIAS0000909,DRUG009435,BACILLUS SUBTILIS,bacillus subtilis,Bacillus subtilis,medicines.csv,EXACT_CANONICAL_NAME,VALIDATED
ALIAS0000910,DRUG009436,Calcium Phosphate,calcium phosphate,Calcium Phosphate,medicines.csv,EXACT_CANONICAL_NAME,VALIDATED
ALIAS0000911,DRUG009438,COCAMIDOPROPYL BETAINE,cocamidopropyl betaine,Cocamidopropyl betaine,medicines.csv,EXACT_CANONICAL_NAME,VALIDATED
ALIAS0000912,DRUG009442,Linseed Oil,linseed oil,Linseed oil,medicines.csv,EXACT_CANONICAL_NAME,VALIDATED
ALIAS0000913,DRUG009443,Evening Primrose Oil,evening primrose oil,Evening primrose oil,medicines.csv,EXACT_CANONICAL_NAME,VALIDATED
ALIAS0000914,DRUG009445,LACTOBACILLUS PLANTARUM,lactobacillus plantarum,Lactobacillus plantarum,medicines.csv,EXACT_CANONICAL_NAME,VALIDATED
ALIAS0000915,DRUG009447,Selexipag,selexipag,Selexipag,medicines.csv,EXACT_CANONICAL_NAME,VALIDATED
ALIAS0000916,DRUG009449,Pidotimod,pidotimod,Pidotimod,medicines.csv,EXACT_CANONICAL_NAME,VALIDATED
ALIAS0000917,DRUG009495,SQUALANE,squalane,Squalane,medicines.csv,EXACT_CANONICAL_NAME,VALIDATED
ALIAS0000918,DRUG009617,Light Mineral Oil,light mineral oil,Light mineral oil,medicines.csv,EXACT_CANONICAL_NAME,VALIDATED
ALIAS0000919,DRUG009620,Thiocolchicoside,thiocolchicoside,Thiocolchicoside,medicines.csv,EXACT_CANONICAL_NAME,VALIDATED
ALIAS0000920,DRUG009629,Bilastine,bilastine,Bilastine,medicines.csv,EXACT_CANONICAL_NAME,VALIDATED
ALIAS0000921,DRUG009640,Hydroxyethyl Cellulose,hydroxyethyl cellulose,Hydroxyethyl cellulose,medicines.csv,EXACT_CANONICAL_NAME,VALIDATED
ALIAS0000922,DRUG009649,Lifitegrast,lifitegrast,Lifitegrast,medicines.csv,EXACT_CANONICAL_NAME,VALIDATED
ALIAS0000923,DRUG009650,Velpatasvir,velpatasvir,Velpatasvir,medicines.csv,EXACT_CANONICAL_NAME,VALIDATED
ALIAS0000924,DRUG009651,Rupatadine,rupatadine,Rupatadine,medicines.csv,EXACT_CANONICAL_NAME,VALIDATED
ALIAS0000925,DRUG009669,Isavuconazole,isavuconazole,Isavuconazole,medicines.csv,EXACT_CANONICAL_NAME,VALIDATED
ALIAS0000926,DRUG009692,Rebamipide,rebamipide,Rebamipide,medicines.csv,EXACT_CANONICAL_NAME,VALIDATED
ALIAS0000927,DRUG009708,Curcumin,curcumin,Curcumin,medicines.csv,EXACT_CANONICAL_NAME,VALIDATED
ALIAS0000928,DRUG009709,Pyridoxamine,pyridoxamine,Pyridoxamine,medicines.csv,EXACT_CANONICAL_NAME,VALIDATED
ALIAS0000929,DRUG009711,Mosapride,mosapride,Mosapride,medicines.csv,EXACT_CANONICAL_NAME,VALIDATED
ALIAS0000930,DRUG009732,Racecadotril,racecadotril,Racecadotril,medicines.csv,EXACT_CANONICAL_NAME,VALIDATED
ALIAS0000931,DRUG009739,Acalabrutinib,acalabrutinib,Acalabrutinib,medicines.csv,EXACT_CANONICAL_NAME,VALIDATED
ALIAS0000932,DRUG009764,Ribociclib,ribociclib,Ribociclib,medicines.csv,EXACT_CANONICAL_NAME,VALIDATED
ALIAS0000933,DRUG009766,Lasmiditan,lasmiditan,Lasmiditan,medicines.csv,EXACT_CANONICAL_NAME,VALIDATED
ALIAS0000934,DRUG009772,Vonoprazan,vonoprazan,Vonoprazan,medicines.csv,EXACT_CANONICAL_NAME,VALIDATED
ALIAS0000935,DRUG009775,Ebastine,ebastine,Ebastine,medicines.csv,EXACT_CANONICAL_NAME,VALIDATED
ALIAS0000936,DRUG009781,Benfotiamine,benfotiamine,Benfotiamine,medicines.csv,EXACT_CANONICAL_NAME,VALIDATED
ALIAS0000937,DRUG009783,Clobetasol,clobetasol,Clobetasol,medicines.csv,EXACT_CANONICAL_NAME,VALIDATED
ALIAS0000938,DRUG009849,Baricitinib,baricitinib,Baricitinib,medicines.csv,EXACT_CANONICAL_NAME,VALIDATED
ALIAS0000939,DRUG009885,Relugolix,relugolix,Relugolix,medicines.csv,EXACT_CANONICAL_NAME,VALIDATED
ALIAS0000940,DRUG009931,Apalutamide,apalutamide,Apalutamide,medicines.csv,EXACT_CANONICAL_NAME,VALIDATED
ALIAS0000941,DRUG009950,Deflazacort,deflazacort,Deflazacort,medicines.csv,EXACT_CANONICAL_NAME,VALIDATED
ALIAS0000942,DRUG009964,Bempedoic Acid,bempedoic acid,Bempedoic acid,medicines.csv,EXACT_CANONICAL_NAME,VALIDATED
ALIAS0000943,DRUG009978,Teneligliptin,teneligliptin,Teneligliptin,medicines.csv,EXACT_CANONICAL_NAME,VALIDATED
ALIAS0000944,DRUG009991,Dacomitinib,dacomitinib,Dacomitinib,medicines.csv,EXACT_CANONICAL_NAME,VALIDATED
ALIAS0000945,DRUG009992,Ilaprazole,ilaprazole,Ilaprazole,medicines.csv,EXACT_CANONICAL_NAME,VALIDATED
ALIAS0000946,DRUG010007,Elagolix,elagolix,Elagolix,medicines.csv,EXACT_CANONICAL_NAME,VALIDATED
ALIAS0000947,DRUG010022,Diacerein,diacerein,Diacerein,medicines.csv,EXACT_CANONICAL_NAME,VALIDATED
ALIAS0000948,DRUG010029,Abemaciclib,abemaciclib,Abemaciclib,medicines.csv,EXACT_CANONICAL_NAME,VALIDATED
ALIAS0000949,DRUG010035,Isoflavone,isoflavone,Isoflavone,medicines.csv,EXACT_CANONICAL_NAME,VALIDATED
ALIAS0000950,DRUG010119,Naftopidil,naftopidil,Naftopidil,medicines.csv,EXACT_CANONICAL_NAME,VALIDATED
ALIAS0000951,DRUG010153,Sultamicillin,sultamicillin,Sultamicillin,medicines.csv,EXACT_CANONICAL_NAME,VALIDATED
ALIAS0000952,DRUG010157,Vinpocetine,vinpocetine,Vinpocetine,medicines.csv,EXACT_CANONICAL_NAME,VALIDATED
ALIAS0000953,DRUG010179,Citicoline,citicoline,Citicoline,medicines.csv,EXACT_CANONICAL_NAME,VALIDATED
ALIAS0000954,DRUG010213,Faropenem,faropenem,Faropenem,medicines.csv,EXACT_CANONICAL_NAME,VALIDATED
ALIAS0000955,DRUG010254,Iguratimod,iguratimod,Iguratimod,medicines.csv,EXACT_CANONICAL_NAME,VALIDATED
ALIAS0000956,DRUG010264,Edaravone,edaravone,Edaravone,medicines.csv,EXACT_CANONICAL_NAME,VALIDATED
ALIAS0000957,DRUG010269,Tulobuterol,tulobuterol,Tulobuterol,medicines.csv,EXACT_CANONICAL_NAME,VALIDATED
ALIAS0000958,DRUG010314,Nefopam,nefopam,Nefopam,medicines.csv,EXACT_CANONICAL_NAME,VALIDATED
ALIAS0000959,DRUG010416,Polmacoxib,polmacoxib,Polmacoxib,medicines.csv,EXACT_CANONICAL_NAME,VALIDATED
ALIAS0000960,DRUG010435,SACCHARIN,saccharin,Saccharin,medicines.csv,EXACT_CANONICAL_NAME,VALIDATED
ALIAS0000961,DRUG010462,Nadifloxacin,nadifloxacin,Nadifloxacin,medicines.csv,EXACT_CANONICAL_NAME,VALIDATED
ALIAS0000962,DRUG010486,Levodropropizine,levodropropizine,Levodropropizine,medicines.csv,EXACT_CANONICAL_NAME,VALIDATED
ALIAS0000963,DRUG010492,Piribedil,piribedil,Piribedil,medicines.csv,EXACT_CANONICAL_NAME,VALIDATED
ALIAS0000964,DRUG010496,Acotiamide,acotiamide,Acotiamide,medicines.csv,EXACT_CANONICAL_NAME,VALIDATED
ALIAS0000965,DRUG010500,Elobixibat,elobixibat,Elobixibat,medicines.csv,EXACT_CANONICAL_NAME,VALIDATED
ALIAS0000966,DRUG010532,Mizolastine,mizolastine,Mizolastine,medicines.csv,EXACT_CANONICAL_NAME,VALIDATED
ALIAS0000967,DRUG010541,Oxetacaine,oxetacaine,Oxetacaine,medicines.csv,EXACT_CANONICAL_NAME,VALIDATED
ALIAS0000968,DRUG010559,Fluocinolone,fluocinolone,Fluocinolone,medicines.csv,EXACT_CANONICAL_NAME,VALIDATED
ALIAS0000969,DRUG010560,Mebeverine,mebeverine,Mebeverine,medicines.csv,EXACT_CANONICAL_NAME,VALIDATED
ALIAS0000970,DRUG010588,Piperine,piperine,Piperine,medicines.csv,EXACT_CANONICAL_NAME,VALIDATED
ALIAS0000971,DRUG010589,Maltodextrin,maltodextrin,Maltodextrin,medicines.csv,EXACT_CANONICAL_NAME,VALIDATED
ALIAS0000972,DRUG010627,Octenidine,octenidine,Octenidine,medicines.csv,EXACT_CANONICAL_NAME,VALIDATED
ALIAS0000973,DRUG010649,Tocotrienol,tocotrienol,Tocotrienol,medicines.csv,EXACT_CANONICAL_NAME,VALIDATED
ALIAS0000974,DRUG010689,Moxetumomab Pasudotox,moxetumomab pasudotox,Moxetumomab pasudotox,DDInter,EXACT_NORMALIZED_NAME,VALIDATED
ALIAS0000975,DRUG010750,Malic Acid,malic acid,Malic acid,medicines.csv,EXACT_CANONICAL_NAME,VALIDATED
ALIAS0000976,DRUG010769,Lafutidine,lafutidine,Lafutidine,medicines.csv,EXACT_CANONICAL_NAME,VALIDATED
ALIAS0000977,DRUG010781,Benserazide,benserazide,Benserazide,medicines.csv,EXACT_CANONICAL_NAME,VALIDATED
ALIAS0000978,DRUG010828,Secnidazole,secnidazole,Secnidazole,medicines.csv,EXACT_CANONICAL_NAME,VALIDATED
ALIAS0000979,DRUG010915,Ozenoxacin,ozenoxacin,Ozenoxacin,medicines.csv,EXACT_CANONICAL_NAME,VALIDATED
ALIAS0000980,DRUG010921,Opipramol,opipramol,Opipramol,medicines.csv,EXACT_CANONICAL_NAME,VALIDATED
ALIAS0000981,DRUG010932,Lactitol,lactitol,Lactitol,medicines.csv,EXACT_CANONICAL_NAME,VALIDATED
ALIAS0000982,DRUG010935,Dihydralazine,dihydralazine,Dihydralazine,medicines.csv,EXACT_CANONICAL_NAME,VALIDATED
ALIAS0000983,DRUG011013,Tiapride,tiapride,Tiapride,medicines.csv,EXACT_CANONICAL_NAME,VALIDATED
ALIAS0000984,DRUG011014,Ornidazole,ornidazole,Ornidazole,medicines.csv,EXACT_CANONICAL_NAME,VALIDATED
ALIAS0000985,DRUG011030,Fenoverine,fenoverine,Fenoverine,medicines.csv,EXACT_CANONICAL_NAME,VALIDATED
ALIAS0000986,DRUG011100,Saroglitazar,saroglitazar,Saroglitazar,medicines.csv,EXACT_CANONICAL_NAME,VALIDATED
ALIAS0000987,DRUG011109,Troxerutin,troxerutin,Troxerutin,medicines.csv,EXACT_CANONICAL_NAME,VALIDATED
ALIAS0000988,DRUG011117,Von Willebrand Factor Human,von willebrand factor human,Von Willebrand factor human,DDInter,EXACT_NORMALIZED_NAME,VALIDATED
ALIAS0000989,DRUG011123,Levosalbutamol,levosalbutamol,Levosalbutamol,medicines.csv,EXACT_CANONICAL_NAME,VALIDATED
ALIAS0000990,DRUG011140,Inosine Pranobex,inosine pranobex,Inosine pranobex,medicines.csv,EXACT_CANONICAL_NAME,VALIDATED
ALIAS0000991,DRUG011142,Clobetasone,clobetasone,Clobetasone,medicines.csv,EXACT_CANONICAL_NAME,VALIDATED
ALIAS0000992,DRUG011147,Ripasudil,ripasudil,Ripasudil,medicines.csv,EXACT_CANONICAL_NAME,VALIDATED
ALIAS0000993,DRUG011150,Omega 6 Fatty Acids,omega 6 fatty acids,Omega-6 fatty acids,medicines.csv,EXACT_CANONICAL_NAME,VALIDATED
ALIAS0000994,DRUG011151,Nandrolone,nandrolone,Nandrolone,medicines.csv,EXACT_CANONICAL_NAME,VALIDATED
ALIAS0000995,DRUG011152,Plecanatide,plecanatide,Plecanatide,medicines.csv,EXACT_CANONICAL_NAME,VALIDATED
ALIAS0000996,DRUG011159,Inositol,inositol,Inositol,medicines.csv,EXACT_CANONICAL_NAME,VALIDATED
ALIAS0000997,DRUG011163,Daidzein,daidzein,Daidzein,medicines.csv,EXACT_CANONICAL_NAME,VALIDATED
ALIAS0000998,DRUG011175,Pepsin,pepsin,Pepsin,medicines.csv,EXACT_CANONICAL_NAME,VALIDATED
ALIAS0000999,DRUG011195,Mandelic Acid,mandelic acid,Mandelic acid,medicines.csv,EXACT_CANONICAL_NAME,VALIDATED
ALIAS0001000,DRUG011208,CALCIUM LACTATE,calcium lactate,Calcium lactate,medicines.csv,EXACT_CANONICAL_NAME,VALIDATED
ALIAS0001001,DRUG011286,Ormeloxifene,ormeloxifene,Ormeloxifene,medicines.csv,EXACT_CANONICAL_NAME,VALIDATED
ALIAS0001002,DRUG011298,Hydrotalcite,hydrotalcite,Hydrotalcite,medicines.csv,EXACT_CANONICAL_NAME,VALIDATED
ALIAS0001003,DRUG011339,Oxaceprol,oxaceprol,Oxaceprol,medicines.csv,EXACT_CANONICAL_NAME,VALIDATED
ALIAS0001004,DRUG011357,Sodium Feredetate,sodium feredetate,Sodium feredetate,medicines.csv,EXACT_CANONICAL_NAME,VALIDATED
ALIAS0001005,DRUG011391,Sulbutiamine,sulbutiamine,Sulbutiamine,medicines.csv,EXACT_CANONICAL_NAME,VALIDATED
ALIAS0001006,DRUG011394,Troxipide,troxipide,Troxipide,medicines.csv,EXACT_CANONICAL_NAME,VALIDATED
ALIAS0001007,DRUG011398,Ferric Hydroxide,ferric hydroxide,Ferric hydroxide,medicines.csv,EXACT_CANONICAL_NAME,VALIDATED
ALIAS0001008,DRUG011408,Fenticonazole,fenticonazole,Fenticonazole,medicines.csv,EXACT_CANONICAL_NAME,VALIDATED
ALIAS0001009,DRUG011419,Guar Gum,guar gum,Guar gum,medicines.csv,EXACT_CANONICAL_NAME,VALIDATED
ALIAS0001010,DRUG011464,Policresulen,policresulen,Policresulen,medicines.csv,EXACT_CANONICAL_NAME,VALIDATED
ALIAS0001011,DRUG011469,Valethamate,valethamate,Valethamate,medicines.csv,EXACT_CANONICAL_NAME,VALIDATED
ALIAS0001012,DRUG011471,Otilonium,otilonium,Otilonium,medicines.csv,EXACT_CANONICAL_NAME,VALIDATED
ALIAS0001013,DRUG011495,Propyphenazone,propyphenazone,Propyphenazone,medicines.csv,EXACT_CANONICAL_NAME,VALIDATED
ALIAS0001014,DRUG011535,Benzoxonium,benzoxonium,Benzoxonium,medicines.csv,EXACT_CANONICAL_NAME,VALIDATED
ALIAS0001015,DRUG011553,Mephenesin,mephenesin,Mephenesin,medicines.csv,EXACT_CANONICAL_NAME,VALIDATED
ALIAS0001016,DRUG011557,Mesterolone,mesterolone,Mesterolone,medicines.csv,EXACT_CANONICAL_NAME,VALIDATED
ALIAS0001017,DRUG011624,Eberconazole,eberconazole,Eberconazole,medicines.csv,EXACT_CANONICAL_NAME,VALIDATED
ALIAS0001018,DRUG011647,Dexchlorpheniramine,dexchlorpheniramine,Dexchlorpheniramine,medicines.csv,EXACT_CANONICAL_NAME,VALIDATED
ALIAS0001019,DRUG011699,Butamirate,butamirate,Butamirate,medicines.csv,EXACT_CANONICAL_NAME,VALIDATED
ALIAS0001020,DRUG011706,Camylofin,camylofin,Camylofin,medicines.csv,EXACT_CANONICAL_NAME,VALIDATED
ALIAS0001021,DRUG011730,Dexrabeprazole,dexrabeprazole,Dexrabeprazole,medicines.csv,EXACT_CANONICAL_NAME,VALIDATED
ALIAS0001022,DRUG011751,Acemetacin,acemetacin,Acemetacin,medicines.csv,EXACT_CANONICAL_NAME,VALIDATED
ALIAS0001023,DRUG011803,Caroverine,caroverine,Caroverine,medicines.csv,EXACT_CANONICAL_NAME,VALIDATED
ALIAS0001024,DRUG011834,Fluticasone,fluticasone,Fluticasone,medicines.csv,EXACT_CANONICAL_NAME,VALIDATED
ALIAS0001025,DRUG011839,Fenofibric Acid,fenofibric acid,Fenofibric acid,medicines.csv,EXACT_CANONICAL_NAME,VALIDATED
ALIAS0001026,DRUG011847,Methyl Nicotinate,methyl nicotinate,Methyl nicotinate,medicines.csv,EXACT_CANONICAL_NAME,VALIDATED
ALIAS0001027,DRUG011871,Aloe Vera Leaf,aloe vera leaf,Aloe vera leaf,DDInter,EXACT_NORMALIZED_NAME,VALIDATED
ALIAS0001028,DRUG011873,Amylmetacresol,amylmetacresol,Amylmetacresol,medicines.csv,EXACT_CANONICAL_NAME,VALIDATED
ALIAS0001029,DRUG011878,Belladonna,belladonna,Belladonna,medicines.csv,EXACT_CANONICAL_NAME,VALIDATED
ALIAS0001030,DRUG011888,Varicella Zoster Vaccine (Recombinant),varicella zoster vaccine (recombinant),Varicella zoster vaccine (recombinant),DDInter,EXACT_NORMALIZED_NAME,VALIDATED
ALIAS0001031,DRUG011905,Piperaquine,piperaquine,Piperaquine,medicines.csv,EXACT_CANONICAL_NAME,VALIDATED
ALIAS0001032,DRUG011918,Estradiol Valerate,estradiol valerate,Estradiol valerate,medicines.csv,EXACT_CANONICAL_NAME,VALIDATED
ALIAS0001033,DRUG011928,Isopropyl Myristate,isopropyl myristate,Isopropyl myristate,medicines.csv,EXACT_CANONICAL_NAME,VALIDATED
ALIAS0001034,DRUG011948,Strontium Chloride,strontium chloride,Strontium chloride,medicines.csv,EXACT_CANONICAL_NAME,VALIDATED
ALIAS0001035,DRUG011967,Choline Salicylate,choline salicylate,Choline salicylate,medicines.csv,EXACT_CANONICAL_NAME,VALIDATED
ALIAS0001036,DRUG011981,Benzoin,benzoin,Benzoin,medicines.csv,EXACT_CANONICAL_NAME,VALIDATED
ALIAS0001037,DRUG011994,Beta Sitosterol,beta sitosterol,beta-Sitosterol,medicines.csv,EXACT_CANONICAL_NAME,VALIDATED
ALIAS0001038,DRUG012054,Soy Isoflavones,soy isoflavones,Soy isoflavones,medicines.csv,EXACT_CANONICAL_NAME,VALIDATED
ALIAS0001039,DRUG012057,LINOLEIC ACID,linoleic acid,Linoleic acid,medicines.csv,EXACT_CANONICAL_NAME,VALIDATED
ALIAS0001040,DRUG012062,Alpha Arbutin,alpha arbutin,alpha-Arbutin,medicines.csv,EXACT_CANONICAL_NAME,VALIDATED
ALIAS0001041,DRUG012062,Alpha-Arbutin,alpha-arbutin,alpha-Arbutin,medicines.csv,EXACT_CANONICAL_NAME,VALIDATED
ALIAS0001042,DRUG012063,Butylene Glycol,butylene glycol,Butylene glycol,medicines.csv,EXACT_CANONICAL_NAME,VALIDATED
ALIAS0001043,DRUG012076,Cyclomethicone,cyclomethicone,Cyclomethicone,medicines.csv,EXACT_CANONICAL_NAME,VALIDATED
ALIAS0001044,DRUG012078,Tenofovir,tenofovir,Tenofovir,medicines.csv,EXACT_CANONICAL_NAME,VALIDATED
ALIAS0001045,DRUG012086,Hypochlorous Acid,hypochlorous acid,Hypochlorous acid,medicines.csv,EXACT_CANONICAL_NAME,VALIDATED
ALIAS0001046,DRUG012101,Phosphorus,phosphorus,Phosphorus,medicines.csv,EXACT_CANONICAL_NAME,VALIDATED
ALIAS0001047,DRUG012127,Propylparaben,propylparaben,Propylparaben,medicines.csv,EXACT_CANONICAL_NAME,VALIDATED
ALIAS0001048,DRUG012162,Methylparaben,methylparaben,Methylparaben,medicines.csv,EXACT_CANONICAL_NAME,VALIDATED
ALIAS0001049,DRUG012171,Lactobacillus Reuteri,lactobacillus reuteri,Lactobacillus reuteri,medicines.csv,EXACT_CANONICAL_NAME,VALIDATED
ALIAS0001050,DRUG012189,Honey,honey,Honey,medicines.csv,EXACT_CANONICAL_NAME,VALIDATED
ALIAS0001051,DRUG012199,Jojoba Oil,jojoba oil,Jojoba oil,medicines.csv,EXACT_CANONICAL_NAME,VALIDATED
ALIAS0001052,DRUG012203,Centella asiatica,centella asiatica,Centella asiatica,medicines.csv,EXACT_CANONICAL_NAME,VALIDATED
ALIAS0001053,DRUG012219,Rosemary,rosemary,Rosemary,medicines.csv,EXACT_CANONICAL_NAME,VALIDATED
ALIAS0001054,DRUG012257,Argan Oil,argan oil,Argan oil,medicines.csv,EXACT_CANONICAL_NAME,VALIDATED
ALIAS0001055,DRUG012258,Shea Butter,shea butter,Shea butter,medicines.csv,EXACT_CANONICAL_NAME,VALIDATED
ALIAS0001056,DRUG012259,Glycyrrhiza glabra,glycyrrhiza glabra,Glycyrrhiza glabra,medicines.csv,EXACT_CANONICAL_NAME,VALIDATED
ALIAS0001057,DRUG012269,Coconut Oil,coconut oil,Coconut oil,medicines.csv,EXACT_CANONICAL_NAME,VALIDATED
ALIAS0001058,DRUG012270,GRAPE SEED OIL,grape seed oil,Grape seed oil,medicines.csv,EXACT_CANONICAL_NAME,VALIDATED
ALIAS0001059,DRUG012276,Sunflower Oil,sunflower oil,Sunflower oil,medicines.csv,EXACT_CANONICAL_NAME,VALIDATED
ALIAS0001060,DRUG012304,Chamomile,chamomile,Chamomile,medicines.csv,EXACT_CANONICAL_NAME,VALIDATED
ALIAS0001061,DRUG012305,Tribulus terrestris,tribulus terrestris,Tribulus terrestris,medicines.csv,EXACT_CANONICAL_NAME,VALIDATED
ALIAS0001062,DRUG012307,Saw Palmetto,saw palmetto,Saw palmetto,medicines.csv,EXACT_CANONICAL_NAME,VALIDATED
ALIAS0001063,DRUG012427,Calcium Ascorbate,calcium ascorbate,Calcium ascorbate,medicines.csv,EXACT_CANONICAL_NAME,VALIDATED
ALIAS0001064,DRUG012429,Zinc Ascorbate,zinc ascorbate,Zinc ascorbate,medicines.csv,EXACT_CANONICAL_NAME,VALIDATED
ALIAS0001065,DRUG012431,Zinc Acetate,zinc acetate,Zinc acetate,medicines.csv,EXACT_CANONICAL_NAME,VALIDATED
ALIAS0001066,DRUG012432,Ferrous Gluconate,ferrous gluconate,Ferrous gluconate,medicines.csv,EXACT_CANONICAL_NAME,VALIDATED
ALIAS0001067,DRUG012433,Ferrous Succinate,ferrous succinate,Ferrous succinate,medicines.csv,EXACT_CANONICAL_NAME,VALIDATED
ALIAS0001068,DRUG012434,Ferrous Ascorbate,ferrous ascorbate,Ferrous ascorbate,medicines.csv,EXACT_CANONICAL_NAME,VALIDATED
ALIAS0001069,DRUG012435,Ferrous Fumarate,ferrous fumarate,Ferrous fumarate,medicines.csv,EXACT_CANONICAL_NAME,VALIDATED
ALIAS0001070,DRUG012440,Sodium Molybdate,sodium molybdate,Sodium molybdate,medicines.csv,EXACT_CANONICAL_NAME,VALIDATED
ALIAS0001071,DRUG012444,Potassium,potassium,Potassium,medicines.csv,EXACT_CANONICAL_NAME,VALIDATED
ALIAS0001072,DRUG012449,Sodium Borate,sodium borate,Sodium borate,medicines.csv,EXACT_CANONICAL_NAME,VALIDATED
ALIAS0001073,DRUG012453,Lithium Carbonate,lithium carbonate,Lithium carbonate,medicines.csv,EXACT_CANONICAL_NAME,VALIDATED
ALIAS0001074,DRUG012457,Magnesium,magnesium,Magnesium,medicines.csv,EXACT_CANONICAL_NAME,VALIDATED
ALIAS0001075,DRUG012477,Zinc Chloride,zinc chloride,Zinc chloride,medicines.csv,EXACT_CANONICAL_NAME,VALIDATED
ALIAS0001076,DRUG012510,Lavender Oil,lavender oil,Lavender oil,medicines.csv,EXACT_CANONICAL_NAME,VALIDATED
ALIAS0001077,DRUG012513,Tedizolid,tedizolid,Tedizolid,medicines.csv,EXACT_CANONICAL_NAME,VALIDATED
ALIAS0001078,DRUG012514,Hydroxyprogesterone,hydroxyprogesterone,Hydroxyprogesterone,medicines.csv,EXACT_CANONICAL_NAME,VALIDATED
ALIAS0001079,DRUG012519,Eslicarbazepine,eslicarbazepine,Eslicarbazepine,medicines.csv,EXACT_CANONICAL_NAME,VALIDATED
ALIAS0001080,DRUG012530,Citrus Bioflavonoids,citrus bioflavonoids,Citrus bioflavonoids,medicines.csv,EXACT_CANONICAL_NAME,VALIDATED
ALIAS0001081,DRUG012632,Rosemary Oil,rosemary oil,Rosemary oil,medicines.csv,EXACT_CANONICAL_NAME,VALIDATED
ALIAS0001082,DRUG012633,Ginger Oil,ginger oil,Ginger oil,medicines.csv,EXACT_CANONICAL_NAME,VALIDATED
ALIAS0001083,DRUG012635,Turmeric Oil,turmeric oil,Turmeric oil,medicines.csv,EXACT_CANONICAL_NAME,VALIDATED
ALIAS0001084,DRUG012669,Dabigatran,dabigatran,Dabigatran,medicines.csv,EXACT_CANONICAL_NAME,VALIDATED
ALIAS0001085,DRUG012683,Hyaluronidase,hyaluronidase,Hyaluronidase,medicines.csv,EXACT_CANONICAL_NAME,VALIDATED
ALIAS0001086,DRUG012778,Polydextrose,polydextrose,Polydextrose,medicines.csv,EXACT_CANONICAL_NAME,VALIDATED
ALIAS0001087,DRUG012985,SUCRALOSE,sucralose,Sucralose,medicines.csv,EXACT_CANONICAL_NAME,VALIDATED
ALIAS0001088,DRUG013111,Alpha Lactalbumin,alpha lactalbumin,alpha-Lactalbumin,medicines.csv,EXACT_CANONICAL_NAME,VALIDATED
ALIAS0001089,DRUG013219,Epalrestat,epalrestat,Epalrestat,medicines.csv,EXACT_CANONICAL_NAME,VALIDATED
ALIAS0001090,DRUG013253,nattokinase,nattokinase,Nattokinase,medicines.csv,EXACT_CANONICAL_NAME,VALIDATED
ALIAS0001091,DRUG013258,Biochanin A,biochanin a,Biochanin A,medicines.csv,EXACT_CANONICAL_NAME,VALIDATED
ALIAS0001092,DRUG013273,D Chiro Inositol,d chiro inositol,D-chiro-Inositol,medicines.csv,EXACT_CANONICAL_NAME,VALIDATED
ALIAS0001093,DRUG013273,D-Chiro Inositol,d-chiro inositol,D-chiro-Inositol,medicines.csv,EXACT_CANONICAL_NAME,VALIDATED
ALIAS0001094,DRUG013303,Menaquinone,menaquinone,Menaquinone,medicines.csv,EXACT_CANONICAL_NAME,VALIDATED
ALIAS0001095,DRUG013377,Vericiguat,vericiguat,Vericiguat,medicines.csv,EXACT_CANONICAL_NAME,VALIDATED
ALIAS0001096,DRUG013499,Climbazole,climbazole,Climbazole,medicines.csv,EXACT_CANONICAL_NAME,VALIDATED
ALIAS0001097,DRUG013566,Carbomer,carbomer,Carbomer,medicines.csv,EXACT_CANONICAL_NAME,VALIDATED
ALIAS0001098,DRUG013578,Molnupiravir,molnupiravir,Molnupiravir,medicines.csv,EXACT_CANONICAL_NAME,VALIDATED
ALIAS0001099,DRUG013679,Benzyl Nicotinate,benzyl nicotinate,Benzyl nicotinate,medicines.csv,EXACT_CANONICAL_NAME,VALIDATED
ALIAS0001100,DRUG013691,Anise Oil,anise oil,Anise oil,medicines.csv,EXACT_CANONICAL_NAME,VALIDATED
ALIAS0001101,DRUG013737,Lactobacillus acidophilus,lactobacillus acidophilus,Lactobacillus acidophilus,medicines.csv,EXACT_CANONICAL_NAME,VALIDATED
ALIAS0001102,DRUG013746,Lecithin,lecithin,Lecithin,medicines.csv,EXACT_CANONICAL_NAME,VALIDATED
ALIAS0001103,DRUG013753,Sodium Metabisulfite,sodium metabisulfite,Sodium metabisulfite,medicines.csv,EXACT_CANONICAL_NAME,VALIDATED
ALIAS0001104,DRUG013825,Anethole,anethole,Anethole,medicines.csv,EXACT_CANONICAL_NAME,VALIDATED
ALIAS0001105,DRUG013826,Camphene,camphene,Camphene,medicines.csv,EXACT_CANONICAL_NAME,VALIDATED
ALIAS0001106,DRUG013827,Fenchone,fenchone,Fenchone,medicines.csv,EXACT_CANONICAL_NAME,VALIDATED
ALIAS0001107,DRUG013862,Stearyl Alcohol,stearyl alcohol,Stearyl alcohol,medicines.csv,EXACT_CANONICAL_NAME,VALIDATED
ALIAS0001108,DRUG013865,Terpineol,terpineol,Terpineol,medicines.csv,EXACT_CANONICAL_NAME,VALIDATED
ALIAS0001109,DRUG013895,Cinnamon Oil,cinnamon oil,Cinnamon oil,medicines.csv,EXACT_CANONICAL_NAME,VALIDATED
ALIAS0001110,DRUG013911,Testosterone Isocaproate,testosterone isocaproate,Testosterone isocaproate,medicines.csv,EXACT_CANONICAL_NAME,VALIDATED
ALIAS0001111,DRUG013912,Testosterone Phenylpropionate,testosterone phenylpropionate,Testosterone phenylpropionate,medicines.csv,EXACT_CANONICAL_NAME,VALIDATED
ALIAS0001112,DRUG013930,Levosulpiride,levosulpiride,Levosulpiride,medicines.csv,EXACT_CANONICAL_NAME,VALIDATED
ALIAS0001113,DRUG014044,Desidustat,desidustat,Desidustat,medicines.csv,EXACT_CANONICAL_NAME,VALIDATED
ALIAS0001114,DRUG014074,Finerenone,finerenone,Finerenone,medicines.csv,EXACT_CANONICAL_NAME,VALIDATED
ALIAS0001115,DRUG014389,BACILLUS CLAUSII,bacillus clausii,Bacillus clausii,medicines.csv,EXACT_CANONICAL_NAME,VALIDATED
ALIAS0001116,DRUG014390,Bifidobacterium Bifidum,bifidobacterium bifidum,Bifidobacterium bifidum,medicines.csv,EXACT_CANONICAL_NAME,VALIDATED
ALIAS0001117,DRUG014393,Lactobacillus Casei,lactobacillus casei,Lactobacillus casei,medicines.csv,EXACT_CANONICAL_NAME,VALIDATED
ALIAS0001118,DRUG014400,Streptococcus Thermophilus,streptococcus thermophilus,Streptococcus thermophilus,medicines.csv,EXACT_CANONICAL_NAME,VALIDATED
ALIAS0001119,DRUG014406,Metadoxine,metadoxine,Metadoxine,medicines.csv,EXACT_CANONICAL_NAME,VALIDATED
ALIAS0001120,DRUG014407,Lactoferrin,lactoferrin,Lactoferrin,medicines.csv,EXACT_CANONICAL_NAME,VALIDATED
ALIAS0001121,DRUG014416,Mucopolysaccharide Polysulphate,mucopolysaccharide polysulphate,Mucopolysaccharide polysulphate,medicines.csv,EXACT_CANONICAL_NAME,VALIDATED
ALIAS0001122,DRUG014422,Wheat Germ Oil,wheat germ oil,Wheat germ oil,medicines.csv,EXACT_CANONICAL_NAME,VALIDATED
ALIAS0001123,DRUG014424,Cadexomer Iodine,cadexomer iodine,Cadexomer iodine,medicines.csv,EXACT_CANONICAL_NAME,VALIDATED
ALIAS0001124,DRUG014451,Cerebrolysin,cerebrolysin,Cerebrolysin,medicines.csv,EXACT_CANONICAL_NAME,VALIDATED
ALIAS0001125,DRUG014453,Citronella Oil,citronella oil,Citronella oil,medicines.csv,EXACT_CANONICAL_NAME,VALIDATED
ALIAS0001126,DRUG014473,LACTOBIONIC ACID,lactobionic acid,Lactobionic acid,medicines.csv,EXACT_CANONICAL_NAME,VALIDATED
ALIAS0001127,DRUG014713,Chlorocresol,chlorocresol,Chlorocresol,medicines.csv,EXACT_CANONICAL_NAME,VALIDATED
ALIAS0001128,DRUG014716,Maltitol,maltitol,Maltitol,medicines.csv,EXACT_CANONICAL_NAME,VALIDATED
ALIAS0001129,DRUG015138,L ARGININE,l arginine,L-arginine,medicines.csv,EXACT_CANONICAL_NAME,VALIDATED
ALIAS0001130,DRUG015138,L-Arginine,l-arginine,L-arginine,medicines.csv,EXACT_CANONICAL_NAME,VALIDATED
