record_id,generic,disease,min_age_d,max_age_d,min_age_m,max_age_m,min_age_y,max_age_y,min_weight,max_weight,min_dose_dw_mg,max_dose_dw_mg,min_dose_dw_iu,max_dose_dw_iu,limit_mg,limit_iu,min_dose_dd_mg,max_dose_dd_mg,min_dose_dd_UNIT,max_dose_dd_iu,route,generic_normalized,canonical_drug_ids,drug_mapping_status
10000001,Amikacin,Bacteremia,,,,,12.0,65.0,,,10.0,15.0,,,1500.0,,,,,,IM,amikacin,DRUG000467,FULL
10000002,Amikacin,Bacteremia,,,,,12.0,65.0,,,10.0,15.0,,,1500.0,,,,,,IV,amikacin,DRUG000467,FULL
10000003,Amikacin,Bacteremia,,,,,65.0,120.0,,,10.0,15.0,,,1500.0,,,,,,IM,amikacin,DRUG000467,FULL
10000004,Amikacin,Bacteremia,,,,,65.0,120.0,,,10.0,15.0,,,1500.0,,,,,,IV,amikacin,DRUG000467,FULL
10000005,Amikacin,Bacteremia,,,1.0,,,11.0,,,10.0,15.0,,,1500.0,,,,,,IM,amikacin,DRUG000467,FULL
10000006,Amikacin,Bacteremia,,,1.0,,,11.0,,,10.0,15.0,,,1500.0,,,,,,IV,amikacin,DRUG000467,FULL
10000007,Amikacin,Bacterial Infection,,,,,12.0,65.0,,,10.0,15.0,,,1500.0,,,,,,IM,amikacin,DRUG000467,FULL
10000008,Amikacin,Bacterial Infection,,,,,12.0,65.0,,,10.0,15.0,,,1500.0,,,,,,IV,amikacin,DRUG000467,FULL
10000009,Amikacin,Bacterial Infection,1.0,7.0,,,,,2.1,,,,,,,,15.0,30.0,,,IM,amikacin,DRUG000467,FULL
10000010,Amikacin,Bacterial Infection,8.0,29.0,,,,,2.1,,,,,,,,17.5,35.0,,,IM,amikacin,DRUG000467,FULL
10000011,Amikacin,Bacterial Infection,1.0,7.0,,,,,,2.0,,,,,,,7.5,15.0,,,IM,amikacin,DRUG000467,FULL
10000012,Amikacin,Bacterial Infection,8.0,29.0,,,,,,2.0,,,,,,,15.0,30.0,,,IM,amikacin,DRUG000467,FULL
10000013,Amikacin,Bacterial Infection,,,1.0,,,11.0,,,10.0,15.0,,,1500.0,,,,,,IM,amikacin,DRUG000467,FULL
10000014,Amikacin,Bacterial Infection,1.0,7.0,,,,,2.1,,,,,,,,15.0,30.0,,,IV,amikacin,DRUG000467,FULL
10000015,Amikacin,Bacterial Infection,8.0,29.0,,,,,2.1,,,,,,,,17.5,35.0,,,IV,amikacin,DRUG000467,FULL
10000016,Amikacin,Bacterial Infection,1.0,7.0,,,,,,2.0,,,,,,,7.5,15.0,,,IV,amikacin,DRUG000467,FULL
10000017,Amikacin,Bacterial Infection,8.0,29.0,,,,,,2.0,,,,,,,15.0,30.0,,,IV,amikacin,DRUG000467,FULL
10000018,Amikacin,Bacterial Infection,,,1.0,,,11.0,,,10.0,15.0,,,1500.0,,,,,,IV,amikacin,DRUG000467,FULL
10000019,Amikacin,Bone and Joint Infection,,,,,12.0,65.0,,,10.0,15.0,,,1500.0,,,,,,IM,amikacin,DRUG000467,FULL
10000020,Amikacin,Bone and Joint Infection,,,,,12.0,65.0,,,10.0,15.0,,,1500.0,,,,,,IV,amikacin,DRUG000467,FULL
10000021,Amikacin,Bone and Joint Infection,,,,,65.0,120.0,,,10.0,15.0,,,1500.0,,,,,,IM,amikacin,DRUG000467,FULL
10000022,Amikacin,Bone and Joint Infection,,,,,65.0,120.0,,,10.0,15.0,,,1500.0,,,,,,IV,amikacin,DRUG000467,FULL
10000023,Amikacin,Bone and Joint Infection,,,1.0,,,11.0,,,10.0,15.0,,,1500.0,,,,,,IM,amikacin,DRUG000467,FULL
10000024,Amikacin,Bone and Joint Infection,,,1.0,,,11.0,,,10.0,15.0,,,1500.0,,,,,,IV,amikacin,DRUG000467,FULL
10000025,Amikacin,Intraabdominal Infection,,,,,12.0,65.0,,,10.0,15.0,,,1500.0,,,,,,IM,amikacin,DRUG000467,FULL
10000026,Amikacin,Intraabdominal Infection,,,,,12.0,65.0,,,10.0,15.0,,,1500.0,,,,,,IV,amikacin,DRUG000467,FULL
10000027,Amikacin,Intraabdominal Infection,,,,,65.0,120.0,,,10.0,15.0,,,1500.0,,,,,,IM,amikacin,DRUG000467,FULL
10000028,Amikacin,Intraabdominal Infection,,,,,65.0,120.0,,,10.0,15.0,,,1500.0,,,,,,IV,amikacin,DRUG000467,FULL
10000029,Amikacin,Intraabdominal Infection,,,1.0,,,11.0,,,10.0,15.0,,,1500.0,,,,,,IM,amikacin,DRUG000467,FULL
10000030,Amikacin,Intraabdominal Infection,,,1.0,,,11.0,,,10.0,15.0,,,1500.0,,,,,,IV,amikacin,DRUG000467,FULL
10000031,Amikacin,Meningitis,,,,,12.0,65.0,,,10.0,15.0,,,1500.0,,,,,,IM,amikacin,DRUG000467,FULL
10000032,Amikacin,Meningitis,,,,,12.0,65.0,,,10.0,15.0,,,1500.0,,,,,,IV,amikacin,DRUG000467,FULL
10000033,Amikacin,Meningitis,,,1.0,,,11.0,,,10.0,15.0,,,1500.0,,,,,,IM,amikacin,DRUG000467,FULL
10000034,Amikacin,Meningitis,,,1.0,,,11.0,,,10.0,15.0,,,1500.0,,,,,,IV,amikacin,DRUG000467,FULL
10000035,Amikacin,Mycobacterium avium-intracellulare - Treatment,,,,,12.0,65.0,,,10.0,15.0,,,1500.0,,,,,,IM,amikacin,DRUG000467,FULL
10000036,Amikacin,Mycobacterium avium-intracellulare - Treatment,,,,,12.0,65.0,,,10.0,15.0,,,1500.0,,,,,,IV,amikacin,DRUG000467,FULL
10000037,Amikacin,Mycobacterium avium-intracellulare - Treatment,,,1.0,,,11.0,,,10.0,15.0,,,1500.0,,,,,,IV,amikacin,DRUG000467,FULL
10000038,Amikacin,Osteomyelitis,,,,,12.0,65.0,,,10.0,15.0,,,1500.0,,,,,,IM,amikacin,DRUG000467,FULL
10000039,Amikacin,Osteomyelitis,,,,,12.0,65.0,,,10.0,15.0,,,1500.0,,,,,,IV,amikacin,DRUG000467,FULL
10000040,Amikacin,Osteomyelitis,,,,,65.0,120.0,,,10.0,15.0,,,1500.0,,,,,,IM,amikacin,DRUG000467,FULL
10000041,Amikacin,Osteomyelitis,,,,,65.0,120.0,,,10.0,15.0,,,1500.0,,,,,,IV,amikacin,DRUG000467,FULL
10000042,Amikacin,Osteomyelitis,,,1.0,,,11.0,,,10.0,15.0,,,1500.0,,,,,,IM,amikacin,DRUG000467,FULL
10000043,Amikacin,Osteomyelitis,,,1.0,,,11.0,,,10.0,15.0,,,1500.0,,,,,,IV,amikacin,DRUG000467,FULL
10000044,Amikacin,Peritonitis,,,,,12.0,65.0,,,10.0,15.0,,,1500.0,,,,,,IM,amikacin,DRUG000467,FULL
10000045,Amikacin,Peritonitis,,,,,12.0,65.0,,,10.0,15.0,,,1500.0,,,,,,IV,amikacin,DRUG000467,FULL
10000046,Amikacin,Peritonitis,,,1.0,,,11.0,,,10.0,15.0,,,1500.0,,,,,,IM,amikacin,DRUG000467,FULL
10000047,Amikacin,Peritonitis,,,1.0,,,11.0,,,10.0,15.0,,,1500.0,,,,,,IV,amikacin,DRUG000467,FULL
10000048,Amikacin,Pneumonia,,,,,12.0,65.0,,,10.0,15.0,,,1500.0,,,,,,IM,amikacin,DRUG000467,FULL
10000049,Amikacin,Pneumonia,,,,,12.0,65.0,,,10.0,15.0,,,1500.0,,,,,,IV,amikacin,DRUG000467,FULL
10000050,Amikacin,Pneumonia,,,,,65.0,120.0,,,10.0,15.0,,,1500.0,,,,,,IM,amikacin,DRUG000467,FULL
10000051,Amikacin,Pneumonia,,,,,65.0,120.0,,,10.0,15.0,,,1500.0,,,,,,IV,amikacin,DRUG000467,FULL
10000052,Amikacin,Pneumonia,,,1.0,,,11.0,,,10.0,15.0,,,1500.0,,,,,,IM,amikacin,DRUG000467,FULL
10000053,Amikacin,Pneumonia,,,1.0,,,11.0,,,10.0,15.0,,,1500.0,,,,,,IV,amikacin,DRUG000467,FULL
10000054,Amikacin,Skin or Soft Tissue Infection,,,,,12.0,65.0,,,10.0,15.0,,,1500.0,,,,,,IM,amikacin,DRUG000467,FULL
10000055,Amikacin,Skin or Soft Tissue Infection,,,,,12.0,65.0,,,10.0,15.0,,,1500.0,,,,,,IV,amikacin,DRUG000467,FULL
10000056,Amikacin,Skin or Soft Tissue Infection,,,,,65.0,120.0,,,10.0,15.0,,,1500.0,,,,,,IM,amikacin,DRUG000467,FULL
10000057,Amikacin,Skin or Soft Tissue Infection,,,,,65.0,120.0,,,10.0,15.0,,,1500.0,,,,,,IV,amikacin,DRUG000467,FULL
10000058,Amikacin,Skin or Soft Tissue Infection,,,1.0,,,11.0,,,10.0,15.0,,,1500.0,,,,,,IM,amikacin,DRUG000467,FULL
10000059,Amikacin,Skin or Soft Tissue Infection,,,1.0,,,11.0,,,10.0,15.0,,,1500.0,,,,,,IV,amikacin,DRUG000467,FULL
10000060,Amikacin,Tuberculosis - Active,,,,,12.0,65.0,,,10.0,15.0,,,1500.0,,,,,,IM,amikacin,DRUG000467,FULL
10000061,Amikacin,Tuberculosis - Active,,,,,12.0,65.0,,,10.0,15.0,,,1500.0,,,,,,IV,amikacin,DRUG000467,FULL
10000062,Amikacin,Tuberculosis - Active,,,,,65.0,120.0,,,10.0,15.0,,,1500.0,,,,,,IM,amikacin,DRUG000467,FULL
10000063,Amikacin,Tuberculosis - Active,,,,,65.0,120.0,,,10.0,15.0,,,1500.0,,,,,,IV,amikacin,DRUG000467,FULL
10000064,Amikacin,Tuberculosis - Active,,,1.0,,,11.0,,,10.0,15.0,,,1500.0,,,,,,IM,amikacin,DRUG000467,FULL
10000065,Amikacin,Tuberculosis - Active,,,1.0,,,11.0,,,10.0,15.0,,,1500.0,,,,,,IV,amikacin,DRUG000467,FULL
10000066,Amikacin,Urinary Tract Infection,,,,,12.0,65.0,,,10.0,15.0,,,1500.0,,,,,,IM,amikacin,DRUG000467,FULL
10000067,Amikacin,Urinary Tract Infection,,,,,12.0,65.0,,,10.0,15.0,,,1500.0,,,,,,IV,amikacin,DRUG000467,FULL
10000068,Amikacin,Urinary Tract Infection,,,1.0,,,11.0,,,10.0,15.0,,,1500.0,,,,,,IM,amikacin,DRUG000467,FULL
10000069,Amikacin,Urinary Tract Infection,,,1.0,,,11.0,,,10.0,15.0,,,1500.0,,,,,,IV,amikacin,DRUG000467,FULL
10000070,Amoxicillin,Anthrax Prophylaxis,,,,,12.0,120.0,,,,,,,,,3000.0,4000.0,,,PO,amoxicillin,DRUG001041,FULL
10000071,Amoxicillin,Anthrax Prophylaxis,,,1.0,,,11.0,,,75.0,100.0,,,1000.0,,,,,,PO,amoxicillin,DRUG001041,FULL
10000072,Amoxicillin,Anthrax Prophylaxis,1.0,7.0,,,,,,,50.0,75.0,,,,,,,,,PO,amoxicillin,DRUG001041,FULL
10000073,Amoxicillin,Anthrax Prophylaxis,8.0,29.0,,,,,,,75.0,100.0,,,,,,,,,PO,amoxicillin,DRUG001041,FULL
10000074,Amoxicillin,Bacterial Endocarditis Prophylaxis,,,,,18.0,120.0,,,,,,,,,2000.0,4000.0,,,PO,amoxicillin,DRUG001041,FULL
10000075,Amoxicillin,Bacterial Endocarditis Prophylaxis,,,1.0,,,11.0,,,50.0,150.0,,,2000.0,,,,,,PO,amoxicillin,DRUG001041,FULL
10000076,Amoxicillin,Bronchitis,,,,,12.0,120.0,,,,,,,,,1500.0,2000.0,,,PO,amoxicillin,DRUG001041,FULL
10000077,Amoxicillin,Bronchitis,,,1.0,3.0,,,,,30.0,45.0,,,,,,,,,PO,amoxicillin,DRUG001041,FULL
10000078,Amoxicillin,Bronchitis,,,3.0,,,11.0,,,40.0,45.0,,,,,,,,,PO,amoxicillin,DRUG001041,FULL
10000079,Amoxicillin,Chlamydia Infection,,,,,12.0,120.0,,,,,,,,,1500.0,2000.0,,,PO,amoxicillin,DRUG001041,FULL
10000080,Amoxicillin,Cutaneous Bacillus anthracis,,,,,12.0,120.0,,,,,,,,,3000.0,4000.0,,,PO,amoxicillin,DRUG001041,FULL
10000081,Amoxicillin,Cutaneous Bacillus anthracis,,,1.0,,,11.0,,,75.0,100.0,,,1000.0,,,,,,PO,amoxicillin,DRUG001041,FULL
10000082,Amoxicillin,Cutaneous Bacillus anthracis,1.0,7.0,,,,,,,50.0,75.0,,,,,,,,,PO,amoxicillin,DRUG001041,FULL
10000083,Amoxicillin,Cutaneous Bacillus anthracis,8.0,29.0,,,,,,,75.0,100.0,,,,,,,,,PO,amoxicillin,DRUG001041,FULL
10000084,Amoxicillin,Helicobacter pylori Infection,,,,,18.0,120.0,,,,,,,,,2000.0,3000.0,,,PO,amoxicillin,DRUG001041,FULL
10000085,Amoxicillin,Inhalation Bacillus anthracis,,,1.0,,,11.0,,,75.0,100.0,,,3000.0,,,,,,PO,amoxicillin,DRUG001041,FULL
10000086,Amoxicillin,Inhalation Bacillus anthracis,1.0,7.0,,,,,,,50.0,75.0,,,,,,,,,PO,amoxicillin,DRUG001041,FULL
10000087,Amoxicillin,Inhalation Bacillus anthracis,8.0,29.0,,,,,,,75.0,100.0,,,,,,,,,PO,amoxicillin,DRUG001041,FULL
10000088,Amoxicillin,Lyme Disease,,,,,18.0,120.0,,,,,,,,,1500.0,2000.0,,,PO,amoxicillin,DRUG001041,FULL
10000089,Amoxicillin,Lyme Disease,,,1.0,,,11.0,,,50.0,67.0,,,1500.0,,,,,,PO,amoxicillin,DRUG001041,FULL
10000090,Amoxicillin,Lyme Disease - Arthritis,,,,,18.0,120.0,,,,,,,,,1500.0,2000.0,,,PO,amoxicillin,DRUG001041,FULL
10000091,Amoxicillin,Lyme Disease - Carditis,,,,,18.0,120.0,,,,,,,,,1500.0,2000.0,,,PO,amoxicillin,DRUG001041,FULL
10000092,Amoxicillin,Lyme Disease - Erythema Chronicum Migrans,,,,,18.0,120.0,,,,,,,,,1500.0,2000.0,,,PO,amoxicillin,DRUG001041,FULL
10000093,Amoxicillin,Otitis Media,,,1.0,,,11.0,,,80.0,90.0,,,,,,,,,PO,amoxicillin,DRUG001041,FULL
10000094,Amoxicillin,Pneumonia,,,,,18.0,120.0,,,,,,,,,1500.0,3000.0,,,PO,amoxicillin,DRUG001041,FULL
10000095,Amoxicillin,Pneumonia,,,1.0,3.0,,,,,30.0,45.0,,,,,,,,,PO,amoxicillin,DRUG001041,FULL
10000096,Amoxicillin,Pneumonia,,,3.0,,,11.0,,,40.0,45.0,,,,,,,,,PO,amoxicillin,DRUG001041,FULL
10000097,Amoxicillin,Sinusitis,,,,,12.0,120.0,,,,,,,,,750.0,1500.0,,,PO,amoxicillin,DRUG001041,FULL
10000098,Amoxicillin,Sinusitis,,,1.0,3.0,,,,,30.0,45.0,,,,,,,,,PO,amoxicillin,DRUG001041,FULL
10000099,Amoxicillin,Sinusitis,,,3.0,,,11.0,,,20.0,45.0,,,,,,,,,PO,amoxicillin,DRUG001041,FULL
10000100,Amoxicillin,Skin and Structure Infection,,,,,12.0,120.0,,,,,,,,,750.0,1500.0,,,PO,amoxicillin,DRUG001041,FULL
10000101,Amoxicillin,Skin or Soft Tissue Infection,,,1.0,3.0,,,,,30.0,45.0,,,,,,,,,PO,amoxicillin,DRUG001041,FULL
10000102,Amoxicillin,Skin or Soft Tissue Infection,,,3.0,,,11.0,,,20.0,45.0,,,,,,,,,PO,amoxicillin,DRUG001041,FULL
10000103,Amoxicillin,Streptococcus pneumoniae,,,1.0,3.0,,,,,30.0,45.0,,,,,,,,,PO,amoxicillin,DRUG001041,FULL
10000104,Amoxicillin,Streptococcus pneumoniae,,,3.0,,,11.0,,,90.0,135.0,,,,,,,,,PO,amoxicillin,DRUG001041,FULL
10000105,Amoxicillin,Tonsillitis/Pharyngitis,,,,,12.0,120.0,,,,,,,,,1000.0,1500.0,,,PO,amoxicillin,DRUG001041,FULL
10000106,Amoxicillin,Tonsillitis/Pharyngitis,,,1.0,,,11.0,,,50.0,75.0,,,1000.0,,,,,,PO,amoxicillin,DRUG001041,FULL
10000107,Amoxicillin,Urinary Tract Infection,,,,,12.0,120.0,,,,,,,,,750.0,1500.0,,,PO,amoxicillin,DRUG001041,FULL
10000108,Amoxicillin,Urinary Tract Infection,,,1.0,3.0,,,,,30.0,45.0,,,,,,,,,PO,amoxicillin,DRUG001041,FULL
10000109,Amoxicillin,Urinary Tract Infection,,,3.0,,,11.0,,,20.0,45.0,,,,,,,,,PO,amoxicillin,DRUG001041,FULL
10000110,Amoxicillin  + Clavulanic Acid,Acute otitis media,,,3.0,,,11.0,,,30.0,90.0,,,,,,,,,PO,amoxicillin + clavulanic acid,DRUG000750|DRUG001041,FULL
10000111,Amoxicillin  + Clavulanic Acid,Aspiration Pneumonia,,,,,12.0,120.0,,,,,,,,,1500.0,1750.0,,,PO,amoxicillin + clavulanic acid,DRUG000750|DRUG001041,FULL
10000112,Amoxicillin  + Clavulanic Acid,Bacterial Infection,,,1.0,3.0,,,,,30.0,45.0,,,,,,,,,PO,amoxicillin + clavulanic acid,DRUG000750|DRUG001041,FULL
10000113,Amoxicillin  + Clavulanic Acid,Bacterial Infection,,,3.0,,,11.0,,,20.0,45.0,,,,,,,,,PO,amoxicillin + clavulanic acid,DRUG000750|DRUG001041,FULL
10000114,Amoxicillin  + Clavulanic Acid,Bacterial Infection,,,3.0,,,11.0,,,,,,,,,750.0,1750.0,,,PO,amoxicillin + clavulanic acid,DRUG000750|DRUG001041,FULL
10000115,Amoxicillin  + Clavulanic Acid,Bronchitis,,,,,12.0,120.0,,,,,,,,,1500.0,1750.0,,,PO,amoxicillin + clavulanic acid,DRUG000750|DRUG001041,FULL
10000116,Amoxicillin  + Clavulanic Acid,Febrile Neutropenia,,,,,12.0,120.0,,,,,,,,,1500.0,2000.0,,,PO,amoxicillin + clavulanic acid,DRUG000750|DRUG001041,FULL
10000117,Amoxicillin  + Clavulanic Acid,Melioidosis,,,1.0,,,8.0,,,30.0,45.0,,,,,,,,,PO,amoxicillin + clavulanic acid,DRUG000750|DRUG001041,FULL
10000118,Amoxicillin  + Clavulanic Acid,Otitis Media,,,,,12.0,120.0,,,,,,,,,750.0,1750.0,,,PO,amoxicillin + clavulanic acid,DRUG000750|DRUG001041,FULL
10000119,Amoxicillin  + Clavulanic Acid,Otitis Media,,,1.0,3.0,,,,,30.0,45.0,,,,,,,,,PO,amoxicillin + clavulanic acid,DRUG000750|DRUG001041,FULL
10000120,Amoxicillin  + Clavulanic Acid,Otitis Media,,,3.0,,,11.0,,,20.0,45.0,,,,,,,,,PO,amoxicillin + clavulanic acid,DRUG000750|DRUG001041,FULL
10000121,Amoxicillin  + Clavulanic Acid,Otitis Media,,,3.0,,,11.0,,,,,,,,,750.0,1750.0,,,PO,amoxicillin + clavulanic acid,DRUG000750|DRUG001041,FULL
10000122,Amoxicillin  + Clavulanic Acid,Pneumonia,,,,,12.0,120.0,,,,,,,,,1500.0,2000.0,,,PO,amoxicillin + clavulanic acid,DRUG000750|DRUG001041,FULL
10000123,Amoxicillin  + Clavulanic Acid,Pneumonia,,,1.0,3.0,,,,,30.0,45.0,,,,,,,,,PO,amoxicillin + clavulanic acid,DRUG000750|DRUG001041,FULL
10000124,Amoxicillin  + Clavulanic Acid,Pneumonia,,,3.0,,,11.0,,,20.0,45.0,,,,,,,,,PO,amoxicillin + clavulanic acid,DRUG000750|DRUG001041,FULL
10000125,Amoxicillin  + Clavulanic Acid,Pneumonia,,,3.0,,,11.0,,,,,,,,,750.0,1750.0,,,PO,amoxicillin + clavulanic acid,DRUG000750|DRUG001041,FULL
10000126,Amoxicillin  + Clavulanic Acid,Pyelonephritis,,,,,12.0,120.0,,,,,,,,,750.0,1750.0,,,PO,amoxicillin + clavulanic acid,DRUG000750|DRUG001041,FULL
10000127,Amoxicillin  + Clavulanic Acid,Sinusitis,,,,,12.0,120.0,,,,,,,,,750.0,1750.0,,,PO,amoxicillin + clavulanic acid,DRUG000750|DRUG001041,FULL
10000128,Amoxicillin  + Clavulanic Acid,Sinusitis,,,1.0,3.0,,,,,30.0,45.0,,,,,,,,,PO,amoxicillin + clavulanic acid,DRUG000750|DRUG001041,FULL
10000129,Amoxicillin  + Clavulanic Acid,Sinusitis,,,3.0,,,11.0,,,20.0,45.0,,,,,,,,,PO,amoxicillin + clavulanic acid,DRUG000750|DRUG001041,FULL
10000130,Amoxicillin  + Clavulanic Acid,Sinusitis,,,3.0,,,11.0,,,,,,,,,750.0,1750.0,,,PO,amoxicillin + clavulanic acid,DRUG000750|DRUG001041,FULL
10000131,Amoxicillin  + Clavulanic Acid,Skin and Structure Infection,,,1.0,3.0,,,,,30.0,45.0,,,,,,,,,PO,amoxicillin + clavulanic acid,DRUG000750|DRUG001041,FULL
10000132,Amoxicillin  + Clavulanic Acid,Skin and Structure Infection,,,3.0,,,11.0,,,20.0,45.0,,,,,,,,,PO,amoxicillin + clavulanic acid,DRUG000750|DRUG001041,FULL
10000133,Amoxicillin  + Clavulanic Acid,Skin and Structure Infection,,,3.0,,,11.0,,,,,,,,,750.0,1750.0,,,PO,amoxicillin + clavulanic acid,DRUG000750|DRUG001041,FULL
10000134,Amoxicillin  + Clavulanic Acid,Skin or Soft Tissue Infection,,,,,12.0,120.0,,,,,,,,,750.0,1750.0,,,PO,amoxicillin + clavulanic acid,DRUG000750|DRUG001041,FULL
10000135,Amoxicillin  + Clavulanic Acid,Upper Respiratory Tract Infection,,,,,12.0,120.0,,,,,,,,,750.0,1750.0,,,PO,amoxicillin + clavulanic acid,DRUG000750|DRUG001041,FULL
10000136,Amoxicillin  + Clavulanic Acid,Urinary Tract Infection,,,,,12.0,120.0,,,,,,,,,750.0,1750.0,,,PO,amoxicillin + clavulanic acid,DRUG000750|DRUG001041,FULL
10000137,Amoxicillin  + Clavulanic Acid,Urinary Tract Infection,,,1.0,3.0,,,,,30.0,45.0,,,,,,,,,PO,amoxicillin + clavulanic acid,DRUG000750|DRUG001041,FULL
10000138,Amoxicillin  + Clavulanic Acid,Urinary Tract Infection,,,3.0,,,11.0,,,20.0,45.0,,,,,,,,,PO,amoxicillin + clavulanic acid,DRUG000750|DRUG001041,FULL
10000139,Amoxicillin  + Clavulanic Acid,Urinary Tract Infection,,,3.0,,,11.0,,,,,,,,,750.0,1750.0,,,PO,amoxicillin + clavulanic acid,DRUG000750|DRUG001041,FULL
10000140,Amphotericin B,Aspergillosis - Invasive,,,,,18.0,120.0,,,0.005,1.5,,,,,,,,,IV,amphotericin b,DRUG000666,FULL
10000141,Amphotericin B,Blastomycosis,,,,,12.0,120.0,,,0.005,1.5,,,,,,,,,IV,amphotericin b,DRUG000666,FULL
10000142,Amphotericin B,Blastomycosis,,,1.0,,,11.0,,,0.005,1.5,,,,,,,,,IV,amphotericin b,DRUG000666,FULL
10000143,Amphotericin B,Candida Urinary Tract Infection,,,,,18.0,120.0,,,0.005,1.5,,,,,,,,,IV,amphotericin b,DRUG000666,FULL
10000144,Amphotericin B,Candidemia,,,,,12.0,120.0,,,0.005,1.5,,,,,,,,,IV,amphotericin b,DRUG000666,FULL
10000145,Amphotericin B,Candidemia,,,1.0,,,11.0,,,0.005,1.5,,,,,,,,,IV,amphotericin b,DRUG000666,FULL
10000146,Amphotericin B,Coccidioidomycosis,,,,,18.0,120.0,,,0.005,1.5,,,,,,,,,IV,amphotericin b,DRUG000666,FULL
10000147,Amphotericin B,Cryptococcal Meningitis - Immunocompetent Host,,,,,12.0,120.0,,,0.005,1.5,,,,,,,,,IV,amphotericin b,DRUG000666,FULL
10000148,Amphotericin B,Cryptococcal Meningitis - Immunosuppressed Host,,,1.0,,,11.0,,,0.005,1.5,,,,,,,,,IV,amphotericin b,DRUG000666,FULL
10000149,Amphotericin B,Histoplasmosis - Immunocompetent Host,,,,,18.0,120.0,,,0.005,1.5,,,,,,,,,IV,amphotericin b,DRUG000666,FULL
10000150,Amphotericin B,Leishmaniasis,,,,,18.0,120.0,,,0.005,1.5,,,,,,,,,IV,amphotericin b,DRUG000666,FULL
10000151,Amphotericin B,Mucormycosis - Invasive,,,,,18.0,120.0,,,0.005,1.5,,,,,,,,,IV,amphotericin b,DRUG000666,FULL
10000152,Amphotericin B,Ocular Fungal Infection,,,,,18.0,120.0,,,0.005,1.5,,,,,,,,,IV,amphotericin b,DRUG000666,FULL
10000153,Amphotericin B,Oral Thrush,,,,,18.0,120.0,,,0.005,1.5,,,,,,,,,IV,amphotericin b,DRUG000666,FULL
10000154,Amphotericin B,Sporotrichosis,,,,,12.0,120.0,,,0.005,1.5,,,,,,,,,IV,amphotericin b,DRUG000666,FULL
10000155,Amphotericin B,Sporotrichosis,,,1.0,,,11.0,,,0.005,1.5,,,,,,,,,IV,amphotericin b,DRUG000666,FULL
10000156,Amphotericin B,Systemic Fungal Infection,,,,,12.0,120.0,,,0.005,1.5,,,,,,,,,IV,amphotericin b,DRUG000666,FULL
10000157,Amphotericin B,Systemic Fungal Infection,,,1.0,,,11.0,,,0.005,1.5,,,,,,,,,IV,amphotericin b,DRUG000666,FULL
10000158,Ampicillin,Bacterial Endocarditis Prophylaxis,,,,,12.0,120.0,,,,,,,,,2000.0,4000.0,,,IM,ampicillin,DRUG000403,FULL
10000159,Ampicillin,Bacterial Endocarditis Prophylaxis,,,,,12.0,120.0,,,,,,,,,2000.0,4000.0,,,IV,ampicillin,DRUG000403,FULL
10000160,Ampicillin,Bacterial Endocarditis Prophylaxis,,,1.0,,,11.0,,,50.0,100.0,,,2000.0,,,,,,IM,ampicillin,DRUG000403,FULL
10000161,Ampicillin,Bacterial Endocarditis Prophylaxis,,,1.0,,,11.0,,,50.0,100.0,,,2000.0,,,,,,IV,ampicillin,DRUG000403,FULL
10000162,Ampicillin,Bacterial Infection,,,1.0,,,11.0,,,50.0,200.0,,,,,,,,,IM,ampicillin,DRUG000403,FULL
10000163,Ampicillin,Bacterial Infection,1.0,7.0,,,,,,,100.0,150.0,,,,,,,,,IM,ampicillin,DRUG000403,FULL
10000164,Ampicillin,Bacterial Infection,8.0,29.0,,,,,,,150.0,200.0,,,,,,,,,IM,ampicillin,DRUG000403,FULL
10000165,Ampicillin,Bacterial Infection,,,1.0,,,11.0,,,50.0,200.0,,,,,,,,,IV,ampicillin,DRUG000403,FULL
10000166,Ampicillin,Bacterial Infection,1.0,7.0,,,,,,,100.0,150.0,,,,,,,,,IV,ampicillin,DRUG000403,FULL
10000167,Ampicillin,Bacterial Infection,8.0,29.0,,,,,,,150.0,200.0,,,,,,,,,IV,ampicillin,DRUG000403,FULL
10000168,Ampicillin,Bacterial Infection,,,1.0,,,11.0,,,50.0,100.0,,,,,,,,,PO,ampicillin,DRUG000403,FULL
10000169,Ampicillin,Bronchitis,,,,,12.0,120.0,,,,,,,,,1000.0,1250.0,,,IM,ampicillin,DRUG000403,FULL
10000170,Ampicillin,Bronchitis,,,,,12.0,120.0,,,,,,,,,1000.0,1250.0,,,IV,ampicillin,DRUG000403,FULL
10000171,Ampicillin,Bronchitis,,,,,12.0,120.0,,,,,,,,,1000.0,2000.0,,,PO,ampicillin,DRUG000403,FULL
10000172,Ampicillin,Bronchitis,,,,,12.0,120.0,,,,,,,,,1000.0,1250.0,,,PO,ampicillin,DRUG000403,FULL
10000173,Ampicillin,Bronchitis,,,1.0,,,11.0,,39.5,25.0,50.0,,,,,,,,,IM,ampicillin,DRUG000403,FULL
10000174,Ampicillin,Bronchitis,,,1.0,,,11.0,39.6,,,,,,,,1000.0,2000.0,,,IM,ampicillin,DRUG000403,FULL
10000175,Ampicillin,Bronchitis,,,1.0,,,11.0,,39.5,25.0,50.0,,,,,,,,,IV,ampicillin,DRUG000403,FULL
10000176,Ampicillin,Bronchitis,,,1.0,,,11.0,39.6,,,,,,,,1000.0,2000.0,,,IV,ampicillin,DRUG000403,FULL
10000177,Ampicillin,Bronchitis,,,1.0,,,11.0,19.6,,,,,,,,1000.0,1250.0,,,PO,ampicillin,DRUG000403,FULL
10000178,Ampicillin,Bronchitis,,,1.0,,,11.0,,19.5,50.0,62.5,,,,,,,,,PO,ampicillin,DRUG000403,FULL
10000179,Ampicillin,Cutaneous Bacillus anthracis,,,,,12.0,120.0,,,,,,,,,12000.0,15000.0,,,IV,ampicillin,DRUG000403,FULL
10000180,Ampicillin,Cutaneous Bacillus anthracis,,,1.0,,,11.0,,,200.0,400.0,,,,,,,,,IM,ampicillin,DRUG000403,FULL
10000181,Ampicillin,Cutaneous Bacillus anthracis,1.0,7.0,,,,,,,150.0,200.0,,,,,,,,,IM,ampicillin,DRUG000403,FULL
10000182,Ampicillin,Cutaneous Bacillus anthracis,8.0,29.0,,,,,,,200.0,250.0,,,,,,,,,IM,ampicillin,DRUG000403,FULL
10000183,Ampicillin,Cutaneous Bacillus anthracis,,,1.0,,,11.0,,,200.0,400.0,,,,,,,,,IV,ampicillin,DRUG000403,FULL
10000184,Ampicillin,Cutaneous Bacillus anthracis,1.0,7.0,,,,,,,150.0,200.0,,,,,,,,,IV,ampicillin,DRUG000403,FULL
10000185,Ampicillin,Cutaneous Bacillus anthracis,8.0,29.0,,,,,,,200.0,250.0,,,,,,,,,IV,ampicillin,DRUG000403,FULL
10000186,Ampicillin,Endocarditis,29.0,,,,,1.0,,,300.0,400.0,,,12000.0,,,,,,IM,ampicillin,DRUG000403,FULL
10000187,Ampicillin,Endocarditis,29.0,,,,,1.0,,,200.0,300.0,,,12000.0,,,,,,IM,ampicillin,DRUG000403,FULL
10000188,Ampicillin,Endocarditis,29.0,,,,,1.0,,,300.0,400.0,,,12000.0,,,,,,IV,ampicillin,DRUG000403,FULL
10000189,Ampicillin,Endocarditis,29.0,,,,,1.0,,,200.0,300.0,,,12000.0,,,,,,IV,ampicillin,DRUG000403,FULL
10000190,Ampicillin,Gastroenteritis,,,,,12.0,120.0,,,,,,,,,2000.0,2500.0,,,IM,ampicillin,DRUG000403,FULL
10000191,Ampicillin,Gastroenteritis,,,,,12.0,120.0,,,,,,,,,2000.0,2500.0,,,IV,ampicillin,DRUG000403,FULL
10000192,Ampicillin,Gastroenteritis,,,,,12.0,120.0,,,,,,,,,2000.0,2500.0,,,PO,ampicillin,DRUG000403,FULL
10000193,Ampicillin,Gastroenteritis,,,1.0,,,11.0,,39.5,50.0,62.5,,,,,,,,,IM,ampicillin,DRUG000403,FULL
10000194,Ampicillin,Gastroenteritis,,,1.0,,,11.0,39.6,,,,,,,,1000.0,2000.0,,,IM,ampicillin,DRUG000403,FULL
10000195,Ampicillin,Gastroenteritis,,,1.0,,,11.0,,39.5,50.0,62.5,,,,,,,,,IV,ampicillin,DRUG000403,FULL
10000196,Ampicillin,Gastroenteritis,,,1.0,,,11.0,39.6,,,,,,,,1000.0,2000.0,,,IV,ampicillin,DRUG000403,FULL
10000197,Ampicillin,Gastroenteritis,,,1.0,,,11.0,19.6,,,,,,,,1000.0,1250.0,,,PO,ampicillin,DRUG000403,FULL
10000198,Ampicillin,Gastroenteritis,,,1.0,,,11.0,,19.5,25.0,31.25,,,,,,,,,PO,ampicillin,DRUG000403,FULL
10000199,Ampicillin,Gonococcal Infection - Uncomplicated,,,,,12.0,120.0,,,,,,,,,1000.0,2000.0,,,IM,ampicillin,DRUG000403,FULL
10000200,Ampicillin,Gonococcal Infection - Uncomplicated,,,,,12.0,120.0,,,,,,,,,1000.0,2000.0,,,IV,ampicillin,DRUG000403,FULL
10000201,Ampicillin,Gonococcal Infection - Uncomplicated,,,,,12.0,120.0,,,,,,,,,3500.0,7000.0,,,PO,ampicillin,DRUG000403,FULL
10000202,Ampicillin,Inhalation Bacillus anthracis,,,,,12.0,120.0,,,,,,,,,12000.0,15000.0,,,IV,ampicillin,DRUG000403,FULL
10000203,Ampicillin,Inhalation Bacillus anthracis,,,1.0,,,11.0,,,200.0,400.0,,,12000.0,,,,,,IM,ampicillin,DRUG000403,FULL
10000204,Ampicillin,Inhalation Bacillus anthracis,1.0,7.0,,,,,,,150.0,200.0,,,,,,,,,IM,ampicillin,DRUG000403,FULL
10000205,Ampicillin,Inhalation Bacillus anthracis,8.0,29.0,,,,,,,200.0,250.0,,,,,,,,,IM,ampicillin,DRUG000403,FULL
10000206,Ampicillin,Inhalation Bacillus anthracis,,,1.0,,,11.0,,,200.0,400.0,,,12000.0,,,,,,IV,ampicillin,DRUG000403,FULL
10000207,Ampicillin,Inhalation Bacillus anthracis,1.0,7.0,,,,,,,150.0,200.0,,,,,,,,,IV,ampicillin,DRUG000403,FULL
10000208,Ampicillin,Inhalation Bacillus anthracis,8.0,29.0,,,,,,,200.0,250.0,,,,,,,,,IV,ampicillin,DRUG000403,FULL
10000209,Ampicillin,Intraabdominal Infection,,,,,12.0,120.0,,,,,,,,,2000.0,2500.0,,,IM,ampicillin,DRUG000403,FULL
10000210,Ampicillin,Intraabdominal Infection,,,,,12.0,120.0,,,,,,,,,2000.0,2500.0,,,IV,ampicillin,DRUG000403,FULL
10000211,Ampicillin,Intraabdominal Infection,,,,,12.0,120.0,,,,,,,,,2000.0,2500.0,,,PO,ampicillin,DRUG000403,FULL
10000212,Ampicillin,Intraabdominal Infection,,,1.0,,,11.0,,39.5,50.0,62.5,,,,,,,,,IM,ampicillin,DRUG000403,FULL
10000213,Ampicillin,Intraabdominal Infection,,,1.0,,,11.0,39.6,,,,,,,,2000.0,2500.0,,,IM,ampicillin,DRUG000403,FULL
10000214,Ampicillin,Intraabdominal Infection,,,1.0,,,11.0,,39.5,50.0,62.5,,,,,,,,,IV,ampicillin,DRUG000403,FULL
10000215,Ampicillin,Intraabdominal Infection,,,1.0,,,11.0,39.6,,,,,,,,2000.0,2500.0,,,IV,ampicillin,DRUG000403,FULL
10000216,Ampicillin,Intraabdominal Infection,,,1.0,,,11.0,19.6,,,,,,,,2000.0,2500.0,,,PO,ampicillin,DRUG000403,FULL
10000217,Ampicillin,Intraabdominal Infection,,,1.0,,,11.0,,19.5,25.0,31.25,,,,,,,,,PO,ampicillin,DRUG000403,FULL
10000218,Ampicillin,Meningitis,,,,,12.0,120.0,,,150.0,200.0,,,12000.0,,,,,,IM,ampicillin,DRUG000403,FULL
10000219,Ampicillin,Meningitis,,,,,12.0,120.0,,,150.0,200.0,,,12000.0,,,,,,IV,ampicillin,DRUG000403,FULL
10000220,Ampicillin,Meningitis,,,1.0,,,11.0,,,150.0,400.0,,,12000.0,,,,,,IM,ampicillin,DRUG000403,FULL
10000221,Ampicillin,Meningitis,1.0,7.0,,,,,,,100.0,150.0,,,,,,,,,IM,ampicillin,DRUG000403,FULL
10000222,Ampicillin,Meningitis,8.0,29.0,,,,,,,150.0,200.0,,,,,,,,,IM,ampicillin,DRUG000403,FULL
10000223,Ampicillin,Meningitis,,,1.0,,,11.0,,,150.0,400.0,,,12000.0,,,,,,IV,ampicillin,DRUG000403,FULL
10000224,Ampicillin,Meningitis,1.0,7.0,,,,,,,100.0,150.0,,,,,,,,,IV,ampicillin,DRUG000403,FULL
10000225,Ampicillin,Meningitis,8.0,29.0,,,,,,,150.0,200.0,,,,,,,,,IV,ampicillin,DRUG000403,FULL
10000226,Ampicillin,Meningitis - Streptococcus Group B,,,,,18.0,120.0,,,,,,,,,2000.0,6000.0,,,IV,ampicillin,DRUG000403,FULL
10000227,Ampicillin,Meningitis - Streptococcus Group B,29.0,,,,,1.0,,,300.0,370.0,,,,,,,,,IM,ampicillin,DRUG000403,FULL
10000228,Ampicillin,Meningitis - Streptococcus Group B,1.0,7.0,,,,,,,200.0,300.0,,,,,,,,,IM,ampicillin,DRUG000403,FULL
10000229,Ampicillin,Meningitis - Streptococcus Group B,8.0,29.0,,,,,,,300.0,370.0,,,,,,,,,IM,ampicillin,DRUG000403,FULL
10000230,Ampicillin,Meningitis - Streptococcus Group B,29.0,,,,,1.0,,,300.0,370.0,,,,,,,,,IV,ampicillin,DRUG000403,FULL
10000231,Ampicillin,Meningitis - Streptococcus Group B,1.0,7.0,,,,,,,200.0,300.0,,,,,,,,,IV,ampicillin,DRUG000403,FULL
10000232,Ampicillin,Meningitis - Streptococcus Group B,8.0,29.0,,,,,,,300.0,370.0,,,,,,,,,IV,ampicillin,DRUG000403,FULL
10000233,Ampicillin,Pharyngitis,,,,,12.0,120.0,,,,,,,,,1000.0,2000.0,,,IM,ampicillin,DRUG000403,FULL
10000234,Ampicillin,Pharyngitis,,,,,12.0,120.0,,,,,,,,,1000.0,2000.0,,,IV,ampicillin,DRUG000403,FULL
10000235,Ampicillin,Pharyngitis,,,,,12.0,120.0,,,,,,,,,1000.0,1250.0,,,PO,ampicillin,DRUG000403,FULL
10000236,Ampicillin,Pharyngitis,,,1.0,,,11.0,,39.5,25.0,50.0,,,,,,,,,IM,ampicillin,DRUG000403,FULL
10000237,Ampicillin,Pharyngitis,,,1.0,,,11.0,39.6,,,,,,,,1000.0,2000.0,,,IM,ampicillin,DRUG000403,FULL
10000238,Ampicillin,Pharyngitis,,,1.0,,,11.0,,39.5,25.0,50.0,,,,,,,,,IV,ampicillin,DRUG000403,FULL
10000239,Ampicillin,Pharyngitis,,,1.0,,,11.0,39.6,,,,,,,,1000.0,2000.0,,,IV,ampicillin,DRUG000403,FULL
10000240,Ampicillin,Pharyngitis,,,1.0,,,11.0,19.6,,,,,,,,1000.0,1250.0,,,PO,ampicillin,DRUG000403,FULL
10000241,Ampicillin,Pharyngitis,,,1.0,,,11.0,,19.5,50.0,62.5,,,,,,,,,PO,ampicillin,DRUG000403,FULL
10000242,Ampicillin,Pneumonia,,,,,12.0,120.0,,,,,,,,,1000.0,2000.0,,,IM,ampicillin,DRUG000403,FULL
10000243,Ampicillin,Pneumonia,,,,,12.0,120.0,,,,,,,,,1000.0,2000.0,,,IV,ampicillin,DRUG000403,FULL
10000244,Ampicillin,Pneumonia,,,,,12.0,120.0,,,,,,,,,1000.0,1250.0,,,PO,ampicillin,DRUG000403,FULL
10000245,Ampicillin,Pneumonia,,,1.0,,,11.0,,39.5,25.0,50.0,,,,,,,,,IM,ampicillin,DRUG000403,FULL
10000246,Ampicillin,Pneumonia,,,1.0,,,11.0,39.6,,,,,,,,1000.0,2000.0,,,IM,ampicillin,DRUG000403,FULL
10000247,Ampicillin,Pneumonia,,,1.0,,,11.0,,39.5,25.0,50.0,,,,,,,,,IV,ampicillin,DRUG000403,FULL
10000248,Ampicillin,Pneumonia,,,1.0,,,11.0,39.6,,,,,,,,1000.0,2000.0,,,IV,ampicillin,DRUG000403,FULL
10000249,Ampicillin,Pneumonia,,,1.0,,,11.0,19.6,,,,,,,,1000.0,1250.0,,,PO,ampicillin,DRUG000403,FULL
10000250,Ampicillin,Pneumonia,,,1.0,,,11.0,,19.5,25.0,31.25,,,,,,,,,PO,ampicillin,DRUG000403,FULL
10000251,Ampicillin,Septicemia,,,,,12.0,120.0,,,150.0,200.0,,,12000.0,,,,,,IV,ampicillin,DRUG000403,FULL
10000252,Ampicillin,Septicemia,,,1.0,,,11.0,,,150.0,200.0,,,,,,,,,IM,ampicillin,DRUG000403,FULL
10000253,Ampicillin,Septicemia,1.0,7.0,,,,,,,100.0,150.0,,,,,,,,,IM,ampicillin,DRUG000403,FULL
10000254,Ampicillin,Septicemia,8.0,29.0,,,,,,,150.0,200.0,,,,,,,,,IM,ampicillin,DRUG000403,FULL
10000255,Ampicillin,Septicemia,,,1.0,,,11.0,,,150.0,200.0,,,,,,,,,IV,ampicillin,DRUG000403,FULL
10000256,Ampicillin,Septicemia,1.0,7.0,,,,,,,100.0,150.0,,,,,,,,,IV,ampicillin,DRUG000403,FULL
10000257,Ampicillin,Septicemia,8.0,29.0,,,,,,,150.0,200.0,,,,,,,,,IV,ampicillin,DRUG000403,FULL
10000258,Ampicillin,Shigellosis,,,,,12.0,120.0,,,,,,,,,2000.0,2500.0,,,IM,ampicillin,DRUG000403,FULL
10000259,Ampicillin,Shigellosis,,,,,12.0,120.0,,,,,,,,,2000.0,2500.0,,,IV,ampicillin,DRUG000403,FULL
10000260,Ampicillin,Shigellosis,,,,,12.0,120.0,,,,,,,,,2000.0,2500.0,,,PO,ampicillin,DRUG000403,FULL
10000261,Ampicillin,Shigellosis,,,1.0,,,11.0,,39.5,50.0,62.5,,,,,,,,,IM,ampicillin,DRUG000403,FULL
10000262,Ampicillin,Shigellosis,,,1.0,,,11.0,39.6,,,,,,,,2000.0,2500.0,,,IM,ampicillin,DRUG000403,FULL
10000263,Ampicillin,Shigellosis,,,1.0,,,11.0,,39.5,50.0,62.5,,,,,,,,,IV,ampicillin,DRUG000403,FULL
10000264,Ampicillin,Shigellosis,,,1.0,,,11.0,39.6,,,,,,,,2000.0,2500.0,,,IV,ampicillin,DRUG000403,FULL
10000265,Ampicillin,Shigellosis,,,1.0,,,11.0,19.6,,,,,,,,2000.0,2500.0,,,PO,ampicillin,DRUG000403,FULL
10000266,Ampicillin,Shigellosis,,,1.0,,,11.0,,19.5,25.0,31.25,,,,,,,,,PO,ampicillin,DRUG000403,FULL
10000267,Ampicillin,Sinusitis,,,,,12.0,120.0,,,,,,,,,1000.0,2000.0,,,IM,ampicillin,DRUG000403,FULL
10000268,Ampicillin,Sinusitis,,,,,12.0,120.0,,,,,,,,,1000.0,2000.0,,,IV,ampicillin,DRUG000403,FULL
10000269,Ampicillin,Sinusitis,,,,,12.0,120.0,,,,,,,,,1000.0,1250.0,,,PO,ampicillin,DRUG000403,FULL
10000270,Ampicillin,Sinusitis,,,1.0,,,11.0,,39.5,25.0,50.0,,,,,,,,,IM,ampicillin,DRUG000403,FULL
10000271,Ampicillin,Sinusitis,,,1.0,,,11.0,39.6,,,,,,,,1000.0,2000.0,,,IM,ampicillin,DRUG000403,FULL
10000272,Ampicillin,Sinusitis,,,1.0,,,11.0,,39.5,25.0,50.0,,,,,,,,,IV,ampicillin,DRUG000403,FULL
10000273,Ampicillin,Sinusitis,,,1.0,,,11.0,39.6,,,,,,,,1000.0,2000.0,,,IV,ampicillin,DRUG000403,FULL
10000274,Ampicillin,Sinusitis,,,1.0,,,11.0,19.6,,,,,,,,1000.0,1250.0,,,PO,ampicillin,DRUG000403,FULL
10000275,Ampicillin,Sinusitis,,,1.0,,,11.0,,19.5,50.0,62.5,,,,,,,,,PO,ampicillin,DRUG000403,FULL
10000276,Ampicillin,Skin or Soft Tissue Infection,,,,,12.0,120.0,39.6,,,,,,,,1000.0,2000.0,,,IM,ampicillin,DRUG000403,FULL
10000277,Ampicillin,Skin or Soft Tissue Infection,,,,,12.0,120.0,39.6,,,,,,,,1000.0,2000.0,,,IV,ampicillin,DRUG000403,FULL
10000278,Ampicillin,Skin or Soft Tissue Infection,,,1.0,,,11.0,,39.5,50.0,62.5,,,,,,,,,IM,ampicillin,DRUG000403,FULL
10000279,Ampicillin,Skin or Soft Tissue Infection,,,1.0,,,11.0,39.6,,,,,,,,1000.0,2000.0,,,IM,ampicillin,DRUG000403,FULL
10000280,Ampicillin,Skin or Soft Tissue Infection,,,1.0,,,11.0,,39.5,50.0,62.5,,,,,,,,,IV,ampicillin,DRUG000403,FULL
10000281,Ampicillin,Skin or Soft Tissue Infection,,,1.0,,,11.0,39.6,,,,,,,,1000.0,2000.0,,,IV,ampicillin,DRUG000403,FULL
10000282,Ampicillin,Surgical Prophylaxis,,,,,12.0,120.0,,,,,,,,,2000.0,4000.0,,,IV,ampicillin,DRUG000403,FULL
10000283,Ampicillin,Surgical Prophylaxis,,,1.0,,,11.0,,,50.0,100.0,,,2000.0,,,,,,IM,ampicillin,DRUG000403,FULL
10000284,Ampicillin,Surgical Prophylaxis,,,1.0,,,11.0,,,50.0,100.0,,,2000.0,,,,,,IV,ampicillin,DRUG000403,FULL
10000285,Ampicillin,Typhoid Fever,,,,,12.0,120.0,,,,,,,,,2000.0,2500.0,,,IM,ampicillin,DRUG000403,FULL
10000286,Ampicillin,Typhoid Fever,,,,,12.0,120.0,,,,,,,,,2000.0,2500.0,,,IV,ampicillin,DRUG000403,FULL
10000287,Ampicillin,Typhoid Fever,,,,,12.0,120.0,,,,,,,,,2000.0,2500.0,,,PO,ampicillin,DRUG000403,FULL
10000288,Ampicillin,Typhoid Fever,,,1.0,,,11.0,,39.5,50.0,62.5,,,,,,,,,IM,ampicillin,DRUG000403,FULL
10000289,Ampicillin,Typhoid Fever,,,1.0,,,11.0,39.6,,,,,,,,2000.0,2500.0,,,IM,ampicillin,DRUG000403,FULL
10000290,Ampicillin,Typhoid Fever,,,1.0,,,11.0,,39.5,50.0,62.5,,,,,,,,,IV,ampicillin,DRUG000403,FULL
10000291,Ampicillin,Typhoid Fever,,,1.0,,,11.0,39.6,,,,,,,,2000.0,2500.0,,,IV,ampicillin,DRUG000403,FULL
10000292,Ampicillin,Typhoid Fever,,,1.0,,,11.0,19.6,,,,,,,,2000.0,2500.0,,,PO,ampicillin,DRUG000403,FULL
10000293,Ampicillin,Typhoid Fever,,,1.0,,,11.0,,19.5,25.0,31.25,,,,,2000.0,2500.0,,,PO,ampicillin,DRUG000403,FULL
10000294,Ampicillin,Upper Respiratory Tract Infection,,,,,12.0,120.0,,,,,,,,,1000.0,2000.0,,,IM,ampicillin,DRUG000403,FULL
10000295,Ampicillin,Upper Respiratory Tract Infection,,,,,12.0,120.0,,,,,,,,,1000.0,2000.0,,,IV,ampicillin,DRUG000403,FULL
10000296,Ampicillin,Upper Respiratory Tract Infection,,,,,12.0,120.0,,,,,,,,,1000.0,1250.0,,,PO,ampicillin,DRUG000403,FULL
10000297,Ampicillin,Upper Respiratory Tract Infection,,,1.0,,,11.0,,39.5,25.0,50.0,,,,,,,,,IM,ampicillin,DRUG000403,FULL
10000298,Ampicillin,Upper Respiratory Tract Infection,,,1.0,,,11.0,39.6,,,,,,,,1000.0,2000.0,,,IM,ampicillin,DRUG000403,FULL
10000299,Ampicillin,Upper Respiratory Tract Infection,,,1.0,,,11.0,,39.5,25.0,50.0,,,,,,,,,IV,ampicillin,DRUG000403,FULL
10000300,Ampicillin,Upper Respiratory Tract Infection,,,1.0,,,11.0,39.6,,,,,,,,1000.0,2000.0,,,IV,ampicillin,DRUG000403,FULL
10000301,Ampicillin,Upper Respiratory Tract Infection,,,1.0,,,11.0,19.6,,,,,,,,1000.0,1250.0,,,PO,ampicillin,DRUG000403,FULL
10000302,Ampicillin,Upper Respiratory Tract Infection,,,1.0,,,11.0,,19.5,50.0,62.5,,,,,,,,,PO,ampicillin,DRUG000403,FULL
10000303,Ampicillin,Urinary Tract Infection,,,,,12.0,120.0,,,,,,,,,2000.0,2500.0,,,IM,ampicillin,DRUG000403,FULL
10000304,Ampicillin,Urinary Tract Infection,,,,,12.0,120.0,,,,,,,,,2000.0,2500.0,,,IV,ampicillin,DRUG000403,FULL
10000305,Ampicillin,Urinary Tract Infection,,,,,12.0,120.0,,,,,,,,,2000.0,2500.0,,,PO,ampicillin,DRUG000403,FULL
10000306,Ampicillin,Urinary Tract Infection,,,1.0,,,11.0,,39.5,50.0,62.5,,,,,,,,,IM,ampicillin,DRUG000403,FULL
10000307,Ampicillin,Urinary Tract Infection,,,1.0,,,11.0,39.6,,,,,,,,2000.0,2500.0,,,IM,ampicillin,DRUG000403,FULL
10000308,Ampicillin,Urinary Tract Infection,,,1.0,,,11.0,,39.5,50.0,62.5,,,,,,,,,IV,ampicillin,DRUG000403,FULL
10000309,Ampicillin,Urinary Tract Infection,,,1.0,,,11.0,39.6,,,,,,,,2000.0,2500.0,,,IV,ampicillin,DRUG000403,FULL
10000310,Ampicillin,Urinary Tract Infection,,,1.0,,,11.0,19.6,,,,,,,,2000.0,2500.0,,,PO,ampicillin,DRUG000403,FULL
10000311,Ampicillin,Urinary Tract Infection,,,1.0,,,11.0,,19.5,25.0,31.25,,,,,,,,,PO,ampicillin,DRUG000403,FULL
10000312,Artemether,Malaria,,,,,12.0,120.0,,,,,,,,,80.0,160.0,,,PO,artemether,DRUG005821,FULL
10000313,Artemether,Malaria,,,,,,,5.0,14.5,,,,,,,40.0,60.0,,,PO,artemether,DRUG005821,FULL
10000314,Artemether,Malaria,,,,,,,36.5,,,,,,,,160.0,180.0,,,PO,artemether,DRUG005821,FULL
10000315,Artemether,Malaria,,,,,,,14.6,24.5,,,,,,,80.0,100.0,,,PO,artemether,DRUG005821,FULL
10000316,Artemether,Malaria,,,,,,,24.6,34.5,,,,,,,120.0,140.0,,,PO,artemether,DRUG005821,FULL
10000317,Artemether + Lumefantrine,Malaria,,,,,12.0,120.0,,,,,,,,,80.0,160.0,,,PO,artemether + lumefantrine,DRUG005821|DRUG005832,FULL
10000318,Artemether + Lumefantrine,Malaria,,,,,,,5.0,14.5,,,,,,,40.0,60.0,,,PO,artemether + lumefantrine,DRUG005821|DRUG005832,FULL
10000319,Artemether + Lumefantrine,Malaria,,,,,,,36.5,,,,,,,,160.0,180.0,,,PO,artemether + lumefantrine,DRUG005821|DRUG005832,FULL
10000320,Artemether + Lumefantrine,Malaria,,,,,,,14.6,24.5,,,,,,,80.0,100.0,,,PO,artemether + lumefantrine,DRUG005821|DRUG005832,FULL
10000321,Artemether + Lumefantrine,Malaria,,,,,,,24.6,34.5,,,,,,,120.0,140.0,,,PO,artemether + lumefantrine,DRUG005821|DRUG005832,FULL
10000322,Artesunate,Malaria,,,,,1.0,3.0,,,,,,,,,25.0,50.0,,,PO,artesunate,DRUG008283,FULL
10000323,Artesunate,Malaria,,,,,4.0,5.0,,,,,,,,,50.0,100.0,,,PO,artesunate,DRUG008283,FULL
10000324,Artesunate,Malaria,,,,,6.0,11.0,,,50.0,150.0,,,,,,,,,PO,artesunate,DRUG008283,FULL
10000325,Artesunate,Malaria,,,,,12.0,120.0,,,,,,,,,100.0,200.0,,,PO,artesunate,DRUG008283,FULL
10000326,Artesunate,Malaria,,,,,1.0,3.0,,,,,,,,,25.0,50.0,,,IV,artesunate,DRUG008283,FULL
10000327,Artesunate,Malaria,,,,,4.0,5.0,,,,,,,,,50.0,100.0,,,IV,artesunate,DRUG008283,FULL
10000328,Artesunate,Malaria,,,,,6.0,11.0,,,50.0,150.0,,,,,,,,,IV,artesunate,DRUG008283,FULL
10000329,Artesunate,Malaria,,,,,12.0,120.0,,,,,,,,,100.0,200.0,,,IV,artesunate,DRUG008283,FULL
10000330,Azithromycin,Babesiosis,,,,,12.0,120.0,,,,,,,,,500.0,1000.0,,,IV,azithromycin,DRUG000197,FULL
10000331,Azithromycin,Babesiosis,,,,,12.0,120.0,,,,,,,,,250.0,1000.0,,,PO,azithromycin,DRUG000197,FULL
10000332,Azithromycin,Babesiosis,,,1.0,,,11.0,,,5.0,10.0,,,500.0,,,,,,PO,azithromycin,DRUG000197,FULL
10000333,Azithromycin,Bacterial Endocarditis Prophylaxis,,,,,12.0,120.0,,,,,,,,,500.0,1000.0,,,PO,azithromycin,DRUG000197,FULL
10000334,Azithromycin,Bacterial Endocarditis Prophylaxis,,,1.0,,,11.0,,,15.0,30.0,,,500.0,,,,,,IM,azithromycin,DRUG000197,FULL
10000335,Azithromycin,Bacterial Endocarditis Prophylaxis,,,1.0,,,11.0,,,15.0,30.0,,,500.0,,,,,,IV,azithromycin,DRUG000197,FULL
10000336,Azithromycin,Bacterial Infection,,,,,12.0,120.0,,,,,,,,,250.0,500.0,,,PO,azithromycin,DRUG000197,FULL
10000337,Azithromycin,Bartonellosis,,,,,12.0,120.0,,,,,,,,,250.0,500.0,,,PO,azithromycin,DRUG000197,FULL
10000338,Azithromycin,Bartonellosis,,,1.0,,,11.0,,44.5,5.0,10.0,,,,,,,,,PO,azithromycin,DRUG000197,FULL
10000339,Azithromycin,Bartonellosis,,,1.0,,,11.0,44.6,,,,,,,,250.0,500.0,,,PO,azithromycin,DRUG000197,FULL
10000340,Azithromycin,Bronchitis,,,,,18.0,120.0,,,,,,,,,250.0,500.0,,,PO,azithromycin,DRUG000197,FULL
10000341,Azithromycin,Campylobacter Gastroenteritis,,,,,12.0,120.0,,,,,,,,,500.0,1000.0,,,PO,azithromycin,DRUG000197,FULL
10000342,Azithromycin,Cervicitis,,,,,18.0,120.0,,,,,,,,,1000.0,2000.0,,,PO,azithromycin,DRUG000197,FULL
10000343,Azithromycin,Chancroid,,,,,18.0,120.0,,,,,,,,,1000.0,2000.0,,,PO,azithromycin,DRUG000197,FULL
10000344,Azithromycin,Chlamydia Infection,,,,,12.0,120.0,,,,,,,,,1000.0,2000.0,,,PO,azithromycin,DRUG000197,FULL
10000345,Azithromycin,Chlamydia Infection,,,1.0,3.0,,,,,20.0,40.0,,,,,,,,,PO,azithromycin,DRUG000197,FULL
10000346,Azithromycin,Chlamydia Infection,,,3.0,,,11.0,,,,,,,,,1000.0,2000.0,,,PO,azithromycin,DRUG000197,FULL
10000347,Azithromycin,Gonococcal Infection - Uncomplicated,,,,,12.0,120.0,,,,,,,,,2000.0,4000.0,,,PO,azithromycin,DRUG000197,FULL
10000348,Azithromycin,Granuloma Inguinale,,,,,18.0,120.0,,,,,,,,,500.0,1000.0,,,PO,azithromycin,DRUG000197,FULL
10000349,Azithromycin,Legionella Pneumonia,,,,,12.0,120.0,,,,,,,,,500.0,1000.0,,,IV,azithromycin,DRUG000197,FULL
10000350,Azithromycin,Legionella Pneumonia,,,,,12.0,120.0,,,,,,,,,250.0,500.0,,,PO,azithromycin,DRUG000197,FULL
10000351,Azithromycin,Legionella Pneumonia,,,6.0,,,11.0,,,5.0,10.0,,,500.0,,,,,,PO,azithromycin,DRUG000197,FULL
10000352,Azithromycin,Lyme Disease - Erythema Chronicum Migrans,,,,,18.0,120.0,,,,,,,,,500.0,1000.0,,,PO,azithromycin,DRUG000197,FULL
10000353,Azithromycin,Lyme Disease - Erythema Chronicum Migrans,,,1.0,,,11.0,,,10.0,20.0,,,500.0,,,,,,IM,azithromycin,DRUG000197,FULL
10000354,Azithromycin,Lyme Disease - Erythema Chronicum Migrans,,,1.0,,,11.0,,,10.0,20.0,,,500.0,,,,,,IV,azithromycin,DRUG000197,FULL
10000355,Azithromycin,Mycobacterium avium-intracellulare - Prophylaxis,,,,,12.0,120.0,,,,,,,,,200.0,600.0,,,PO,azithromycin,DRUG000197,FULL
10000356,Azithromycin,Mycobacterium avium-intracellulare - Prophylaxis,,,1.0,,,11.0,,,5.0,20.0,,,,,,,,,PO,azithromycin,DRUG000197,FULL
10000357,Azithromycin,Mycobacterium avium-intracellulare - Treatment,,,,,12.0,120.0,,,,,,,,,250.0,600.0,,,PO,azithromycin,DRUG000197,FULL
10000358,Azithromycin,Mycobacterium avium-intracellulare - Treatment,,,1.0,,,11.0,,,10.0,12.0,,,,,,,,,PO,azithromycin,DRUG000197,FULL
10000359,Azithromycin,Mycobacterium kansasii,,,,,18.0,120.0,,,,,,,,,250.0,600.0,,,PO,azithromycin,DRUG000197,FULL
10000360,Azithromycin,Mycoplasma Pneumonia,,,,,12.0,120.0,,,,,,,,,500.0,1000.0,,,IV,azithromycin,DRUG000197,FULL
10000361,Azithromycin,Mycoplasma Pneumonia,,,,,12.0,120.0,,,,,,,,,250.0,500.0,,,PO,azithromycin,DRUG000197,FULL
10000362,Azithromycin,Mycoplasma Pneumonia,,,6.0,,,11.0,,,5.0,10.0,,,500.0,,,,,,PO,azithromycin,DRUG000197,FULL
10000363,Azithromycin,Nongonococcal Urethritis,,,,,18.0,120.0,,,,,,,,,500.0,1000.0,,,PO,azithromycin,DRUG000197,FULL
10000364,Azithromycin,Otitis Media,,,6.0,,,11.0,,,5.0,10.0,,,500.0,,,,,,PO,azithromycin,DRUG000197,FULL
10000365,Azithromycin,Pelvic Inflammatory Disease,,,,,18.0,120.0,,,,,,,,,500.0,1000.0,,,IV,azithromycin,DRUG000197,FULL
10000366,Azithromycin,Pelvic Inflammatory Disease,,,,,18.0,120.0,,,,,,,,,250.0,500.0,,,PO,azithromycin,DRUG000197,FULL
10000367,Azithromycin,Pertussis Prophylaxis,,,,,12.0,120.0,,,,,,,,,250.0,500.0,,,PO,azithromycin,DRUG000197,FULL
10000368,Azithromycin,Pertussis Prophylaxis,,,1.0,,,11.0,,,5.0,10.0,,,500.0,,,,,,PO,azithromycin,DRUG000197,FULL
10000369,Azithromycin,Pneumonia,,,,,12.0,120.0,,,,,,,,,500.0,1000.0,,,IV,azithromycin,DRUG000197,FULL
10000370,Azithromycin,Pneumonia,,,,,12.0,120.0,,,,,,,,,250.0,500.0,,,PO,azithromycin,DRUG000197,FULL
10000371,Azithromycin,Pneumonia,,,6.0,,,11.0,,,5.0,10.0,,,500.0,,,,,,PO,azithromycin,DRUG000197,FULL
10000372,Azithromycin,Shigellosis,,,,,12.0,120.0,,,,,,,,,500.0,1000.0,,,PO,azithromycin,DRUG000197,FULL
10000373,Azithromycin,Sinusitis,,,,,12.0,120.0,,,,,,,,,500.0,1000.0,,,PO,azithromycin,DRUG000197,FULL
10000374,Azithromycin,Sinusitis,,,6.0,,,11.0,,,10.0,15.0,,,500.0,,,,,,PO,azithromycin,DRUG000197,FULL
10000375,Azithromycin,Skin and Structure Infection,,,,,12.0,120.0,,,,,,,,,250.0,500.0,,,PO,azithromycin,DRUG000197,FULL
10000376,Azithromycin,Skin and Structure Infection,,,1.0,,,11.0,,44.5,5.0,10.0,,,,,,,,,PO,azithromycin,DRUG000197,FULL
10000377,Azithromycin,Skin and Structure Infection,,,1.0,,,11.0,44.6,,,,,,,,250.0,500.0,,,PO,azithromycin,DRUG000197,FULL
10000378,Azithromycin,Syphilis - Early,,,,,12.0,120.0,,,,,,,,,2000.0,4000.0,,,PO,azithromycin,DRUG000197,FULL
10000379,Azithromycin,Tonsillitis/Pharyngitis,,,,,2.0,11.0,,,12.0,24.0,,,500.0,,,,,,PO,azithromycin,DRUG000197,FULL
10000380,Azithromycin,Tonsillitis/Pharyngitis,,,,,12.0,120.0,,,,,,,,,250.0,500.0,,,PO,azithromycin,DRUG000197,FULL
10000381,Aztreonam,Bacteremia,,,,,18.0,120.0,,,,,,,,,6000.0,8000.0,,,IV,aztreonam,DRUG000344,FULL
10000382,Aztreonam,Bacterial Infection,,,,,18.0,120.0,,,,,,,,,2000.0,6000.0,,,IV,aztreonam,DRUG000344,FULL
10000383,Aztreonam,Bacterial Infection,1.0,7.0,,,,,2.1,,90.0,120.0,,,,,,,,,IV,aztreonam,DRUG000344,FULL
10000384,Aztreonam,Bacterial Infection,8.0,29.0,,,,,2.1,,120.0,150.0,,,,,,,,,IV,aztreonam,DRUG000344,FULL
10000385,Aztreonam,Bacterial Infection,8.0,29.0,,,,,,1.19,60.0,90.0,,,,,,,,,IV,aztreonam,DRUG000344,FULL
10000386,Aztreonam,Bacterial Infection,1.0,7.0,,,,,,2.0,60.0,90.0,,,,,,,,,IV,aztreonam,DRUG000344,FULL
10000387,Aztreonam,Bacterial Infection,8.0,29.0,,,,,1.2,2.0,90.0,120.0,,,,,,,,,IV,aztreonam,DRUG000344,FULL
10000388,Aztreonam,Bacterial Infection,,,1.0,,,18.0,,,90.0,120.0,,,,,,,,,IV,aztreonam,DRUG000344,FULL
10000389,Aztreonam,Febrile Neutropenia,,,,,18.0,120.0,,,,,,,,,6000.0,8000.0,,,IV,aztreonam,DRUG000344,FULL
10000390,Aztreonam,Intraabdominal Infection,,,,,18.0,120.0,,,,,,,,,2000.0,6000.0,,,IV,aztreonam,DRUG000344,FULL
10000391,Aztreonam,Intraabdominal Infection,1.0,7.0,,,,,2.1,,90.0,120.0,,,,,,,,,IV,aztreonam,DRUG000344,FULL
10000392,Aztreonam,Intraabdominal Infection,8.0,29.0,,,,,2.1,,120.0,150.0,,,,,,,,,IV,aztreonam,DRUG000344,FULL
10000393,Aztreonam,Intraabdominal Infection,8.0,29.0,,,,,,1.19,60.0,90.0,,,,,,,,,IV,aztreonam,DRUG000344,FULL
10000394,Aztreonam,Intraabdominal Infection,1.0,7.0,,,,,,2.0,60.0,90.0,,,,,,,,,IV,aztreonam,DRUG000344,FULL
10000395,Aztreonam,Intraabdominal Infection,8.0,29.0,,,,,1.2,2.0,90.0,120.0,,,,,,,,,IV,aztreonam,DRUG000344,FULL
10000396,Aztreonam,Intraabdominal Infection,,,1.0,,,18.0,,,90.0,120.0,,,8000.0,,,,,,IV,aztreonam,DRUG000344,FULL
10000397,Aztreonam,Osteomyelitis,,,,,18.0,120.0,,,,,,,,,2000.0,6000.0,,,IV,aztreonam,DRUG000344,FULL
10000398,Aztreonam,Pelvic Inflammatory Disease,,,,,18.0,120.0,,,,,,,,,2000.0,6000.0,,,IV,aztreonam,DRUG000344,FULL
10000399,Aztreonam,Peritonitis,,,,,18.0,120.0,,,,,,,,,2000.0,6000.0,,,IV,aztreonam,DRUG000344,FULL
10000400,Aztreonam,Pneumonia,,,,,18.0,120.0,,,,,,,,,2000.0,6000.0,,,IV,aztreonam,DRUG000344,FULL
10000401,Aztreonam,Pneumonia,1.0,7.0,,,,,2.1,,90.0,120.0,,,,,,,,,IV,aztreonam,DRUG000344,FULL
10000402,Aztreonam,Pneumonia,8.0,29.0,,,,,2.1,,120.0,150.0,,,,,,,,,IV,aztreonam,DRUG000344,FULL
10000403,Aztreonam,Pneumonia,8.0,29.0,,,,,,1.19,60.0,90.0,,,,,,,,,IV,aztreonam,DRUG000344,FULL
10000404,Aztreonam,Pneumonia,1.0,7.0,,,,,,2.0,60.0,90.0,,,,,,,,,IV,aztreonam,DRUG000344,FULL
10000405,Aztreonam,Pneumonia,8.0,29.0,,,,,1.2,2.0,90.0,120.0,,,,,,,,,IV,aztreonam,DRUG000344,FULL
10000406,Aztreonam,Pneumonia,,,1.0,,,18.0,,,90.0,120.0,,,,,,,,,IV,aztreonam,DRUG000344,FULL
10000407,Aztreonam,Pyelonephritis,,,,,18.0,120.0,,,,,,,,,2000.0,6000.0,,,IV,aztreonam,DRUG000344,FULL
10000408,Aztreonam,Skin and Structure Infection,1.0,7.0,,,,,2.1,,90.0,120.0,,,,,,,,,IV,aztreonam,DRUG000344,FULL
10000409,Aztreonam,Skin and Structure Infection,8.0,29.0,,,,,2.1,,120.0,150.0,,,,,,,,,IV,aztreonam,DRUG000344,FULL
10000410,Aztreonam,Skin and Structure Infection,8.0,29.0,,,,,,1.19,60.0,90.0,,,,,,,,,IV,aztreonam,DRUG000344,FULL
10000411,Aztreonam,Skin and Structure Infection,1.0,7.0,,,,,,2.0,60.0,90.0,,,,,,,,,IV,aztreonam,DRUG000344,FULL
10000412,Aztreonam,Skin and Structure Infection,8.0,29.0,,,,,1.2,2.0,90.0,120.0,,,,,,,,,IV,aztreonam,DRUG000344,FULL
10000413,Aztreonam,Skin and Structure Infection,,,1.0,,,18.0,,,90.0,120.0,,,,,,,,,IV,aztreonam,DRUG000344,FULL
10000414,Aztreonam,Skin or Soft Tissue Infection,,,,,18.0,120.0,,,,,,,,,2000.0,6000.0,,,IV,aztreonam,DRUG000344,FULL
10000415,Aztreonam,Urinary Tract Infection,,,,,18.0,120.0,,,,,,,,,1000.0,3000.0,,,IV,aztreonam,DRUG000344,FULL
10000416,Aztreonam,Urinary Tract Infection,1.0,7.0,,,,,2.1,,90.0,120.0,,,,,,,,,IV,aztreonam,DRUG000344,FULL
10000417,Aztreonam,Urinary Tract Infection,8.0,29.0,,,,,2.1,,120.0,150.0,,,,,,,,,IV,aztreonam,DRUG000344,FULL
10000418,Aztreonam,Urinary Tract Infection,8.0,29.0,,,,,,1.19,60.0,90.0,,,,,,,,,IV,aztreonam,DRUG000344,FULL
10000419,Aztreonam,Urinary Tract Infection,1.0,7.0,,,,,,2.0,60.0,90.0,,,,,,,,,IV,aztreonam,DRUG000344,FULL
10000420,Aztreonam,Urinary Tract Infection,8.0,29.0,,,,,1.2,2.0,90.0,120.0,,,,,,,,,IV,aztreonam,DRUG000344,FULL
10000421,Aztreonam,Urinary Tract Infection,,,1.0,,,18.0,,,90.0,120.0,,,,,,,,,IV,aztreonam,DRUG000344,FULL
10000422,Benzathine Penicillin,Bejel,,,,,12.0,120.0,,,,,,,,,,,1200000.0,2400000.0,IM,benzathine penicillin,,UNRESOLVED
10000423,Benzathine Penicillin,Congenital Syphilis,29.0,,,,,2.0,,,37.5,40.0,50000.0,50000.0,,2400000.0,,,,,IM,benzathine penicillin,,UNRESOLVED
10000424,Benzathine Penicillin,Congenital Syphilis,1.0,29.0,,,,,,,37.5,40.0,50000.0,50000.0,,2400000.0,,,,,IM,benzathine penicillin,,UNRESOLVED
10000425,Benzathine Penicillin,Glomerulonephritis,,,,,12.0,120.0,,,,,,,,,,,1200000.0,2400000.0,IM,benzathine penicillin,,UNRESOLVED
10000426,Benzathine Penicillin,Neurosyphilis,,,,,12.0,120.0,,,,,,,,,,,2400000.0,3600000.0,IM,benzathine penicillin,,UNRESOLVED
10000427,Benzathine Penicillin,Pharyngitis,,,,,12.0,120.0,,,,,,,,,,,1200000.0,2400000.0,IM,benzathine penicillin,,UNRESOLVED
10000428,Benzathine Penicillin,Pharyngitis,,,1.0,,,11.0,,26.5,,,,,,,,,300000.0,600000.0,IM,benzathine penicillin,,UNRESOLVED
10000429,Benzathine Penicillin,Pharyngitis,,,1.0,,,11.0,26.6,,,,,,,,,,600000.0,1200000.0,IM,benzathine penicillin,,UNRESOLVED
10000430,Benzathine Penicillin,Pinta,,,,,12.0,120.0,,,,,,,,,,,1200000.0,2400000.0,IM,benzathine penicillin,,UNRESOLVED
10000431,Benzathine Penicillin,Rheumatic Fever Prophylaxis,,,,,12.0,120.0,,,,,,,,,,,1200000.0,2400000.0,IM,benzathine penicillin,,UNRESOLVED
10000432,Benzathine Penicillin,Rheumatic Fever Prophylaxis,,,1.0,,,11.0,,26.5,,,,,,,,,300000.0,600000.0,IM,benzathine penicillin,,UNRESOLVED
10000433,Benzathine Penicillin,Rheumatic Fever Prophylaxis,,,1.0,,,11.0,26.6,,,,,,,,,,600000.0,1200000.0,IM,benzathine penicillin,,UNRESOLVED
10000434,Benzathine Penicillin,Streptococcal Infection,,,,,12.0,120.0,,,,,,,,,,,1200000.0,2400000.0,IM,benzathine penicillin,,UNRESOLVED
10000435,Benzathine Penicillin,Streptococcal Infection,,,1.0,,,11.0,,26.5,,,,,,,,,300000.0,600000.0,IM,benzathine penicillin,,UNRESOLVED
10000436,Benzathine Penicillin,Streptococcal Infection,,,1.0,,,11.0,26.6,,,,,,,,,,600000.0,1200000.0,IM,benzathine penicillin,,UNRESOLVED
10000437,Benzathine Penicillin,Syphilis - Early,,,,,12.0,120.0,,,,,,,,,,,1200000.0,2400000.0,IM,benzathine penicillin,,UNRESOLVED
10000438,Benzathine Penicillin,Syphilis - Early,,,1.0,,,11.0,,,,,50000.0,100000.0,,2400000.0,,,,,IM,benzathine penicillin,,UNRESOLVED
10000439,Benzathine Penicillin,Syphilis - Latent,,,,,12.0,120.0,,,,,,,,,,,2400000.0,3600000.0,IM,benzathine penicillin,,UNRESOLVED
10000440,Benzathine Penicillin,Syphilis - Latent,,,1.0,,,11.0,,,,,50000.0,100000.0,,2400000.0,,,,,IM,benzathine penicillin,,UNRESOLVED
10000441,Benzathine Penicillin,Tertiary Syphilis,,,,,12.0,120.0,,,,,,,,,,,2400000.0,3600000.0,IM,benzathine penicillin,,UNRESOLVED
10000442,Benzathine Penicillin,Tonsillitis/Pharyngitis,,,,,12.0,120.0,,,,,,,,,,,1200000.0,2400000.0,IM,benzathine penicillin,,UNRESOLVED
10000443,Benzathine Penicillin,Tonsillitis/Pharyngitis,,,1.0,,,11.0,,26.5,,,,,,,,,300000.0,600000.0,IM,benzathine penicillin,,UNRESOLVED
10000444,Benzathine Penicillin,Tonsillitis/Pharyngitis,,,1.0,,,11.0,26.6,,,,,,,,,,600000.0,1200000.0,IM,benzathine penicillin,,UNRESOLVED
10000445,Benzathine Penicillin,Upper Respiratory Tract Infection,,,,,12.0,120.0,,,,,,,,,,,1200000.0,2400000.0,IM,benzathine penicillin,,UNRESOLVED
10000446,Benzathine Penicillin,Upper Respiratory Tract Infection,,,1.0,,,11.0,,26.5,,,,,,,,,300000.0,600000.0,IM,benzathine penicillin,,UNRESOLVED
10000447,Benzathine Penicillin,Upper Respiratory Tract Infection,,,1.0,,,11.0,26.6,,,,,,,,,,600000.0,1200000.0,IM,benzathine penicillin,,UNRESOLVED
10000448,Benzathine Penicillin,Yaws,,,,,12.0,120.0,,,,,,,,,,,1200000.0,2400000.0,IM,benzathine penicillin,,UNRESOLVED
10000449,Benzyl Penicillin,Actinomycosis,,,,,12.0,120.0,,,,,,,,,1200.0,2400.0,,,IV,benzyl penicillin,,UNRESOLVED
10000450,Benzyl Penicillin,Anthrax,,,,,12.0,120.0,,,,,,,,,4800.0,6000.0,,,IV,benzyl penicillin,,UNRESOLVED
10000451,Benzyl Penicillin,Anthrax,,,1.0,,,11.0,,,240.0,300.0,,,14400.0,,,,,,IV,benzyl penicillin,,UNRESOLVED
10000452,Benzyl Penicillin,Bacterial Endocarditis Prophylaxis,,,,,12.0,120.0,,,,,,,,,7200.0,14400.0,,,IV,benzyl penicillin,,UNRESOLVED
10000453,Benzyl Penicillin,Bacterial Endocarditis Prophylaxis,,,1.0,,,11.0,,,120.0,180.0,,,14400.0,,,,,,IV,benzyl penicillin,,UNRESOLVED
10000454,Benzyl Penicillin,Bacterial Meningitis,,,,,12.0,120.0,,,,,,,,,7200.0,14400.0,,,IV,benzyl penicillin,,UNRESOLVED
10000455,Benzyl Penicillin,Bacterial Meningitis,,,1.0,,,11.0,,,180.0,240.0,,,14400.0,,,,,,IV,benzyl penicillin,,UNRESOLVED
10000456,Benzyl Penicillin,Botulism,,,,,12.0,120.0,,,,,,,,,7200.0,12000.0,,,IV,benzyl penicillin,,UNRESOLVED
10000457,Benzyl Penicillin,Brain abscess,,,,,12.0,120.0,,,,,,,,,600.0,14400.0,,,IV,benzyl penicillin,,UNRESOLVED
10000458,Benzyl Penicillin,Brain abscess,,,1.0,,,11.0,,,18.0,300.0,,,,,,,,,IM,benzyl penicillin,,UNRESOLVED
10000459,Benzyl Penicillin,Brain abscess,,,1.0,,,11.0,,,18.0,300.0,,,,,,,,,IV,benzyl penicillin,,UNRESOLVED
10000460,Benzyl Penicillin,Diphtheria,,,,,12.0,120.0,,,,,,,,,1200.0,1800.0,,,IV,benzyl penicillin,,UNRESOLVED
10000461,Benzyl Penicillin,Diphtheria,,,1.0,,,11.0,,,90.0,150.0,,,,,,,,,IM,benzyl penicillin,,UNRESOLVED
10000462,Benzyl Penicillin,Diphtheria,,,1.0,,,11.0,,,90.0,150.0,,,,,,,,,IV,benzyl penicillin,,UNRESOLVED
10000463,Benzyl Penicillin,Gas gangrene,,,,,12.0,120.0,,,,,,,,,600.0,14400.0,,,IV,benzyl penicillin,,UNRESOLVED
10000464,Benzyl Penicillin,Gas gangrene,,,1.0,,,11.0,,,18.0,300.0,,,,,,,,,IM,benzyl penicillin,,UNRESOLVED
10000465,Benzyl Penicillin,Gas gangrene,,,1.0,,,11.0,,,18.0,300.0,,,,,,,,,IV,benzyl penicillin,,UNRESOLVED
10000466,Benzyl Penicillin,Leptospirosis,,,,,12.0,120.0,,,,,,,,,600.0,14400.0,,,IV,benzyl penicillin,,UNRESOLVED
10000467,Benzyl Penicillin,Leptospirosis,,,1.0,,,11.0,,,18.0,300.0,,,,,,,,,IM,benzyl penicillin,,UNRESOLVED
10000468,Benzyl Penicillin,Leptospirosis,,,1.0,,,11.0,,,18.0,300.0,,,,,,,,,IV,benzyl penicillin,,UNRESOLVED
10000469,Benzyl Penicillin,Listeriosis,,,,,12.0,120.0,,,,,,,,,600.0,14400.0,,,IV,benzyl penicillin,,UNRESOLVED
10000470,Benzyl Penicillin,Listeriosis,,,1.0,,,11.0,,,18.0,300.0,,,,,,,,,IM,benzyl penicillin,,UNRESOLVED
10000471,Benzyl Penicillin,Listeriosis,,,1.0,,,11.0,,,18.0,300.0,,,,,,,,,IV,benzyl penicillin,,UNRESOLVED
10000472,Benzyl Penicillin,Lyme Disease,,,,,12.0,120.0,,,,,,,,,10800.0,18000.0,,,IV,benzyl penicillin,,UNRESOLVED
10000473,Benzyl Penicillin,Lyme Disease,,,1.0,,,11.0,,,120.0,240.0,,,,,,,,,IV,benzyl penicillin,,UNRESOLVED
10000474,Benzyl Penicillin,Meningitis - Streptococcus Group B,,,,,12.0,120.0,,,,,,,,,3000.0,6000.0,,,IV,benzyl penicillin,,UNRESOLVED
10000475,Benzyl Penicillin,Meningococcal Disease,,,,,12.0,120.0,,,,,,,,,9600.0,14400.0,,,IV,benzyl penicillin,,UNRESOLVED
10000476,Benzyl Penicillin,Meningococcal Disease,,,1.0,,,11.0,,,180.0,300.0,,,,,,,,,IV,benzyl penicillin,,UNRESOLVED
10000477,Benzyl Penicillin,Meningococcal Disease,1.0,29.0,,,,,,,100.0,200.0,,,,,,,,,IV,benzyl penicillin,,UNRESOLVED
10000478,Benzyl Penicillin,Neurosyphilis,,,,,12.0,120.0,,,,,,,,,7200.0,9600.0,,,IV,benzyl penicillin,,UNRESOLVED
10000479,Benzyl Penicillin,Neurosyphilis,,,1.0,,,11.0,,,120.0,160.0,,,14400.0,,,,,,IV,benzyl penicillin,,UNRESOLVED
10000480,Benzyl Penicillin,Osteomyelitis,,,,,12.0,120.0,,,,,,,,,600.0,14400.0,,,IV,benzyl penicillin,,UNRESOLVED
10000481,Benzyl Penicillin,Osteomyelitis,,,1.0,,,11.0,,,18.0,300.0,,,,,,,,,IM,benzyl penicillin,,UNRESOLVED
10000482,Benzyl Penicillin,Osteomyelitis,,,1.0,,,11.0,,,18.0,300.0,,,,,,,,,IV,benzyl penicillin,,UNRESOLVED
10000483,Benzyl Penicillin,Pasteurella infection,,,,,12.0,120.0,,,,,,,,,600.0,14400.0,,,IV,benzyl penicillin,,UNRESOLVED
10000484,Benzyl Penicillin,Pasteurella infection,,,1.0,,,11.0,,,18.0,300.0,,,,,,,,,IM,benzyl penicillin,,UNRESOLVED
10000485,Benzyl Penicillin,Pasteurella infection,,,1.0,,,11.0,,,18.0,300.0,,,,,,,,,IV,benzyl penicillin,,UNRESOLVED
10000486,Benzyl Penicillin,Rat bite fever,,,,,12.0,120.0,,,,,,,,,7200.0,12000.0,,,IV,benzyl penicillin,,UNRESOLVED
10000487,Benzyl Penicillin,Respiratory Track Infections,,,,,12.0,120.0,,,,,,,,,600.0,14400.0,,,IV,benzyl penicillin,,UNRESOLVED
10000488,Benzyl Penicillin,Respiratory Track Infections,,,1.0,,,11.0,,,18.0,300.0,,,,,,,,,IM,benzyl penicillin,,UNRESOLVED
10000489,Benzyl Penicillin,Respiratory Track Infections,,,1.0,,,11.0,,,18.0,300.0,,,,,,,,,IV,benzyl penicillin,,UNRESOLVED
10000490,Benzyl Penicillin,Septicemia,,,,,12.0,120.0,,,,,,,,,600.0,14400.0,,,IV,benzyl penicillin,,UNRESOLVED
10000491,Benzyl Penicillin,Septicemia,,,1.0,,,11.0,,,18.0,300.0,,,,,,,,,IM,benzyl penicillin,,UNRESOLVED
10000492,Benzyl Penicillin,Septicemia,,,1.0,,,11.0,,,18.0,300.0,,,,,,,,,IV,benzyl penicillin,,UNRESOLVED
10000493,Benzyl Penicillin,Severe Leptospirosis,,,,,12.0,120.0,,,,,,,,,2400.0,4800.0,,,IV,benzyl penicillin,,UNRESOLVED
10000494,Benzyl Penicillin,Severe Leptospirosis,,,1.0,,,11.0,,,120.0,150.0,,,,,,,,,IV,benzyl penicillin,,UNRESOLVED
10000495,Benzyl Penicillin,Skin or Soft Tissue Infection,,,,,12.0,120.0,,,,,,,,,600.0,14400.0,,,IV,benzyl penicillin,,UNRESOLVED
10000496,Benzyl Penicillin,Skin or Soft Tissue Infection,,,1.0,,,11.0,,,18.0,300.0,,,,,,,,,IM,benzyl penicillin,,UNRESOLVED
10000497,Benzyl Penicillin,Skin or Soft Tissue Infection,,,1.0,,,11.0,,,18.0,300.0,,,,,,,,,IV,benzyl penicillin,,UNRESOLVED
10000498,Benzyl Penicillin,Suspected Meningococcal Infection,,,,,1.0,9.0,,,,,,,,,600.0,1200.0,,,IM,benzyl penicillin,,UNRESOLVED
10000499,Benzyl Penicillin,Suspected Meningococcal Infection,,,,,1.0,9.0,,,,,,,,,600.0,1200.0,,,IV,benzyl penicillin,,UNRESOLVED
10000500,Benzyl Penicillin,Suspected Meningococcal Infection,,,,,12.0,120.0,,,,,,,,,1200.0,1800.0,,,IV,benzyl penicillin,,UNRESOLVED
10000501,Benzyl Penicillin,Suspected Meningococcal Infection,29.0,,,,,1.0,,,,,,,,,300.0,600.0,,,IM,benzyl penicillin,,UNRESOLVED
10000502,Benzyl Penicillin,Suspected Meningococcal Infection,29.0,,,,,1.0,,,,,,,,,300.0,600.0,,,IV,benzyl penicillin,,UNRESOLVED
10000503,Benzyl Penicillin,Tetanus,,,,,12.0,120.0,,,,,,,,,7200.0,12000.0,,,IV,benzyl penicillin,,UNRESOLVED
10000504,Benzyl Penicillin+  Procaine Penicillin,Anthrax,,,,,12.0,120.0,,,,,,,,,600.0,1200.0,,,IM,benzyl penicillin+ procaine penicillin,,UNRESOLVED
10000505,Benzyl Penicillin+  Procaine Penicillin,Bacterial Endocarditis Prophylaxis,,,,,12.0,120.0,,,,,,,,,600.0,1200.0,,,IM,benzyl penicillin+ procaine penicillin,,UNRESOLVED
10000506,Benzyl Penicillin+  Procaine Penicillin,Diphtheria,,,,,12.0,120.0,,,,,,,,,300.0,600.0,,,IM,benzyl penicillin+ procaine penicillin,,UNRESOLVED
10000507,Benzyl Penicillin+  Procaine Penicillin,Neurosyphilis,,,,,12.0,120.0,,,,,,,,,600.0,2400.0,,,IM,benzyl penicillin+ procaine penicillin,,UNRESOLVED
10000508,Benzyl Penicillin+  Procaine Penicillin,Otitis Media,,,,,12.0,120.0,,,,,,,,,1200.0,2400.0,,,IM,benzyl penicillin+ procaine penicillin,,UNRESOLVED
10000509,Benzyl Penicillin+  Procaine Penicillin,Otitis Media,,,1.0,,,11.0,,,,,,,,,600.0,1200.0,,,IM,benzyl penicillin+ procaine penicillin,,UNRESOLVED
10000510,Benzyl Penicillin+  Procaine Penicillin,Pneumonia,,,,,12.0,120.0,,,,,,,,,600.0,1200.0,,,IM,benzyl penicillin+ procaine penicillin,,UNRESOLVED
10000511,Benzyl Penicillin+  Procaine Penicillin,Pneumonia,,,1.0,,,11.0,,,,,,,,,600.0,1200.0,,,IM,benzyl penicillin+ procaine penicillin,,UNRESOLVED
10000512,Benzyl Penicillin+  Procaine Penicillin,Rat bite fever,,,,,12.0,120.0,,,,,,,,,600.0,1200.0,,,IM,benzyl penicillin+ procaine penicillin,,UNRESOLVED
10000513,Benzyl Penicillin+  Procaine Penicillin,Skin or Soft Tissue Infection,,,,,12.0,120.0,,,,,,,,,1200.0,2400.0,,,IM,benzyl penicillin+ procaine penicillin,,UNRESOLVED
10000514,Benzyl Penicillin+  Procaine Penicillin,Skin or Soft Tissue Infection,,,1.0,,,11.0,,13.55,,,,,,,600.0,900.0,,,IM,benzyl penicillin+ procaine penicillin,,UNRESOLVED
10000515,Benzyl Penicillin+  Procaine Penicillin,Skin or Soft Tissue Infection,,,1.0,,,11.0,27.26,,,,,,,,1200.0,2400.0,,,IM,benzyl penicillin+ procaine penicillin,,UNRESOLVED
10000516,Benzyl Penicillin+  Procaine Penicillin,Skin or Soft Tissue Infection,,,1.0,,,11.0,13.56,27.25,,,,,,,900.0,1200.0,,,IM,benzyl penicillin+ procaine penicillin,,UNRESOLVED
10000517,Benzyl Penicillin+  Procaine Penicillin,Staphylococcul Infections,,,,,12.0,120.0,,,,,,,,,600.0,1200.0,,,IM,benzyl penicillin+ procaine penicillin,,UNRESOLVED
10000518,Benzyl Penicillin+  Procaine Penicillin,Streptococcal Infection,,,1.0,,,11.0,,13.55,,,,,,,600.0,900.0,,,IM,benzyl penicillin+ procaine penicillin,,UNRESOLVED
10000519,Benzyl Penicillin+  Procaine Penicillin,Streptococcal Infection,,,1.0,,,11.0,27.26,,,,,,,,1200.0,2400.0,,,IM,benzyl penicillin+ procaine penicillin,,UNRESOLVED
10000520,Benzyl Penicillin+  Procaine Penicillin,Streptococcal Infection,,,1.0,,,11.0,13.56,27.25,,,,,,,900.0,1200.0,,,IM,benzyl penicillin+ procaine penicillin,,UNRESOLVED
10000521,Benzyl Penicillin+  Procaine Penicillin,Syphillis,,,,,12.0,120.0,,,,,,,,,600.0,1200.0,,,IM,benzyl penicillin+ procaine penicillin,,UNRESOLVED
10000522,Benzyl Penicillin+  Procaine Penicillin,Upper Respiratory Tract Infection,,,,,12.0,120.0,,,,,,,,,1200.0,2400.0,,,IM,benzyl penicillin+ procaine penicillin,,UNRESOLVED
10000523,Benzyl Penicillin+  Procaine Penicillin,Upper Respiratory Tract Infection,,,1.0,,,11.0,,13.55,,,,,,,600.0,900.0,,,IM,benzyl penicillin+ procaine penicillin,,UNRESOLVED
10000524,Benzyl Penicillin+  Procaine Penicillin,Upper Respiratory Tract Infection,,,1.0,,,11.0,27.26,,,,,,,,1200.0,2400.0,,,IM,benzyl penicillin+ procaine penicillin,,UNRESOLVED
10000525,Benzyl Penicillin+  Procaine Penicillin,Upper Respiratory Tract Infection,,,1.0,,,11.0,13.56,27.25,,,,,,,900.0,1200.0,,,IM,benzyl penicillin+ procaine penicillin,,UNRESOLVED
10000526,Benzyl Penicillin+  Procaine Penicillin,Whipples disease,,,,,12.0,120.0,,,,,,,,,1000.0,1200.0,,,IM,benzyl penicillin+ procaine penicillin,,UNRESOLVED
10000527,Cefaclor,Bacterial Infection,,,1.0,,,11.0,,,20.0,40.0,,,,,,,,,PO,cefaclor,DRUG000817,FULL
10000528,Cefaclor,Bronchitis,,,,,18.0,120.0,,,,,,,,,750.0,1500.0,,,PO,cefaclor,DRUG000817,FULL
10000529,Cefaclor,Bronchitis,,,1.0,,,11.0,,,20.0,40.0,,,,,,,,,PO,cefaclor,DRUG000817,FULL
10000530,Cefaclor,Cystitis,,,1.0,,,11.0,,,20.0,40.0,,,,,,,,,PO,cefaclor,DRUG000817,FULL
10000531,Cefaclor,Otitis Media,,,,,12.0,120.0,,,,,,,,,750.0,1500.0,,,PO,cefaclor,DRUG000817,FULL
10000532,Cefaclor,Otitis Media,,,1.0,,,11.0,,,20.0,40.0,,,,,1000.0,,,,PO,cefaclor,DRUG000817,FULL
10000533,Cefaclor,Pneumonia,,,,,12.0,120.0,,,,,,,,,750.0,1500.0,,,PO,cefaclor,DRUG000817,FULL
10000534,Cefaclor,Pneumonia,,,1.0,,,11.0,,,20.0,40.0,,,,,,,,,PO,cefaclor,DRUG000817,FULL
10000535,Cefaclor,Pyelonephritis,,,,,12.0,120.0,,,,,,,,,750.0,1500.0,,,PO,cefaclor,DRUG000817,FULL
10000536,Cefaclor,Pyelonephritis,,,1.0,,,11.0,,,20.0,40.0,,,,,,,,,PO,cefaclor,DRUG000817,FULL
10000537,Cefaclor,Skin and Structure Infection,,,,,12.0,120.0,,,,,,,,,750.0,1500.0,,,PO,cefaclor,DRUG000817,FULL
10000538,Cefaclor,Skin and Structure Infection,,,1.0,,,11.0,,,20.0,40.0,,,,,,,,,PO,cefaclor,DRUG000817,FULL
10000539,Cefaclor,Tonsillitis/Pharyngitis,,,,,12.0,120.0,,,,,,,,,750.0,1500.0,,,PO,cefaclor,DRUG000817,FULL
10000540,Cefaclor,Tonsillitis/Pharyngitis,,,1.0,,,11.0,,,20.0,40.0,,,,,,,,,PO,cefaclor,DRUG000817,FULL
10000541,Cefaclor,Upper Respiratory Tract Infection,,,,,18.0,120.0,,,,,,,,,750.0,1500.0,,,PO,cefaclor,DRUG000817,FULL
10000542,Cefaclor,Urinary Tract Infection,,,,,12.0,120.0,,,,,,,,,750.0,1500.0,,,PO,cefaclor,DRUG000817,FULL
10000543,Cefaclor,Urinary Tract Infection,,,1.0,,,11.0,,,20.0,40.0,,,,,,,,,PO,cefaclor,DRUG000817,FULL
10000544,Cefadroxil,Bacterial Infection,,,1.0,,,11.0,,,30.0,45.0,,,1000.0,,,,,,PO,cefadroxil,DRUG001121,FULL
10000545,Cefadroxil,Cystitis,,,,,12.0,120.0,,,,,,,,,1000.0,2000.0,,,PO,cefadroxil,DRUG001121,FULL
10000546,Cefadroxil,Impetigo,,,1.0,,,11.0,,,30.0,45.0,,,,,,,,,PO,cefadroxil,DRUG001121,FULL
10000547,Cefadroxil,Osteomyelitis,,,,,18.0,120.0,,,,,,,,,1000.0,2000.0,,,PO,cefadroxil,DRUG001121,FULL
10000548,Cefadroxil,Pyelonephritis,,,,,12.0,120.0,,,,,,,,,1000.0,2000.0,,,PO,cefadroxil,DRUG001121,FULL
10000549,Cefadroxil,Skin and Structure Infection,,,1.0,,,11.0,,,30.0,45.0,,,,,,,,,PO,cefadroxil,DRUG001121,FULL
10000550,Cefadroxil,Skin or Soft Tissue Infection,,,,,12.0,120.0,,,,,,,,,750.0,1000.0,,,PO,cefadroxil,DRUG001121,FULL
10000551,Cefadroxil,Tonsillitis/Pharyngitis,,,,,12.0,120.0,,,,,,,,,750.0,1000.0,,,PO,cefadroxil,DRUG001121,FULL
10000552,Cefadroxil,Tonsillitis/Pharyngitis,,,1.0,,,11.0,,,30.0,45.0,,,,,,,,,PO,cefadroxil,DRUG001121,FULL
10000553,Cefadroxil,Urinary Tract Infection,,,,,12.0,120.0,,,,,,,,,1000.0,2000.0,,,PO,cefadroxil,DRUG001121,FULL
10000554,Cefadroxil,Urinary Tract Infection,,,1.0,,,11.0,,,30.0,45.0,,,,,,,,,PO,cefadroxil,DRUG001121,FULL
10000555,Cefazolin,Bacterial Endocarditis Prophylaxis,,,,,12.0,120.0,,,,,,,,,1000.0,2000.0,,,IM,cefazolin,DRUG001288,FULL
10000556,Cefazolin,Bacterial Endocarditis Prophylaxis,,,,,12.0,120.0,,,,,,,,,1000.0,2000.0,,,IV,cefazolin,DRUG001288,FULL
10000557,Cefazolin,Bacterial Endocarditis Prophylaxis,,,1.0,,,11.0,,,50.0,100.0,,,1000.0,,,,,,IM,cefazolin,DRUG001288,FULL
10000558,Cefazolin,Bacterial Endocarditis Prophylaxis,,,1.0,,,11.0,,,50.0,100.0,,,1000.0,,,,,,IV,cefazolin,DRUG001288,FULL
10000559,Cefazolin,Bacterial Infection (Mild Infections),,,,,12.0,120.0,,,,,,,,,750.0,1500.0,,,IM,cefazolin,DRUG001288,FULL
10000560,Cefazolin,Bacterial Infection (Moderate Infections),,,,,12.0,120.0,,,,,,,,,1500.0,4000.0,,,IM,cefazolin,DRUG001288,FULL
10000561,Cefazolin,"Bacterial Infection (Severe, life-threatening)",,,,,12.0,120.0,,,,,,,,,4000.0,12000.0,,,IM,cefazolin,DRUG001288,FULL
10000562,Cefazolin,Bacterial Infection (Mild Infections),,,,,12.0,120.0,,,,,,,,,750.0,1500.0,,,IV,cefazolin,DRUG001288,FULL
10000563,Cefazolin,Bacterial Infection (Moderate Infections),,,,,12.0,120.0,,,,,,,,,1500.0,4000.0,,,IV,cefazolin,DRUG001288,FULL
10000564,Cefazolin,"Bacterial Infection (Severe, life-threatening)",,,,,12.0,120.0,,,,,,,,,4000.0,12000.0,,,IV,cefazolin,DRUG001288,FULL
10000565,Cefazolin,Bacterial Infection,,,1.0,,,11.0,,,25.0,150.0,,,6000.0,,,,,,IM,cefazolin,DRUG001288,FULL
10000566,Cefazolin,Bacterial Infection,1.0,7.0,,,,,,,50.0,75.0,,,,,,,,,IM,cefazolin,DRUG001288,FULL
10000567,Cefazolin,Bacterial Infection,8.0,29.0,,,,,,,75.0,100.0,,,,,,,,,IM,cefazolin,DRUG001288,FULL
10000568,Cefazolin,Bacterial Infection,,,1.0,,,11.0,,,25.0,150.0,,,6000.0,,,,,,IV,cefazolin,DRUG001288,FULL
10000569,Cefazolin,Bacterial Infection,1.0,7.0,,,,,,,50.0,75.0,,,,,,,,,IV,cefazolin,DRUG001288,FULL
10000570,Cefazolin,Bacterial Infection,8.0,29.0,,,,,,,75.0,100.0,,,,,,,,,IV,cefazolin,DRUG001288,FULL
10000571,Cefazolin,Bone and Joint Infection (Mild Infections),,,,,12.0,120.0,,,,,,,,,750.0,1500.0,,,IM,cefazolin,DRUG001288,FULL
10000572,Cefazolin,Bone and Joint Infection (Moderate Infections),,,,,12.0,120.0,,,,,,,,,1500.0,4000.0,,,IM,cefazolin,DRUG001288,FULL
10000573,Cefazolin,"Bone and Joint Infection (Severe, life-threatening)",,,,,12.0,120.0,,,,,,,,,4000.0,12000.0,,,IM,cefazolin,DRUG001288,FULL
10000574,Cefazolin,Bone and Joint Infection (Mild Infections),,,,,12.0,120.0,,,,,,,,,750.0,1500.0,,,IV,cefazolin,DRUG001288,FULL
10000575,Cefazolin,Bone and Joint Infection (Moderate Infections),,,,,12.0,120.0,,,,,,,,,1500.0,4000.0,,,IV,cefazolin,DRUG001288,FULL
10000576,Cefazolin,"Bone and Joint Infection (Severe, life-threatening)",,,,,12.0,120.0,,,,,,,,,4000.0,12000.0,,,IV,cefazolin,DRUG001288,FULL
10000577,Cefazolin,Bone and Joint Infection,,,1.0,,,11.0,,,25.0,150.0,,,6000.0,,,,,,IM,cefazolin,DRUG001288,FULL
10000578,Cefazolin,Bone and Joint Infection,1.0,7.0,,,,,,,50.0,75.0,,,,,,,,,IM,cefazolin,DRUG001288,FULL
10000579,Cefazolin,Bone and Joint Infection,8.0,29.0,,,,,,,75.0,100.0,,,,,,,,,IM,cefazolin,DRUG001288,FULL
10000580,Cefazolin,Bone and Joint Infection,,,1.0,,,11.0,,,25.0,150.0,,,6000.0,,,,,,IV,cefazolin,DRUG001288,FULL
10000581,Cefazolin,Bone and Joint Infection,1.0,7.0,,,,,,,50.0,75.0,,,,,,,,,IV,cefazolin,DRUG001288,FULL
10000582,Cefazolin,Bone and Joint Infection,8.0,29.0,,,,,,,75.0,100.0,,,,,,,,,IV,cefazolin,DRUG001288,FULL
10000583,Cefazolin,Cholecystitis (Mild infections),,,,,12.0,120.0,,,,,,,,,750.0,1500.0,,,IM,cefazolin,DRUG001288,FULL
10000584,Cefazolin,Cholecystitis (Moderate infections),,,,,12.0,120.0,,,,,,,,,1500.0,4000.0,,,IM,cefazolin,DRUG001288,FULL
10000585,Cefazolin,"Cholecystitis (Severe, life-threatening infections)",,,,,12.0,120.0,,,,,,,,,4000.0,12000.0,,,IM,cefazolin,DRUG001288,FULL
10000586,Cefazolin,Cholecystitis (Mild infections),,,,,12.0,120.0,,,,,,,,,750.0,1500.0,,,IV,cefazolin,DRUG001288,FULL
10000587,Cefazolin,Cholecystitis (Moderate infections),,,,,12.0,120.0,,,,,,,,,1500.0,4000.0,,,IV,cefazolin,DRUG001288,FULL
10000588,Cefazolin,"Cholecystitis (Severe, life-threatening infections)",,,,,12.0,120.0,,,,,,,,,4000.0,12000.0,,,IV,cefazolin,DRUG001288,FULL
10000589,Cefazolin,Cholecystitis,,,1.0,,,11.0,,,25.0,150.0,,,6000.0,,,,,,IM,cefazolin,DRUG001288,FULL
10000590,Cefazolin,Cholecystitis,1.0,7.0,,,,,,,50.0,75.0,,,,,,,,,IM,cefazolin,DRUG001288,FULL
10000591,Cefazolin,Cholecystitis,8.0,29.0,,,,,,,75.0,100.0,,,,,,,,,IM,cefazolin,DRUG001288,FULL
10000592,Cefazolin,Cholecystitis,,,1.0,,,11.0,,,25.0,150.0,,,6000.0,,,,,,IV,cefazolin,DRUG001288,FULL
10000593,Cefazolin,Cholecystitis,1.0,7.0,,,,,,,50.0,75.0,,,,,,,,,IV,cefazolin,DRUG001288,FULL
10000594,Cefazolin,Cholecystitis,8.0,29.0,,,,,,,75.0,100.0,,,,,,,,,IV,cefazolin,DRUG001288,FULL
10000595,Cefazolin,Endocarditis,,,,,12.0,120.0,,,,,,,,,4000.0,12000.0,,,IM,cefazolin,DRUG001288,FULL
10000596,Cefazolin,Endocarditis,,,,,12.0,120.0,,,,,,,,,4000.0,12000.0,,,IV,cefazolin,DRUG001288,FULL
10000597,Cefazolin,Endocarditis,,,1.0,,,11.0,,,100.0,133.34,,,12000.0,,,,,,IM,cefazolin,DRUG001288,FULL
10000598,Cefazolin,Endocarditis,,,1.0,,,11.0,,,100.0,133.34,,,12000.0,,,,,,IV,cefazolin,DRUG001288,FULL
10000599,Cefazolin,Epididymitis - Non-Specific (Mild Infections),,,,,12.0,120.0,,,,,,,,,750.0,1500.0,,,IM,cefazolin,DRUG001288,FULL
10000600,Cefazolin,Epididymitis - Non-Specific (Moderate Infections),,,,,12.0,120.0,,,,,,,,,1500.0,4000.0,,,IM,cefazolin,DRUG001288,FULL
10000601,Cefazolin,"Epididymitis - Non-Specific (Severe, life-threatening)",,,,,12.0,120.0,,,,,,,,,4000.0,12000.0,,,IM,cefazolin,DRUG001288,FULL
10000602,Cefazolin,Epididymitis - Non-Specific (Mild Infections),,,,,12.0,120.0,,,,,,,,,750.0,1500.0,,,IV,cefazolin,DRUG001288,FULL
10000603,Cefazolin,Epididymitis - Non-Specific (Moderate Infections),,,,,12.0,120.0,,,,,,,,,1500.0,4000.0,,,IV,cefazolin,DRUG001288,FULL
10000604,Cefazolin,"Epididymitis - Non-Specific (Severe, life-threatening)",,,,,12.0,120.0,,,,,,,,,4000.0,12000.0,,,IV,cefazolin,DRUG001288,FULL
10000605,Cefazolin,Epididymitis - Non-Specific,,,1.0,,,11.0,,,25.0,150.0,,,6000.0,,,,,,IM,cefazolin,DRUG001288,FULL
10000606,Cefazolin,Epididymitis - Non-Specific,1.0,7.0,,,,,,,50.0,75.0,,,,,,,,,IM,cefazolin,DRUG001288,FULL
10000607,Cefazolin,Epididymitis - Non-Specific,8.0,29.0,,,,,,,75.0,100.0,,,,,,,,,IM,cefazolin,DRUG001288,FULL
10000608,Cefazolin,Epididymitis - Non-Specific,,,1.0,,,11.0,,,25.0,150.0,,,6000.0,,,,,,IV,cefazolin,DRUG001288,FULL
10000609,Cefazolin,Epididymitis - Non-Specific,1.0,7.0,,,,,,,50.0,75.0,,,,,,,,,IV,cefazolin,DRUG001288,FULL
10000610,Cefazolin,Epididymitis - Non-Specific,8.0,29.0,,,,,,,75.0,100.0,,,,,,,,,IV,cefazolin,DRUG001288,FULL
10000611,Cefazolin,Meningitis - Streptococcus Group B,,,,,18.0,120.0,,,,,,,,,3000.0,6000.0,,,IM,cefazolin,DRUG001288,FULL
10000612,Cefazolin,Meningitis - Streptococcus Group B,,,,,18.0,120.0,,,,,,,,,3000.0,6000.0,,,IV,cefazolin,DRUG001288,FULL
10000613,Cefazolin,Osteomyelitis (Mild Infections),,,,,12.0,120.0,,,,,,,,,750.0,1500.0,,,IM,cefazolin,DRUG001288,FULL
10000614,Cefazolin,Osteomyelitis (Moderate Infections),,,,,12.0,120.0,,,,,,,,,1500.0,4000.0,,,IM,cefazolin,DRUG001288,FULL
10000615,Cefazolin,"Osteomyelitis (Severe, life-threatening)",,,,,12.0,120.0,,,,,,,,,4000.0,12000.0,,,IM,cefazolin,DRUG001288,FULL
10000616,Cefazolin,Osteomyelitis (Mild Infections),,,,,12.0,120.0,,,,,,,,,750.0,1500.0,,,IV,cefazolin,DRUG001288,FULL
10000617,Cefazolin,Osteomyelitis (Moderate Infections),,,,,12.0,120.0,,,,,,,,,1500.0,4000.0,,,IV,cefazolin,DRUG001288,FULL
10000618,Cefazolin,"Osteomyelitis (Severe, life-threatening)",,,,,12.0,120.0,,,,,,,,,4000.0,12000.0,,,IV,cefazolin,DRUG001288,FULL
10000619,Cefazolin,Osteomyelitis,,,1.0,,,11.0,,,25.0,150.0,,,6000.0,,,,,,IM,cefazolin,DRUG001288,FULL
10000620,Cefazolin,Osteomyelitis,1.0,7.0,,,,,,,50.0,75.0,,,,,,,,,IM,cefazolin,DRUG001288,FULL
10000621,Cefazolin,Osteomyelitis,8.0,29.0,,,,,,,75.0,100.0,,,,,,,,,IM,cefazolin,DRUG001288,FULL
10000622,Cefazolin,Osteomyelitis,,,1.0,,,11.0,,,25.0,150.0,,,6000.0,,,,,,IV,cefazolin,DRUG001288,FULL
10000623,Cefazolin,Osteomyelitis,1.0,7.0,,,,,,,50.0,75.0,,,,,,,,,IV,cefazolin,DRUG001288,FULL
10000624,Cefazolin,Osteomyelitis,8.0,29.0,,,,,,,75.0,100.0,,,,,,,,,IV,cefazolin,DRUG001288,FULL
10000625,Cefazolin,Peritonitis,,,1.0,,,11.0,,,25.0,50.0,,,2000.0,,,,,,IM,cefazolin,DRUG001288,FULL
10000626,Cefazolin,Peritonitis,,,1.0,,,11.0,,,25.0,50.0,,,2000.0,,,,,,IV,cefazolin,DRUG001288,FULL
10000627,Cefazolin,Pneumonia,,,,,12.0,120.0,,,,,,,,,1000.0,1500.0,,,IM,cefazolin,DRUG001288,FULL
10000628,Cefazolin,Pneumonia,,,,,12.0,120.0,,,,,,,,,1000.0,1500.0,,,IV,cefazolin,DRUG001288,FULL
10000629,Cefazolin,Pneumonia,,,1.0,,,11.0,,,25.0,150.0,,,6000.0,,,,,,IM,cefazolin,DRUG001288,FULL
10000630,Cefazolin,Pneumonia,1.0,7.0,,,,,,,50.0,75.0,,,,,,,,,IM,cefazolin,DRUG001288,FULL
10000631,Cefazolin,Pneumonia,8.0,29.0,,,,,,,75.0,100.0,,,,,,,,,IM,cefazolin,DRUG001288,FULL
10000632,Cefazolin,Pneumonia,,,1.0,,,11.0,,,25.0,150.0,,,6000.0,,,,,,IV,cefazolin,DRUG001288,FULL
10000633,Cefazolin,Pneumonia,1.0,7.0,,,,,,,50.0,75.0,,,,,,,,,IV,cefazolin,DRUG001288,FULL
10000634,Cefazolin,Pneumonia,8.0,29.0,,,,,,,75.0,100.0,,,,,,,,,IV,cefazolin,DRUG001288,FULL
10000635,Cefazolin,Prostatitis (Mild Infections),,,,,12.0,120.0,,,,,,,,,750.0,1500.0,,,IM,cefazolin,DRUG001288,FULL
10000636,Cefazolin,Prostatitis (Moderate Infections),,,,,12.0,120.0,,,,,,,,,1500.0,4000.0,,,IM,cefazolin,DRUG001288,FULL
10000637,Cefazolin,"Prostatitis (Severe, life-threatening)",,,,,12.0,120.0,,,,,,,,,4000.0,12000.0,,,IM,cefazolin,DRUG001288,FULL
10000638,Cefazolin,Prostatitis (Mild Infections),,,,,12.0,120.0,,,,,,,,,750.0,1500.0,,,IV,cefazolin,DRUG001288,FULL
10000639,Cefazolin,Prostatitis (Moderate Infections),,,,,12.0,120.0,,,,,,,,,1500.0,4000.0,,,IV,cefazolin,DRUG001288,FULL
10000640,Cefazolin,"Prostatitis (Severe, life-threatening)",,,,,12.0,120.0,,,,,,,,,4000.0,12000.0,,,IV,cefazolin,DRUG001288,FULL
10000641,Cefazolin,Prostatitis,,,1.0,,,11.0,,,25.0,150.0,,,6000.0,,,,,,IM,cefazolin,DRUG001288,FULL
10000642,Cefazolin,Prostatitis,1.0,7.0,,,,,,,50.0,75.0,,,,,,,,,IM,cefazolin,DRUG001288,FULL
10000643,Cefazolin,Prostatitis,8.0,29.0,,,,,,,75.0,100.0,,,,,,,,,IM,cefazolin,DRUG001288,FULL
10000644,Cefazolin,Prostatitis,,,1.0,,,11.0,,,25.0,150.0,,,6000.0,,,,,,IV,cefazolin,DRUG001288,FULL
10000645,Cefazolin,Prostatitis,1.0,7.0,,,,,,,50.0,75.0,,,,,,,,,IV,cefazolin,DRUG001288,FULL
10000646,Cefazolin,Prostatitis,8.0,29.0,,,,,,,75.0,100.0,,,,,,,,,IV,cefazolin,DRUG001288,FULL
10000647,Cefazolin,Septicemia (Mild Infections),,,,,12.0,120.0,,,,,,,,,750.0,1500.0,,,IM,cefazolin,DRUG001288,FULL
10000648,Cefazolin,Septicemia (Moderate Infections),,,,,12.0,120.0,,,,,,,,,1500.0,4000.0,,,IM,cefazolin,DRUG001288,FULL
10000649,Cefazolin,"Septicemia (Severe, life-threatening)",,,,,12.0,120.0,,,,,,,,,4000.0,12000.0,,,IM,cefazolin,DRUG001288,FULL
10000650,Cefazolin,Septicemia (Mild Infections),,,,,12.0,120.0,,,,,,,,,750.0,1500.0,,,IV,cefazolin,DRUG001288,FULL
10000651,Cefazolin,Septicemia (Moderate Infections),,,,,12.0,120.0,,,,,,,,,1500.0,4000.0,,,IV,cefazolin,DRUG001288,FULL
10000652,Cefazolin,"Septicemia (Severe, life-threatening)",,,,,12.0,120.0,,,,,,,,,4000.0,12000.0,,,IV,cefazolin,DRUG001288,FULL
10000653,Cefazolin,Septicemia,,,1.0,,,11.0,,,100.0,125.0,,,,,,,,,IM,cefazolin,DRUG001288,FULL
10000654,Cefazolin,Septicemia,,,1.0,,,11.0,,,100.0,125.0,,,,,,,,,IV,cefazolin,DRUG001288,FULL
10000655,Cefazolin,Skin and Structure Infection (Mild Infections),,,,,12.0,120.0,,,,,,,,,750.0,1500.0,,,IM,cefazolin,DRUG001288,FULL
10000656,Cefazolin,Skin and Structure Infection (Moderate Infections),,,,,12.0,120.0,,,,,,,,,1500.0,4000.0,,,IM,cefazolin,DRUG001288,FULL
10000657,Cefazolin,"Skin and Structure Infection (Severe, life-threatening)",,,,,12.0,120.0,,,,,,,,,4000.0,12000.0,,,IM,cefazolin,DRUG001288,FULL
10000658,Cefazolin,Skin and Structure Infection (Mild Infections),,,,,12.0,120.0,,,,,,,,,750.0,1500.0,,,IV,cefazolin,DRUG001288,FULL
10000659,Cefazolin,Skin and Structure Infection (Moderate Infections),,,,,12.0,120.0,,,,,,,,,1500.0,4000.0,,,IV,cefazolin,DRUG001288,FULL
10000660,Cefazolin,"Skin and Structure Infection (Severe, life-threatening)",,,,,12.0,120.0,,,,,,,,,4000.0,12000.0,,,IV,cefazolin,DRUG001288,FULL
10000661,Cefazolin,Skin and Structure Infection,,,1.0,,,11.0,,,25.0,150.0,,,6000.0,,,,,,IM,cefazolin,DRUG001288,FULL
10000662,Cefazolin,Skin and Structure Infection,1.0,7.0,,,,,,,50.0,75.0,,,,,,,,,IM,cefazolin,DRUG001288,FULL
10000663,Cefazolin,Skin and Structure Infection,8.0,29.0,,,,,,,75.0,100.0,,,,,,,,,IM,cefazolin,DRUG001288,FULL
10000664,Cefazolin,Skin and Structure Infection,,,1.0,,,11.0,,,25.0,150.0,,,6000.0,,,,,,IV,cefazolin,DRUG001288,FULL
10000665,Cefazolin,Skin and Structure Infection,1.0,7.0,,,,,,,50.0,75.0,,,,,,,,,IV,cefazolin,DRUG001288,FULL
10000666,Cefazolin,Skin and Structure Infection,8.0,29.0,,,,,,,75.0,100.0,,,,,,,,,IV,cefazolin,DRUG001288,FULL
10000667,Cefazolin,Skin or Soft Tissue Infection (Mild Infections),,,,,12.0,120.0,,,,,,,,,750.0,1500.0,,,IM,cefazolin,DRUG001288,FULL
10000668,Cefazolin,Skin or Soft Tissue Infection (Moderate Infections),,,,,12.0,120.0,,,,,,,,,1500.0,4000.0,,,IM,cefazolin,DRUG001288,FULL
10000669,Cefazolin,"Skin or Soft Tissue Infection (Severe, life-threatening)",,,,,12.0,120.0,,,,,,,,,4000.0,12000.0,,,IM,cefazolin,DRUG001288,FULL
10000670,Cefazolin,Skin or Soft Tissue Infection (Mild Infections),,,,,12.0,120.0,,,,,,,,,750.0,1500.0,,,IV,cefazolin,DRUG001288,FULL
10000671,Cefazolin,Skin or Soft Tissue Infection (Moderate Infections),,,,,12.0,120.0,,,,,,,,,1500.0,4000.0,,,IV,cefazolin,DRUG001288,FULL
10000672,Cefazolin,"Skin or Soft Tissue Infection (Severe, life-threatening)",,,,,12.0,120.0,,,,,,,,,4000.0,12000.0,,,IV,cefazolin,DRUG001288,FULL
10000673,Cefazolin,Skin or Soft Tissue Infection,,,1.0,,,11.0,,,25.0,150.0,,,6000.0,,,,,,IM,cefazolin,DRUG001288,FULL
10000674,Cefazolin,Skin or Soft Tissue Infection,1.0,7.0,,,,,,,50.0,75.0,,,,,,,,,IM,cefazolin,DRUG001288,FULL
10000675,Cefazolin,Skin or Soft Tissue Infection,8.0,29.0,,,,,,,75.0,100.0,,,,,,,,,IM,cefazolin,DRUG001288,FULL
10000676,Cefazolin,Skin or Soft Tissue Infection,,,1.0,,,11.0,,,25.0,150.0,,,6000.0,,,,,,IV,cefazolin,DRUG001288,FULL
10000677,Cefazolin,Skin or Soft Tissue Infection,1.0,7.0,,,,,,,50.0,75.0,,,,,,,,,IV,cefazolin,DRUG001288,FULL
10000678,Cefazolin,Skin or Soft Tissue Infection,8.0,29.0,,,,,,,75.0,100.0,,,,,,,,,IV,cefazolin,DRUG001288,FULL
10000679,Cefazolin,Surgical Prophylaxis,,,,,12.0,120.0,,,,,,,,,500.0,2000.0,,,IM,cefazolin,DRUG001288,FULL
10000680,Cefazolin,Surgical Prophylaxis,,,,,12.0,120.0,,,,,,,,,500.0,2000.0,,,IV,cefazolin,DRUG001288,FULL
10000681,Cefazolin,Surgical Prophylaxis,,,1.0,,,11.0,,,30.0,60.0,,,,,,,,,IM,cefazolin,DRUG001288,FULL
10000682,Cefazolin,Surgical Prophylaxis,,,1.0,,,11.0,,,30.0,60.0,,,,,,,,,IV,cefazolin,DRUG001288,FULL
10000683,Cefazolin,Urinary Tract Infection,,,,,12.0,120.0,,,,,,,,,2000.0,3000.0,,,IM,cefazolin,DRUG001288,FULL
10000684,Cefazolin,Urinary Tract Infection,,,,,12.0,120.0,,,,,,,,,2000.0,3000.0,,,IV,cefazolin,DRUG001288,FULL
10000685,Cefazolin,Urinary Tract Infection,,,1.0,,,11.0,,,25.0,150.0,,,6000.0,,,,,,IM,cefazolin,DRUG001288,FULL
10000686,Cefazolin,Urinary Tract Infection,1.0,7.0,,,,,,,50.0,75.0,,,,,,,,,IM,cefazolin,DRUG001288,FULL
10000687,Cefazolin,Urinary Tract Infection,8.0,29.0,,,,,,,75.0,100.0,,,,,,,,,IM,cefazolin,DRUG001288,FULL
10000688,Cefazolin,Urinary Tract Infection,,,1.0,,,11.0,,,25.0,150.0,,,6000.0,,,,,,IV,cefazolin,DRUG001288,FULL
10000689,Cefazolin,Urinary Tract Infection,1.0,7.0,,,,,,,50.0,75.0,,,,,,,,,IV,cefazolin,DRUG001288,FULL
10000690,Cefazolin,Urinary Tract Infection,8.0,29.0,,,,,,,75.0,100.0,,,,,,,,,IV,cefazolin,DRUG001288,FULL
10000691,Cefdinir,Bronchitis,,,,,18.0,120.0,,,,,,,,,600.0,900.0,,,PO,cefdinir,DRUG000521,FULL
10000692,Cefdinir,Otitis Media,,,6.0,,,11.0,,,14.0,21.0,,,600.0,,,,,,PO,cefdinir,DRUG000521,FULL
10000693,Cefdinir,Pneumonia,,,,,12.0,120.0,,,,,,,,,600.0,900.0,,,PO,cefdinir,DRUG000521,FULL
10000694,Cefdinir,Sinusitis,,,,,12.0,120.0,,,,,,,,,600.0,900.0,,,PO,cefdinir,DRUG000521,FULL
10000695,Cefdinir,Sinusitis,,,6.0,,,11.0,,,14.0,21.0,,,600.0,,,,,,PO,cefdinir,DRUG000521,FULL
10000696,Cefdinir,Skin and Structure Infection,,,6.0,,,11.0,,,14.0,21.0,,,600.0,,,,,,PO,cefdinir,DRUG000521,FULL
10000697,Cefdinir,Skin or Soft Tissue Infection,,,,,12.0,120.0,,,,,,,,,600.0,900.0,,,PO,cefdinir,DRUG000521,FULL
10000698,Cefdinir,Tonsillitis/Pharyngitis,,,,,12.0,120.0,,,,,,,,,600.0,900.0,,,PO,cefdinir,DRUG000521,FULL
10000699,Cefdinir,Tonsillitis/Pharyngitis,,,6.0,,,11.0,,,14.0,21.0,,,600.0,,,,,,PO,cefdinir,DRUG000521,FULL
10000700,Cefditoren,Bronchitis,,,,,12.0,120.0,,,,,,,,,800.0,1200.0,,,PO,cefditoren,DRUG001047,FULL
10000701,Cefditoren,Pneumonia,,,,,12.0,120.0,,,,,,,,,800.0,1200.0,,,PO,cefditoren,DRUG001047,FULL
10000702,Cefditoren,Skin or Soft Tissue Infection,,,,,12.0,120.0,,,,,,,,,400.0,800.0,,,PO,cefditoren,DRUG001047,FULL
10000703,Cefditoren,Tonsillitis/Pharyngitis,,,,,12.0,120.0,,,,,,,,,400.0,800.0,,,PO,cefditoren,DRUG001047,FULL
10000704,Cefepime,Bacteremia,,,,,12.0,120.0,,,,,,,,,2000.0,6000.0,,,IV,cefepime,DRUG001353,FULL
10000705,Cefepime,Bacteremia,,,1.0,,,11.0,,,100.0,150.0,,,6000.0,,,,,,IV,cefepime,DRUG001353,FULL
10000706,Cefepime,Bacteremia,1.0,29.0,,,,,,,60.0,90.0,,,,,,,,,IV,cefepime,DRUG001353,FULL
10000707,Cefepime,Bacteremia,1.0,29.0,,,,,,,100.0,150.0,,,,,,,,,IV,cefepime,DRUG001353,FULL
10000708,Cefepime,Bacterial Infection,,,1.0,,,11.0,,,100.0,150.0,,,6000.0,,,,,,IV,cefepime,DRUG001353,FULL
10000709,Cefepime,Bacterial Infection,1.0,29.0,,,,,,,60.0,90.0,,,,,,,,,IV,cefepime,DRUG001353,FULL
10000710,Cefepime,Bacterial Infection,1.0,29.0,,,,,,,100.0,150.0,,,,,,,,,IV,cefepime,DRUG001353,FULL
10000711,Cefepime,Bone and Joint Infection,,,,,12.0,120.0,,,,,,,,,4000.0,6000.0,,,IV,cefepime,DRUG001353,FULL
10000712,Cefepime,Endocarditis,,,,,12.0,120.0,,,,,,,,,4000.0,6000.0,,,IV,cefepime,DRUG001353,FULL
10000713,Cefepime,Endocarditis,,,1.0,,,11.0,,,100.0,150.0,,,6000.0,,,,,,IV,cefepime,DRUG001353,FULL
10000714,Cefepime,Endocarditis,1.0,29.0,,,,,,,100.0,150.0,,,,,,,,,IV,cefepime,DRUG001353,FULL
10000715,Cefepime,Febrile Neutropenia,,,,,12.0,120.0,,,,,,,,,6000.0,8000.0,,,IV,cefepime,DRUG001353,FULL
10000716,Cefepime,Febrile Neutropenia,,,1.0,,,11.0,,,100.0,150.0,,,6000.0,,,,,,IV,cefepime,DRUG001353,FULL
10000717,Cefepime,Febrile Neutropenia,1.0,29.0,,,,,,,60.0,90.0,,,,,,,,,IV,cefepime,DRUG001353,FULL
10000718,Cefepime,Febrile Neutropenia,1.0,29.0,,,,,,,100.0,150.0,,,,,,,,,IV,cefepime,DRUG001353,FULL
10000719,Cefepime,Intraabdominal Infection,,,,,12.0,120.0,,,,,,,,,4000.0,6000.0,,,IV,cefepime,DRUG001353,FULL
10000720,Cefepime,Intraabdominal Infection,,,1.0,,,11.0,,,100.0,150.0,,,6000.0,,,,,,IV,cefepime,DRUG001353,FULL
10000721,Cefepime,Meningitis,,,,,12.0,120.0,,,,,,,,,6000.0,8000.0,,,IV,cefepime,DRUG001353,FULL
10000722,Cefepime,Meningitis,,,1.0,,,11.0,,,100.0,150.0,,,6000.0,,,,,,IV,cefepime,DRUG001353,FULL
10000723,Cefepime,Meningitis,1.0,29.0,,,,,,,100.0,150.0,,,6000.0,,,,,,IV,cefepime,DRUG001353,FULL
10000724,Cefepime,Meningitis - Haemophilus influenzae,,,,,12.0,120.0,,,,,,,,,6000.0,8000.0,,,IV,cefepime,DRUG001353,FULL
10000725,Cefepime,Meningitis - Haemophilus influenzae,,,1.0,,,11.0,,,100.0,150.0,,,6000.0,,,,,,IV,cefepime,DRUG001353,FULL
10000726,Cefepime,Meningitis - Haemophilus influenzae,1.0,29.0,,,,,,,100.0,150.0,,,,,,,,,IV,cefepime,DRUG001353,FULL
10000727,Cefepime,Meningitis - Listeriosis,,,,,12.0,120.0,,,,,,,,,6000.0,8000.0,,,IV,cefepime,DRUG001353,FULL
10000728,Cefepime,Meningitis - Listeriosis,,,1.0,,,11.0,,,100.0,150.0,,,6000.0,,,,,,IV,cefepime,DRUG001353,FULL
10000729,Cefepime,Meningitis - Listeriosis,1.0,29.0,,,,,,,100.0,150.0,,,,,,,,,IV,cefepime,DRUG001353,FULL
10000730,Cefepime,Meningitis - Meningococcal,,,,,12.0,120.0,,,,,,,,,6000.0,8000.0,,,IV,cefepime,DRUG001353,FULL
10000731,Cefepime,Meningitis - Meningococcal,,,1.0,,,11.0,,,100.0,150.0,,,6000.0,,,,,,IV,cefepime,DRUG001353,FULL
10000732,Cefepime,Meningitis - Meningococcal,1.0,29.0,,,,,,,100.0,150.0,,,,,,,,,IV,cefepime,DRUG001353,FULL
10000733,Cefepime,Meningitis - Pneumococcal,,,,,12.0,120.0,,,,,,,,,6000.0,8000.0,,,IV,cefepime,DRUG001353,FULL
10000734,Cefepime,Meningitis - Pneumococcal,,,1.0,,,11.0,,,100.0,150.0,,,6000.0,,,,,,IV,cefepime,DRUG001353,FULL
10000735,Cefepime,Meningitis - Pneumococcal,1.0,29.0,,,,,,,100.0,150.0,,,,,,,,,IV,cefepime,DRUG001353,FULL
10000736,Cefepime,Meningitis - Streptococcus Group B,,,,,12.0,120.0,,,,,,,,,6000.0,8000.0,,,IV,cefepime,DRUG001353,FULL
10000737,Cefepime,Meningitis - Streptococcus Group B,,,1.0,,,11.0,,,100.0,150.0,,,6000.0,,,,,,IV,cefepime,DRUG001353,FULL
10000738,Cefepime,Meningitis - Streptococcus Group B,1.0,29.0,,,,,,,100.0,150.0,,,,,,,,,IV,cefepime,DRUG001353,FULL
10000739,Cefepime,Nosocomial Pneumonia,,,,,12.0,120.0,,,,,,,,,2000.0,6000.0,,,IV,cefepime,DRUG001353,FULL
10000740,Cefepime,Osteomyelitis,,,,,12.0,120.0,,,,,,,,,4000.0,6000.0,,,IV,cefepime,DRUG001353,FULL
10000741,Cefepime,Peritonitis,,,,,12.0,120.0,,,,,,,,,1000.0,2000.0,,,IV,cefepime,DRUG001353,FULL
10000742,Cefepime,Peritonitis,,,1.0,,,11.0,,,15.0,30.0,,,,,,,,,IV,cefepime,DRUG001353,FULL
10000743,Cefepime,Peritonitis,1.0,29.0,,,,,,,15.0,30.0,,,,,,,,,IV,cefepime,DRUG001353,FULL
10000744,Cefepime,Pneumonia,,,,,12.0,120.0,,,,,,,,,2000.0,6000.0,,,IV,cefepime,DRUG001353,FULL
10000745,Cefepime,Pneumonia,,,2.0,,,16.0,,,100.0,150.0,,,6000.0,,,,,,IV,cefepime,DRUG001353,FULL
10000746,Cefepime,Pyelonephritis,,,,,,,,,,,,,,,1000.0,4000.0,,,IV,cefepime,DRUG001353,FULL
10000747,Cefepime,Pyelonephritis,,,2.0,,,16.0,,,100.0,150.0,,,6000.0,,,,,,IV,cefepime,DRUG001353,FULL
10000748,Cefepime,Skin and Structure Infection,,,,,12.0,120.0,,,,,,,,,2000.0,6000.0,,,IV,cefepime,DRUG001353,FULL
10000749,Cefepime,Skin and Structure Infection,,,2.0,,,16.0,,,100.0,150.0,,,6000.0,,,,,,IV,cefepime,DRUG001353,FULL
10000750,Cefepime,Urinary Tract Infection,,,,,,,,,,,,,,,1000.0,4000.0,,,IV,cefepime,DRUG001353,FULL
10000751,Cefepime,Urinary Tract Infection,,,2.0,,,16.0,,,100.0,150.0,,,6000.0,,,,,,IV,cefepime,DRUG001353,FULL
10000752,Cefetamet  Pivoxil Hydrochloride,Enterobacteriaceae,,,,,12.0,120.0,,,,,,,,,1000.0,1500.0,,,PO,cefetamet pivoxil hydrochloride,,UNRESOLVED
10000753,Cefetamet  Pivoxil Hydrochloride,Enterobacteriaceae,,,1.0,,,11.0,,,20.0,,,,30.0,,,,,,PO,cefetamet pivoxil hydrochloride,,UNRESOLVED
10000754,Cefetamet  Pivoxil Hydrochloride,Group A hemolytic streptococci,,,,,12.0,120.0,,,,,,,,,1000.0,1500.0,,,PO,cefetamet pivoxil hydrochloride,,UNRESOLVED
10000755,Cefetamet  Pivoxil Hydrochloride,Group A hemolytic streptococci,,,1.0,,,11.0,,,20.0,,,,30.0,,,,,,PO,cefetamet pivoxil hydrochloride,,UNRESOLVED
10000756,Cefetamet  Pivoxil Hydrochloride,Haemophilus influenzae,,,,,12.0,120.0,,,,,,,,,1000.0,1500.0,,,PO,cefetamet pivoxil hydrochloride,,UNRESOLVED
10000757,Cefetamet  Pivoxil Hydrochloride,Haemophilus influenzae,,,1.0,,,11.0,,,20.0,,,,30.0,,,,,,PO,cefetamet pivoxil hydrochloride,,UNRESOLVED
10000758,Cefetamet  Pivoxil Hydrochloride,Moraxella catarrhalis,,,,,12.0,120.0,,,,,,,,,1000.0,1500.0,,,PO,cefetamet pivoxil hydrochloride,,UNRESOLVED
10000759,Cefetamet  Pivoxil Hydrochloride,Moraxella catarrhalis,,,1.0,,,11.0,,,20.0,,,,30.0,,,,,,PO,cefetamet pivoxil hydrochloride,,UNRESOLVED
10000760,Cefetamet  Pivoxil Hydrochloride,Neisseria gonorrhoeae,,,,,12.0,120.0,,,,,,,,,1000.0,1500.0,,,PO,cefetamet pivoxil hydrochloride,,UNRESOLVED
10000761,Cefetamet  Pivoxil Hydrochloride,Neisseria gonorrhoeae,,,1.0,,,11.0,,,20.0,,,,30.0,,,,,,PO,cefetamet pivoxil hydrochloride,,UNRESOLVED
10000762,Cefetamet  Pivoxil Hydrochloride,Streptococcus pneumoniae,,,,,12.0,120.0,,,,,,,,,1000.0,1500.0,,,PO,cefetamet pivoxil hydrochloride,,UNRESOLVED
10000763,Cefetamet  Pivoxil Hydrochloride,Streptococcus pneumoniae,,,1.0,,,11.0,,,20.0,,,,30.0,,,,,,PO,cefetamet pivoxil hydrochloride,,UNRESOLVED
10000764,Cefixime,Bacterial Infection,,,6.0,,,11.0,,,8.0,12.0,,,400.0,,,,,,PO,cefixime,DRUG000656,FULL
10000765,Cefixime,Bronchitis,,,6.0,,,11.0,44.6,,,,,,,,400.0,600.0,,,PO,cefixime,DRUG000656,FULL
10000766,Cefixime,Bronchitis,,,6.0,,,11.0,,44.5,8.0,12.0,,,400.0,,,,,,PO,cefixime,DRUG000656,FULL
10000767,Cefixime,Gonococcal Infection - Uncomplicated,,,,,12.0,120.0,,,,,,,,,400.0,600.0,,,PO,cefixime,DRUG000656,FULL
10000768,Cefixime,Gonococcal Infection - Uncomplicated,,,6.0,,,11.0,44.6,,,,,,,,400.0,600.0,,,PO,cefixime,DRUG000656,FULL
10000769,Cefixime,Gonococcal Infection - Uncomplicated,,,6.0,,,11.0,,44.5,8.0,12.0,,,400.0,,,,,,PO,cefixime,DRUG000656,FULL
10000770,Cefixime,Otitis Media,,,,,12.0,120.0,,,,,,,,,400.0,600.0,,,PO,cefixime,DRUG000656,FULL
10000771,Cefixime,Otitis Media,,,6.0,,,11.0,44.6,,,,,,,,400.0,600.0,,,PO,cefixime,DRUG000656,FULL
10000772,Cefixime,Otitis Media,,,6.0,,,11.0,,44.5,8.0,12.0,,,400.0,,,,,,PO,cefixime,DRUG000656,FULL
10000773,Cefixime,Tonsillitis/Pharyngitis,,,,,12.0,120.0,,,,,,,,,400.0,600.0,,,PO,cefixime,DRUG000656,FULL
10000774,Cefixime,Tonsillitis/Pharyngitis,,,6.0,,,11.0,44.6,,,,,,,,400.0,600.0,,,PO,cefixime,DRUG000656,FULL
10000775,Cefixime,Tonsillitis/Pharyngitis,,,6.0,,,11.0,,44.5,8.0,12.0,,,400.0,,,,,,PO,cefixime,DRUG000656,FULL
10000776,Cefixime,Urinary Tract Infection,,,,,12.0,120.0,,,,,,,,,400.0,600.0,,,PO,cefixime,DRUG000656,FULL
10000777,Cefixime,Urinary Tract Infection,,,6.0,,,11.0,44.6,,,,,,,,400.0,600.0,,,PO,cefixime,DRUG000656,FULL
10000778,Cefixime,Urinary Tract Infection,,,6.0,,,11.0,,44.5,8.0,12.0,,,400.0,,,,,,PO,cefixime,DRUG000656,FULL
10000779,Cefoperazone,Bacteremia,,,,,18.0,120.0,,,,,,,,,4000.0,6000.0,,,IM,cefoperazone,DRUG001290,FULL
10000780,Cefoperazone,Bacteremia,,,,,18.0,120.0,,,,,,,,,4000.0,6000.0,,,IV,cefoperazone,DRUG001290,FULL
10000781,Cefoperazone,Bone and Joint Infection,,,,,18.0,120.0,,,,,,,,,2000.0,4000.0,,,IM,cefoperazone,DRUG001290,FULL
10000782,Cefoperazone,Bone and Joint Infection,,,,,18.0,120.0,,,,,,,,,2000.0,4000.0,,,IV,cefoperazone,DRUG001290,FULL
10000783,Cefoperazone,Endometritis,,,,,18.0,120.0,,,,,,,,,2000.0,4000.0,,,IM,cefoperazone,DRUG001290,FULL
10000784,Cefoperazone,Endometritis,,,,,18.0,120.0,,,,,,,,,2000.0,4000.0,,,IV,cefoperazone,DRUG001290,FULL
10000785,Cefoperazone,Febrile Neutropenia,,,,,18.0,120.0,,,,,,,,,2000.0,4000.0,,,IM,cefoperazone,DRUG001290,FULL
10000786,Cefoperazone,Febrile Neutropenia,,,,,18.0,120.0,,,,,,,,,2000.0,4000.0,,,IV,cefoperazone,DRUG001290,FULL
10000787,Cefoperazone,Intraabdominal Infection,,,,,18.0,120.0,,,,,,,,,2000.0,4000.0,,,IM,cefoperazone,DRUG001290,FULL
10000788,Cefoperazone,Intraabdominal Infection,,,,,18.0,120.0,,,,,,,,,2000.0,4000.0,,,IV,cefoperazone,DRUG001290,FULL
10000789,Cefoperazone,Pelvic Inflammatory Disease,,,,,18.0,120.0,,,,,,,,,2000.0,4000.0,,,IM,cefoperazone,DRUG001290,FULL
10000790,Cefoperazone,Pelvic Inflammatory Disease,,,,,18.0,120.0,,,,,,,,,2000.0,4000.0,,,IV,cefoperazone,DRUG001290,FULL
10000791,Cefoperazone,Peritonitis,,,,,18.0,120.0,,,,,,,,,2000.0,4000.0,,,IM,cefoperazone,DRUG001290,FULL
10000792,Cefoperazone,Peritonitis,,,,,18.0,120.0,,,,,,,,,2000.0,4000.0,,,IV,cefoperazone,DRUG001290,FULL
10000793,Cefoperazone,Pneumonia,,,,,18.0,120.0,,,,,,,,,2000.0,4000.0,,,IM,cefoperazone,DRUG001290,FULL
10000794,Cefoperazone,Pneumonia,,,,,18.0,120.0,,,,,,,,,2000.0,4000.0,,,IV,cefoperazone,DRUG001290,FULL
10000795,Cefoperazone,Pyelonephritis,,,,,18.0,120.0,,,,,,,,,2000.0,4000.0,,,IM,cefoperazone,DRUG001290,FULL
10000796,Cefoperazone,Pyelonephritis,,,,,18.0,120.0,,,,,,,,,2000.0,4000.0,,,IV,cefoperazone,DRUG001290,FULL
10000797,Cefoperazone,Skin or Soft Tissue Infection,,,,,18.0,120.0,,,,,,,,,2000.0,4000.0,,,IM,cefoperazone,DRUG001290,FULL
10000798,Cefoperazone,Skin or Soft Tissue Infection,,,,,18.0,120.0,,,,,,,,,2000.0,4000.0,,,IV,cefoperazone,DRUG001290,FULL
10000799,Cefoperazone,Urinary Tract Infection,,,,,18.0,120.0,,,,,,,,,2000.0,4000.0,,,IM,cefoperazone,DRUG001290,FULL
10000800,Cefoperazone,Urinary Tract Infection,,,,,18.0,120.0,,,,,,,,,2000.0,4000.0,,,IV,cefoperazone,DRUG001290,FULL
10000801,Cefotaxime,Bacteremia,,,,,12.0,120.0,,,,,,,,,2000.0,12000.0,,,IM,cefotaxime,DRUG000481,FULL
10000802,Cefotaxime,Bacteremia,,,,,12.0,120.0,,,,,,,,,2000.0,12000.0,,,IV,cefotaxime,DRUG000481,FULL
10000803,Cefotaxime,Bacteremia,,,1.0,,,11.0,,,50.0,180.0,,,,,,,,,IM,cefotaxime,DRUG000481,FULL
10000804,Cefotaxime,Bacteremia,1.0,7.0,,,,,,,100.0,150.0,,,,,,,,,IM,cefotaxime,DRUG000481,FULL
10000805,Cefotaxime,Bacteremia,8.0,29.0,,,,,,,150.0,200.0,,,,,,,,,IM,cefotaxime,DRUG000481,FULL
10000806,Cefotaxime,Bacteremia,,,1.0,,,11.0,,,50.0,180.0,,,,,,,,,IV,cefotaxime,DRUG000481,FULL
10000807,Cefotaxime,Bacteremia,1.0,7.0,,,,,,,100.0,150.0,,,,,,,,,IV,cefotaxime,DRUG000481,FULL
10000808,Cefotaxime,Bacteremia,8.0,29.0,,,,,,,150.0,200.0,,,,,,,,,IV,cefotaxime,DRUG000481,FULL
10000809,Cefotaxime,Bone and Joint Infection,,,,,12.0,120.0,,,,,,,,,2000.0,12000.0,,,IM,cefotaxime,DRUG000481,FULL
10000810,Cefotaxime,Bone and Joint Infection,,,,,12.0,120.0,,,,,,,,,2000.0,12000.0,,,IV,cefotaxime,DRUG000481,FULL
10000811,Cefotaxime,Bone and Joint Infection,,,1.0,,,11.0,,,50.0,180.0,,,,,,,,,IM,cefotaxime,DRUG000481,FULL
10000812,Cefotaxime,Bone and Joint Infection,1.0,7.0,,,,,,,100.0,150.0,,,,,,,,,IM,cefotaxime,DRUG000481,FULL
10000813,Cefotaxime,Bone and Joint Infection,8.0,29.0,,,,,,,150.0,200.0,,,,,,,,,IM,cefotaxime,DRUG000481,FULL
10000814,Cefotaxime,Bone and Joint Infection,,,1.0,,,11.0,,,50.0,180.0,,,,,,,,,IV,cefotaxime,DRUG000481,FULL
10000815,Cefotaxime,Bone and Joint Infection,1.0,7.0,,,,,,,100.0,150.0,,,,,,,,,IV,cefotaxime,DRUG000481,FULL
10000816,Cefotaxime,Bone and Joint Infection,8.0,29.0,,,,,,,150.0,200.0,,,,,,,,,IV,cefotaxime,DRUG000481,FULL
10000817,Cefotaxime,Cesarean Section,,,,,12.0,120.0,,,,,,,,,2000.0,4000.0,,,IM,cefotaxime,DRUG000481,FULL
10000818,Cefotaxime,Cesarean Section,,,,,12.0,120.0,,,,,,,,,2000.0,4000.0,,,IV,cefotaxime,DRUG000481,FULL
10000819,Cefotaxime,CNS Infection,,,,,12.0,120.0,,,,,,,,,2000.0,12000.0,,,IM,cefotaxime,DRUG000481,FULL
10000820,Cefotaxime,CNS Infection,,,,,12.0,120.0,,,,,,,,,2000.0,12000.0,,,IV,cefotaxime,DRUG000481,FULL
10000821,Cefotaxime,CNS Infection,,,1.0,,,11.0,,,50.0,180.0,,,,,,,,,IM,cefotaxime,DRUG000481,FULL
10000822,Cefotaxime,CNS Infection,1.0,7.0,,,,,,,100.0,150.0,,,,,,,,,IM,cefotaxime,DRUG000481,FULL
10000823,Cefotaxime,CNS Infection,8.0,29.0,,,,,,,150.0,200.0,,,,,,,,,IM,cefotaxime,DRUG000481,FULL
10000824,Cefotaxime,CNS Infection,,,1.0,,,11.0,,,50.0,180.0,,,,,,,,,IV,cefotaxime,DRUG000481,FULL
10000825,Cefotaxime,CNS Infection,1.0,7.0,,,,,,,100.0,150.0,,,,,,,,,IV,cefotaxime,DRUG000481,FULL
10000826,Cefotaxime,CNS Infection,8.0,29.0,,,,,,,150.0,200.0,,,,,,,,,IV,cefotaxime,DRUG000481,FULL
10000827,Cefotaxime,Endometritis,,,,,12.0,120.0,,,,,,,,,2000.0,12000.0,,,IM,cefotaxime,DRUG000481,FULL
10000828,Cefotaxime,Endometritis,,,,,12.0,120.0,,,,,,,,,2000.0,12000.0,,,IV,cefotaxime,DRUG000481,FULL
10000829,Cefotaxime,Gonococcal Infection - Disseminated,,,,,12.0,120.0,,,,,,,,,3000.0,4000.0,,,IM,cefotaxime,DRUG000481,FULL
10000830,Cefotaxime,Gonococcal Infection - Disseminated,,,,,12.0,120.0,,,,,,,,,3000.0,4000.0,,,IV,cefotaxime,DRUG000481,FULL
10000831,Cefotaxime,Gonococcal Infection - Disseminated,1.0,29.0,,,,,,,50.0,75.0,,,,,,,,,IM,cefotaxime,DRUG000481,FULL
10000832,Cefotaxime,Gonococcal Infection - Disseminated,1.0,29.0,,,,,,,50.0,75.0,,,,,,,,,IV,cefotaxime,DRUG000481,FULL
10000833,Cefotaxime,Gonococcal Infection - Uncomplicated,,,,,12.0,120.0,,,,,,,,,500.0,1000.0,,,IM,cefotaxime,DRUG000481,FULL
10000834,Cefotaxime,Gonococcal Infection - Uncomplicated,,,,,12.0,120.0,,,,,,,,,500.0,1000.0,,,IV,cefotaxime,DRUG000481,FULL
10000835,Cefotaxime,Intraabdominal Infection,,,,,12.0,120.0,,,,,,,,,2000.0,12000.0,,,IM,cefotaxime,DRUG000481,FULL
10000836,Cefotaxime,Intraabdominal Infection,,,,,12.0,120.0,,,,,,,,,2000.0,12000.0,,,IV,cefotaxime,DRUG000481,FULL
10000837,Cefotaxime,Intraabdominal Infection,,,1.0,,,11.0,,,50.0,180.0,,,,,,,,,IM,cefotaxime,DRUG000481,FULL
10000838,Cefotaxime,Intraabdominal Infection,1.0,7.0,,,,,,,100.0,150.0,,,,,,,,,IM,cefotaxime,DRUG000481,FULL
10000839,Cefotaxime,Intraabdominal Infection,8.0,29.0,,,,,,,150.0,200.0,,,,,,,,,IM,cefotaxime,DRUG000481,FULL
10000840,Cefotaxime,Intraabdominal Infection,,,1.0,,,11.0,,,50.0,180.0,,,,,,,,,IV,cefotaxime,DRUG000481,FULL
10000841,Cefotaxime,Intraabdominal Infection,1.0,7.0,,,,,,,100.0,150.0,,,,,,,,,IV,cefotaxime,DRUG000481,FULL
10000842,Cefotaxime,Intraabdominal Infection,8.0,29.0,,,,,,,150.0,200.0,,,,,,,,,IV,cefotaxime,DRUG000481,FULL
10000843,Cefotaxime,Lyme Disease - Neurologic,,,,,12.0,120.0,,,,,,,,,6000.0,8000.0,,,IM,cefotaxime,DRUG000481,FULL
10000844,Cefotaxime,Lyme Disease - Neurologic,,,,,12.0,120.0,,,,,,,,,6000.0,8000.0,,,IV,cefotaxime,DRUG000481,FULL
10000845,Cefotaxime,Lyme Disease - Neurologic,,,1.0,,,11.0,,,150.0,200.0,,,,,,,,,IM,cefotaxime,DRUG000481,FULL
10000846,Cefotaxime,Lyme Disease - Neurologic,,,1.0,,,11.0,,,150.0,200.0,,,,,,,,,IV,cefotaxime,DRUG000481,FULL
10000847,Cefotaxime,Meningitis,,,,,12.0,120.0,,,,,,,,,2000.0,12000.0,,,IM,cefotaxime,DRUG000481,FULL
10000848,Cefotaxime,Meningitis,,,,,12.0,120.0,,,,,,,,,2000.0,12000.0,,,IV,cefotaxime,DRUG000481,FULL
10000849,Cefotaxime,Meningitis,,,1.0,,,11.0,,,50.0,180.0,,,,,,,,,IM,cefotaxime,DRUG000481,FULL
10000850,Cefotaxime,Meningitis,1.0,7.0,,,,,,,100.0,150.0,,,,,,,,,IM,cefotaxime,DRUG000481,FULL
10000851,Cefotaxime,Meningitis,8.0,29.0,,,,,,,150.0,200.0,,,,,,,,,IM,cefotaxime,DRUG000481,FULL
10000852,Cefotaxime,Meningitis,,,1.0,,,11.0,,,50.0,180.0,,,,,,,,,IV,cefotaxime,DRUG000481,FULL
10000853,Cefotaxime,Meningitis,1.0,7.0,,,,,,,100.0,150.0,,,,,,,,,IV,cefotaxime,DRUG000481,FULL
10000854,Cefotaxime,Meningitis,8.0,29.0,,,,,,,150.0,200.0,,,,,,,,,IV,cefotaxime,DRUG000481,FULL
10000855,Cefotaxime,Osteomyelitis,,,,,12.0,120.0,,,,,,,,,2000.0,12000.0,,,IM,cefotaxime,DRUG000481,FULL
10000856,Cefotaxime,Osteomyelitis,,,,,12.0,120.0,,,,,,,,,2000.0,12000.0,,,IV,cefotaxime,DRUG000481,FULL
10000857,Cefotaxime,Osteomyelitis,,,1.0,,,11.0,,,50.0,180.0,,,,,,,,,IM,cefotaxime,DRUG000481,FULL
10000858,Cefotaxime,Osteomyelitis,1.0,7.0,,,,,,,100.0,150.0,,,,,,,,,IM,cefotaxime,DRUG000481,FULL
10000859,Cefotaxime,Osteomyelitis,8.0,29.0,,,,,,,150.0,200.0,,,,,,,,,IM,cefotaxime,DRUG000481,FULL
10000860,Cefotaxime,Osteomyelitis,,,1.0,,,11.0,,,50.0,180.0,,,,,,,,,IV,cefotaxime,DRUG000481,FULL
10000861,Cefotaxime,Osteomyelitis,1.0,7.0,,,,,,,100.0,150.0,,,,,,,,,IV,cefotaxime,DRUG000481,FULL
10000862,Cefotaxime,Osteomyelitis,8.0,29.0,,,,,,,150.0,200.0,,,,,,,,,IV,cefotaxime,DRUG000481,FULL
10000863,Cefotaxime,Pelvic Inflammatory Disease,,,,,12.0,120.0,,,,,,,,,2000.0,12000.0,,,IM,cefotaxime,DRUG000481,FULL
10000864,Cefotaxime,Pelvic Inflammatory Disease,,,,,12.0,120.0,,,,,,,,,2000.0,12000.0,,,IV,cefotaxime,DRUG000481,FULL
10000865,Cefotaxime,Peritonitis,,,,,12.0,120.0,,,,,,,,,2000.0,12000.0,,,IM,cefotaxime,DRUG000481,FULL
10000866,Cefotaxime,Peritonitis,,,,,12.0,120.0,,,,,,,,,2000.0,12000.0,,,IV,cefotaxime,DRUG000481,FULL
10000867,Cefotaxime,Peritonitis,,,1.0,,,11.0,,,50.0,180.0,,,,,,,,,IM,cefotaxime,DRUG000481,FULL
10000868,Cefotaxime,Peritonitis,1.0,7.0,,,,,,,100.0,150.0,,,,,,,,,IM,cefotaxime,DRUG000481,FULL
10000869,Cefotaxime,Peritonitis,8.0,29.0,,,,,,,150.0,200.0,,,,,,,,,IM,cefotaxime,DRUG000481,FULL
10000870,Cefotaxime,Peritonitis,,,1.0,,,11.0,,,50.0,180.0,,,,,,,,,IV,cefotaxime,DRUG000481,FULL
10000871,Cefotaxime,Peritonitis,1.0,7.0,,,,,,,100.0,150.0,,,,,,,,,IV,cefotaxime,DRUG000481,FULL
10000872,Cefotaxime,Peritonitis,8.0,29.0,,,,,,,150.0,200.0,,,,,,,,,IV,cefotaxime,DRUG000481,FULL
10000873,Cefotaxime,Pneumonia,,,,,12.0,120.0,,,,,,,,,2000.0,12000.0,,,IM,cefotaxime,DRUG000481,FULL
10000874,Cefotaxime,Pneumonia,,,,,12.0,120.0,,,,,,,,,2000.0,12000.0,,,IV,cefotaxime,DRUG000481,FULL
10000875,Cefotaxime,Pneumonia,,,1.0,,,11.0,,,50.0,180.0,,,,,,,,,IM,cefotaxime,DRUG000481,FULL
10000876,Cefotaxime,Pneumonia,1.0,7.0,,,,,,,100.0,150.0,,,,,,,,,IM,cefotaxime,DRUG000481,FULL
10000877,Cefotaxime,Pneumonia,8.0,29.0,,,,,,,150.0,200.0,,,,,,,,,IM,cefotaxime,DRUG000481,FULL
10000878,Cefotaxime,Pneumonia,,,1.0,,,11.0,,,50.0,180.0,,,,,,,,,IV,cefotaxime,DRUG000481,FULL
10000879,Cefotaxime,Pneumonia,1.0,7.0,,,,,,,100.0,150.0,,,,,,,,,IV,cefotaxime,DRUG000481,FULL
10000880,Cefotaxime,Pneumonia,8.0,29.0,,,,,,,150.0,200.0,,,,,,,,,IV,cefotaxime,DRUG000481,FULL
10000881,Cefotaxime,Rhinitis,,,,,12.0,120.0,,,,,,,,,6000.0,8000.0,,,IM,cefotaxime,DRUG000481,FULL
10000882,Cefotaxime,Rhinitis,,,,,12.0,120.0,,,,,,,,,6000.0,8000.0,,,IV,cefotaxime,DRUG000481,FULL
10000883,Cefotaxime,Rhinitis,,,1.0,,,11.0,,,50.0,180.0,,,,,,,,,IM,cefotaxime,DRUG000481,FULL
10000884,Cefotaxime,Rhinitis,,,1.0,,,11.0,,,50.0,180.0,,,,,,,,,IV,cefotaxime,DRUG000481,FULL
10000885,Cefotaxime,Sepsis,,,,,12.0,120.0,,,,,,,,,2000.0,12000.0,,,IM,cefotaxime,DRUG000481,FULL
10000886,Cefotaxime,Sepsis,,,,,12.0,120.0,,,,,,,,,2000.0,12000.0,,,IV,cefotaxime,DRUG000481,FULL
10000887,Cefotaxime,Sepsis,,,1.0,,,11.0,,,50.0,180.0,,,,,,,,,IM,cefotaxime,DRUG000481,FULL
10000888,Cefotaxime,Sepsis,1.0,7.0,,,,,,,100.0,150.0,,,,,,,,,IM,cefotaxime,DRUG000481,FULL
10000889,Cefotaxime,Sepsis,8.0,29.0,,,,,,,150.0,200.0,,,,,,,,,IM,cefotaxime,DRUG000481,FULL
10000890,Cefotaxime,Sepsis,,,1.0,,,11.0,,,50.0,180.0,,,,,,,,,IV,cefotaxime,DRUG000481,FULL
10000891,Cefotaxime,Sepsis,1.0,7.0,,,,,,,100.0,150.0,,,,,,,,,IV,cefotaxime,DRUG000481,FULL
10000892,Cefotaxime,Sepsis,8.0,29.0,,,,,,,150.0,200.0,,,,,,,,,IV,cefotaxime,DRUG000481,FULL
10000893,Cefotaxime,Septicemia,,,,,12.0,120.0,,,,,,,,,2000.0,12000.0,,,IM,cefotaxime,DRUG000481,FULL
10000894,Cefotaxime,Septicemia,,,,,12.0,120.0,,,,,,,,,2000.0,12000.0,,,IV,cefotaxime,DRUG000481,FULL
10000895,Cefotaxime,Septicemia,,,1.0,,,11.0,,,50.0,180.0,,,,,,,,,IM,cefotaxime,DRUG000481,FULL
10000896,Cefotaxime,Septicemia,1.0,7.0,,,,,,,100.0,150.0,,,,,,,,,IM,cefotaxime,DRUG000481,FULL
10000897,Cefotaxime,Septicemia,8.0,29.0,,,,,,,150.0,200.0,,,,,,,,,IM,cefotaxime,DRUG000481,FULL
10000898,Cefotaxime,Septicemia,,,1.0,,,11.0,,,50.0,180.0,,,,,,,,,IV,cefotaxime,DRUG000481,FULL
10000899,Cefotaxime,Septicemia,1.0,7.0,,,,,,,100.0,150.0,,,,,,,,,IV,cefotaxime,DRUG000481,FULL
10000900,Cefotaxime,Septicemia,8.0,29.0,,,,,,,150.0,200.0,,,,,,,,,IV,cefotaxime,DRUG000481,FULL
10000901,Cefotaxime,Sinusitis,,,,,12.0,120.0,,,,,,,,,6000.0,8000.0,,,IM,cefotaxime,DRUG000481,FULL
10000902,Cefotaxime,Sinusitis,,,,,12.0,120.0,,,,,,,,,6000.0,8000.0,,,IV,cefotaxime,DRUG000481,FULL
10000903,Cefotaxime,Sinusitis,,,1.0,,,11.0,,,100.0,200.0,,,,,,,,,IM,cefotaxime,DRUG000481,FULL
10000904,Cefotaxime,Sinusitis,,,1.0,,,11.0,,,100.0,200.0,,,,,,,,,IV,cefotaxime,DRUG000481,FULL
10000905,Cefotaxime,Skin or Soft Tissue Infection,,,,,12.0,120.0,,,,,,,,,2000.0,12000.0,,,IM,cefotaxime,DRUG000481,FULL
10000906,Cefotaxime,Skin or Soft Tissue Infection,,,,,12.0,120.0,,,,,,,,,2000.0,12000.0,,,IV,cefotaxime,DRUG000481,FULL
10000907,Cefotaxime,Skin or Soft Tissue Infection,,,1.0,,,11.0,,,50.0,180.0,,,,,,,,,IM,cefotaxime,DRUG000481,FULL
10000908,Cefotaxime,Skin or Soft Tissue Infection,1.0,7.0,,,,,,,100.0,150.0,,,,,,,,,IM,cefotaxime,DRUG000481,FULL
10000909,Cefotaxime,Skin or Soft Tissue Infection,8.0,29.0,,,,,,,150.0,200.0,,,,,,,,,IM,cefotaxime,DRUG000481,FULL
10000910,Cefotaxime,Skin or Soft Tissue Infection,,,1.0,,,11.0,,,50.0,180.0,,,,,,,,,IV,cefotaxime,DRUG000481,FULL
10000911,Cefotaxime,Skin or Soft Tissue Infection,1.0,7.0,,,,,,,100.0,150.0,,,,,,,,,IV,cefotaxime,DRUG000481,FULL
10000912,Cefotaxime,Skin or Soft Tissue Infection,8.0,29.0,,,,,,,150.0,200.0,,,,,,,,,IV,cefotaxime,DRUG000481,FULL
10000913,Cefotaxime,Surgical Prophylaxis,,,,,12.0,120.0,,,,,,,,,1000.0,2000.0,,,IM,cefotaxime,DRUG000481,FULL
10000914,Cefotaxime,Surgical Prophylaxis,,,,,12.0,120.0,,,,,,,,,1000.0,2000.0,,,IV,cefotaxime,DRUG000481,FULL
10000915,Cefotaxime,Surgical Prophylaxis,,,1.0,,,11.0,,,50.0,100.0,,,1000.0,,,,,,IM,cefotaxime,DRUG000481,FULL
10000916,Cefotaxime,Surgical Prophylaxis,,,1.0,,,11.0,,,50.0,100.0,,,1000.0,,,,,,IV,cefotaxime,DRUG000481,FULL
10000917,Cefotaxime,Urinary Tract Infection,,,,,12.0,120.0,,,,,,,,,2000.0,12000.0,,,IM,cefotaxime,DRUG000481,FULL
10000918,Cefotaxime,Urinary Tract Infection,,,,,12.0,120.0,,,,,,,,,2000.0,12000.0,,,IV,cefotaxime,DRUG000481,FULL
10000919,Cefotaxime,Urinary Tract Infection,,,1.0,,,11.0,,,50.0,180.0,,,,,,,,,IM,cefotaxime,DRUG000481,FULL
10000920,Cefotaxime,Urinary Tract Infection,1.0,7.0,,,,,,,100.0,150.0,,,,,,,,,IM,cefotaxime,DRUG000481,FULL
10000921,Cefotaxime,Urinary Tract Infection,8.0,29.0,,,,,,,150.0,200.0,,,,,,,,,IM,cefotaxime,DRUG000481,FULL
10000922,Cefotaxime,Urinary Tract Infection,,,1.0,,,11.0,,,50.0,180.0,,,,,,,,,IV,cefotaxime,DRUG000481,FULL
10000923,Cefotaxime,Urinary Tract Infection,1.0,7.0,,,,,,,100.0,150.0,,,,,,,,,IV,cefotaxime,DRUG000481,FULL
10000924,Cefotaxime,Urinary Tract Infection,8.0,29.0,,,,,,,150.0,200.0,,,,,,,,,IV,cefotaxime,DRUG000481,FULL
10000925,Cefoxitin,Aspiration Pneumonia,,,,,18.0,120.0,,,,,,,,,3000.0,12000.0,,,IV,cefoxitin,DRUG001292,FULL
10000926,Cefoxitin,Bacterial Infection,,,,,12.0,120.0,,,,,,,,,3000.0,12000.0,,,IV,cefoxitin,DRUG001292,FULL
10000927,Cefoxitin,Bacterial Infection,,,3.0,,,11.0,,,80.0,160.0,,,12000.0,,,,,,IV,cefoxitin,DRUG001292,FULL
10000928,Cefoxitin,Bone and Joint Infection,,,,,12.0,120.0,,,,,,,,,3000.0,12000.0,,,IV,cefoxitin,DRUG001292,FULL
10000929,Cefoxitin,Bone and Joint Infection,,,3.0,,,11.0,,,80.0,160.0,,,12000.0,,,,,,IV,cefoxitin,DRUG001292,FULL
10000930,Cefoxitin,Cesarean Section,,,,,12.0,120.0,,,,,,,,,2000.0,12000.0,,,IV,cefoxitin,DRUG001292,FULL
10000931,Cefoxitin,Cesarean Section,,,3.0,,,11.0,,,80.0,160.0,,,12000.0,,,,,,IV,cefoxitin,DRUG001292,FULL
10000932,Cefoxitin,Endometritis,,,,,12.0,120.0,,,,,,,,,3000.0,12000.0,,,IV,cefoxitin,DRUG001292,FULL
10000933,Cefoxitin,Endometritis,,,3.0,,,11.0,,,80.0,160.0,,,12000.0,,,,,,IV,cefoxitin,DRUG001292,FULL
10000934,Cefoxitin,Gonococcal Infection - Uncomplicated,,,,,12.0,120.0,,,,,,,,,2000.0,4000.0,,,IV,cefoxitin,DRUG001292,FULL
10000935,Cefoxitin,Gonococcal Infection - Uncomplicated,,,3.0,,,11.0,,,80.0,160.0,,,12000.0,,,,,,IV,cefoxitin,DRUG001292,FULL
10000936,Cefoxitin,Intraabdominal Infection,,,,,12.0,120.0,,,,,,,,,3000.0,12000.0,,,IV,cefoxitin,DRUG001292,FULL
10000937,Cefoxitin,Intraabdominal Infection,,,3.0,,,11.0,,,80.0,160.0,,,12000.0,,,,,,IV,cefoxitin,DRUG001292,FULL
10000938,Cefoxitin,Osteomyelitis,,,,,12.0,120.0,,,,,,,,,3000.0,12000.0,,,IV,cefoxitin,DRUG001292,FULL
10000939,Cefoxitin,Osteomyelitis,,,3.0,,,11.0,,,80.0,160.0,,,12000.0,,,,,,IV,cefoxitin,DRUG001292,FULL
10000940,Cefoxitin,Pelvic Inflammatory Disease,,,,,12.0,120.0,,,,,,,,,3000.0,12000.0,,,IV,cefoxitin,DRUG001292,FULL
10000941,Cefoxitin,Pelvic Inflammatory Disease,,,3.0,,,11.0,,,80.0,160.0,,,12000.0,,,,,,IV,cefoxitin,DRUG001292,FULL
10000942,Cefoxitin,Peritonitis,,,,,12.0,120.0,,,,,,,,,3000.0,12000.0,,,IV,cefoxitin,DRUG001292,FULL
10000943,Cefoxitin,Peritonitis,,,3.0,,,11.0,,,80.0,160.0,,,12000.0,,,,,,IV,cefoxitin,DRUG001292,FULL
10000944,Cefoxitin,Pneumonia,,,,,12.0,120.0,,,,,,,,,3000.0,12000.0,,,IV,cefoxitin,DRUG001292,FULL
10000945,Cefoxitin,Pneumonia,,,3.0,,,11.0,,,80.0,160.0,,,12000.0,,,,,,IV,cefoxitin,DRUG001292,FULL
10000946,Cefoxitin,Septicemia,,,,,12.0,120.0,,,,,,,,,6000.0,12000.0,,,IV,cefoxitin,DRUG001292,FULL
10000947,Cefoxitin,Septicemia,,,3.0,,,11.0,,,80.0,160.0,,,12000.0,,,,,,IV,cefoxitin,DRUG001292,FULL
10000948,Cefoxitin,Skin and Structure Infection,,,,,12.0,120.0,,,,,,,,,3000.0,12000.0,,,IV,cefoxitin,DRUG001292,FULL
10000949,Cefoxitin,Skin and Structure Infection,,,3.0,,,11.0,,,80.0,160.0,,,12000.0,,,,,,IV,cefoxitin,DRUG001292,FULL
10000950,Cefoxitin,Surgical Prophylaxis,,,,,12.0,120.0,,,,,,,,,2000.0,8000.0,,,IV,cefoxitin,DRUG001292,FULL
10000951,Cefoxitin,Surgical Prophylaxis,,,3.0,,,11.0,,,80.0,160.0,,,12000.0,,,,,,IV,cefoxitin,DRUG001292,FULL
10000952,Cefoxitin,Urinary Tract Infection,,,,,12.0,120.0,,,,,,,,,3000.0,12000.0,,,IV,cefoxitin,DRUG001292,FULL
10000953,Cefoxitin,Urinary Tract Infection,,,3.0,,,11.0,,,80.0,160.0,,,12000.0,,,,,,IV,cefoxitin,DRUG001292,FULL
10000954,Cefpirome,Bacteremia,,,,,12.0,120.0,,,,,,,,,2000.0,4000.0,,,IV,cefpirome,DRUG011650,FULL
10000955,Cefpirome,Bacteremia,,,1.0,,,11.0,,,50.0,100.0,,,,,,,,,IV,cefpirome,DRUG011650,FULL
10000956,Cefpirome,Infections by neutropenic host,,,,,12.0,120.0,,,,,,,,,2000.0,4000.0,,,IV,cefpirome,DRUG011650,FULL
10000957,Cefpirome,Infections by neutropenic host,,,1.0,,,11.0,,,50.0,100.0,,,,,,,,,IV,cefpirome,DRUG011650,FULL
10000958,Cefpirome,Lower Respiratory Track Infections,,,,,12.0,120.0,,,,,,,,,2000.0,4000.0,,,IV,cefpirome,DRUG011650,FULL
10000959,Cefpirome,Lower Respiratory Track Infections,,,1.0,,,11.0,,,50.0,100.0,,,,,,,,,IV,cefpirome,DRUG011650,FULL
10000960,Cefpirome,Septicemia,,,,,12.0,120.0,,,,,,,,,2000.0,4000.0,,,IV,cefpirome,DRUG011650,FULL
10000961,Cefpirome,Septicemia,,,1.0,,,11.0,,,50.0,100.0,,,,,,,,,IV,cefpirome,DRUG011650,FULL
10000962,Cefpirome,Severe infections in intensive care patients,,,,,12.0,120.0,,,,,,,,,2000.0,4000.0,,,IV,cefpirome,DRUG011650,FULL
10000963,Cefpirome,Severe infections in intensive care patients,,,1.0,,,11.0,,,50.0,100.0,,,,,,,,,IV,cefpirome,DRUG011650,FULL
10000964,Cefpirome,Skin or Soft Tissue Infection,,,,,12.0,120.0,,,,,,,,,2000.0,4000.0,,,IV,cefpirome,DRUG011650,FULL
10000965,Cefpirome,Skin or Soft Tissue Infection,,,1.0,,,11.0,,,50.0,100.0,,,,,,,,,IV,cefpirome,DRUG011650,FULL
10000966,Cefpirome,Urinary Tract Infection,,,,,12.0,120.0,,,,,,,,,2000.0,4000.0,,,IV,cefpirome,DRUG011650,FULL
10000967,Cefpirome,Urinary Tract Infection,,,1.0,,,11.0,,,50.0,100.0,,,,,,,,,IV,cefpirome,DRUG011650,FULL
10000968,Cefpodoxime,Cystitis,,,,,12.0,120.0,,,,,,,,,200.0,300.0,,,PO,cefpodoxime,DRUG001356,FULL
10000969,Cefpodoxime,Gonococcal Infection - Disseminated,,,,,12.0,120.0,,,,,,,,,800.0,1200.0,,,PO,cefpodoxime,DRUG001356,FULL
10000970,Cefpodoxime,Gonococcal Infection - Uncomplicated,,,,,12.0,120.0,,,,,,,,,200.0,400.0,,,PO,cefpodoxime,DRUG001356,FULL
10000971,Cefpodoxime,Otitis Media,,,2.0,,,11.0,,,10.0,15.0,,,400.0,,,,,,PO,cefpodoxime,DRUG001356,FULL
10000972,Cefpodoxime,Pneumonia,,,,,12.0,120.0,,,,,,,,,400.0,600.0,,,PO,cefpodoxime,DRUG001356,FULL
10000973,Cefpodoxime,Pyelonephritis,,,,,12.0,120.0,,,,,,,,,200.0,300.0,,,PO,cefpodoxime,DRUG001356,FULL
10000974,Cefpodoxime,Sinusitis,,,,,12.0,120.0,,,,,,,,,400.0,600.0,,,PO,cefpodoxime,DRUG001356,FULL
10000975,Cefpodoxime,Sinusitis,,,2.0,,,11.0,,,10.0,15.0,,,400.0,,,,,,PO,cefpodoxime,DRUG001356,FULL
10000976,Cefpodoxime,Skin or Soft Tissue Infection,,,,,12.0,120.0,,,,,,,,,800.0,1200.0,,,PO,cefpodoxime,DRUG001356,FULL
10000977,Cefpodoxime,Tonsillitis/Pharyngitis,,,,,12.0,120.0,,,,,,,,,200.0,300.0,,,PO,cefpodoxime,DRUG001356,FULL
10000978,Cefpodoxime,Tonsillitis/Pharyngitis,,,2.0,,,11.0,,,10.0,15.0,,,200.0,,,,,,PO,cefpodoxime,DRUG001356,FULL
10000979,Cefpodoxime,Upper Respiratory Tract Infection,,,,,12.0,120.0,,,,,,,,,200.0,300.0,,,PO,cefpodoxime,DRUG001356,FULL
10000980,Cefpodoxime  + Clavulanic Acid,Cystitis,,,,,12.0,120.0,,,,,,,,,200.0,300.0,,,PO,cefpodoxime + clavulanic acid,DRUG000750|DRUG001356,FULL
10000981,Cefpodoxime  + Clavulanic Acid,Gonococcal Infection - Disseminated,,,,,12.0,120.0,,,,,,,,,800.0,1200.0,,,PO,cefpodoxime + clavulanic acid,DRUG000750|DRUG001356,FULL
10000982,Cefpodoxime  + Clavulanic Acid,Gonococcal Infection - Uncomplicated,,,,,12.0,120.0,,,,,,,,,200.0,400.0,,,PO,cefpodoxime + clavulanic acid,DRUG000750|DRUG001356,FULL
10000983,Cefpodoxime  + Clavulanic Acid,Otitis Media,,,2.0,,,11.0,,,10.0,15.0,,,400.0,,,,,,PO,cefpodoxime + clavulanic acid,DRUG000750|DRUG001356,FULL
10000984,Cefpodoxime  + Clavulanic Acid,Pneumonia,,,,,12.0,120.0,,,,,,,,,400.0,600.0,,,PO,cefpodoxime + clavulanic acid,DRUG000750|DRUG001356,FULL
10000985,Cefpodoxime  + Clavulanic Acid,Pyelonephritis,,,,,12.0,120.0,,,,,,,,,200.0,300.0,,,PO,cefpodoxime + clavulanic acid,DRUG000750|DRUG001356,FULL
10000986,Cefpodoxime  + Clavulanic Acid,Sinusitis,,,,,12.0,120.0,,,,,,,,,400.0,600.0,,,PO,cefpodoxime + clavulanic acid,DRUG000750|DRUG001356,FULL
10000987,Cefpodoxime  + Clavulanic Acid,Sinusitis,,,2.0,,,11.0,,,10.0,15.0,,,400.0,,,,,,PO,cefpodoxime + clavulanic acid,DRUG000750|DRUG001356,FULL
10000988,Cefpodoxime  + Clavulanic Acid,Skin or Soft Tissue Infection,,,,,12.0,120.0,,,,,,,,,800.0,1200.0,,,PO,cefpodoxime + clavulanic acid,DRUG000750|DRUG001356,FULL
10000989,Cefpodoxime  + Clavulanic Acid,Tonsillitis/Pharyngitis,,,,,12.0,120.0,,,,,,,,,200.0,300.0,,,PO,cefpodoxime + clavulanic acid,DRUG000750|DRUG001356,FULL
10000990,Cefpodoxime  + Clavulanic Acid,Tonsillitis/Pharyngitis,,,2.0,,,11.0,,,10.0,15.0,,,200.0,,,,,,PO,cefpodoxime + clavulanic acid,DRUG000750|DRUG001356,FULL
10000991,Cefpodoxime  + Clavulanic Acid,Upper Respiratory Tract Infection,,,,,12.0,120.0,,,,,,,,,200.0,300.0,,,PO,cefpodoxime + clavulanic acid,DRUG000750|DRUG001356,FULL
10000992,Cefprozil,Bronchitis,,,,,12.0,120.0,,,,,,,,,1000.0,1500.0,,,PO,cefprozil,DRUG001131,FULL
10000993,Cefprozil,Cystitis,,,,,12.0,120.0,,,,,,,,,500.0,1000.0,,,PO,cefprozil,DRUG001131,FULL
10000994,Cefprozil,Otitis Media,,,,,12.0,120.0,,,,,,,,,500.0,1000.0,,,PO,cefprozil,DRUG001131,FULL
10000995,Cefprozil,Otitis Media,,,6.0,,,11.0,,,30.0,45.0,,,1000.0,,,,,,PO,cefprozil,DRUG001131,FULL
10000996,Cefprozil,Pneumonia,,,,,12.0,120.0,,,,,,,,,1000.0,1500.0,,,PO,cefprozil,DRUG001131,FULL
10000997,Cefprozil,Pyelonephritis,,,,,12.0,120.0,,,,,,,,,500.0,1000.0,,,PO,cefprozil,DRUG001131,FULL
10000998,Cefprozil,Sinusitis,,,,,12.0,120.0,,,,,,,,,500.0,1000.0,,,PO,cefprozil,DRUG001131,FULL
10000999,Cefprozil,Sinusitis,,,2.0,,,11.0,,,15.0,30.0,,,1000.0,,,,,,PO,cefprozil,DRUG001131,FULL
10001000,Cefprozil,Skin or Soft Tissue Infection,,,,,12.0,120.0,,,,,,,,,500.0,1000.0,,,PO,cefprozil,DRUG001131,FULL
10001001,Cefprozil,Skin or Soft Tissue Infection,,,2.0,,,11.0,,,20.0,40.0,,,1000.0,,,,,,PO,cefprozil,DRUG001131,FULL
10001002,Cefprozil,Tonsillitis/Pharyngitis,,,,,12.0,120.0,,,,,,,,,500.0,1000.0,,,PO,cefprozil,DRUG001131,FULL
10001003,Cefprozil,Tonsillitis/Pharyngitis,,,2.0,,,11.0,,,15.0,22.5,,,1000.0,,,,,,PO,cefprozil,DRUG001131,FULL
10001004,Cefprozil,Upper Respiratory Tract Infection,,,,,12.0,120.0,,,,,,,,,500.0,1000.0,,,PO,cefprozil,DRUG001131,FULL
10001005,Ceftazidime,Bacteremia,,,,,12.0,120.0,,,,,,,,,4000.0,6000.0,,,IV,ceftazidime,DRUG000426,FULL
10001006,Ceftazidime,Bacteremia,,,1.0,,,11.0,,,90.0,200.0,,,6000.0,,,,,,IV,ceftazidime,DRUG000426,FULL
10001007,Ceftazidime,Bacteremia,1.0,29.0,,,,,,,60.0,150.0,,,,,,,,,IV,ceftazidime,DRUG000426,FULL
10001008,Ceftazidime,Bacterial Infection,,,1.0,,,11.0,,,90.0,200.0,,,6000.0,,,,,,IV,ceftazidime,DRUG000426,FULL
10001009,Ceftazidime,Bacterial Infection,1.0,29.0,,,,,,,60.0,150.0,,,,,,,,,IV,ceftazidime,DRUG000426,FULL
10001010,Ceftazidime,Bone and Joint Infection,,,,,12.0,120.0,,,,,,,,,4000.0,6000.0,,,IV,ceftazidime,DRUG000426,FULL
10001011,Ceftazidime,Bone and Joint Infection,,,1.0,,,11.0,,,90.0,200.0,,,6000.0,,,,,,IV,ceftazidime,DRUG000426,FULL
10001012,Ceftazidime,Bone and Joint Infection,1.0,29.0,,,,,,,60.0,150.0,,,,,,,,,IV,ceftazidime,DRUG000426,FULL
10001013,Ceftazidime,Cystitis,,,,,12.0,120.0,,,,,,,,,500.0,1500.0,,,IV,ceftazidime,DRUG000426,FULL
10001014,Ceftazidime,Cystitis,,,1.0,,,11.0,,,90.0,200.0,,,6000.0,,,,,,IV,ceftazidime,DRUG000426,FULL
10001015,Ceftazidime,Cystitis,1.0,29.0,,,,,,,60.0,150.0,,,,,,,,,IV,ceftazidime,DRUG000426,FULL
10001016,Ceftazidime,Endocarditis,,,,,12.0,120.0,,,,,,,,,3000.0,6000.0,,,IV,ceftazidime,DRUG000426,FULL
10001017,Ceftazidime,Endocarditis,,,1.0,,,11.0,,,90.0,200.0,,,6000.0,,,,,,IV,ceftazidime,DRUG000426,FULL
10001018,Ceftazidime,Endocarditis,1.0,29.0,,,,,,,60.0,150.0,,,,,,,,,IV,ceftazidime,DRUG000426,FULL
10001019,Ceftazidime,Endometriosis,,,,,12.0,120.0,,,,,,,,,4000.0,6000.0,,,IV,ceftazidime,DRUG000426,FULL
10001020,Ceftazidime,Endometritis,,,,,12.0,120.0,,,,,,,,,4000.0,6000.0,,,IV,ceftazidime,DRUG000426,FULL
10001021,Ceftazidime,Febrile Neutropenia,,,,,12.0,120.0,,,,,,,,,4000.0,6000.0,,,IV,ceftazidime,DRUG000426,FULL
10001022,Ceftazidime,Intraabdominal Infection,,,,,12.0,120.0,,,,,,,,,4000.0,6000.0,,,IV,ceftazidime,DRUG000426,FULL
10001023,Ceftazidime,Intraabdominal Infection,,,1.0,,,11.0,,,90.0,200.0,,,6000.0,,,,,,IV,ceftazidime,DRUG000426,FULL
10001024,Ceftazidime,Intraabdominal Infection,1.0,29.0,,,,,,,60.0,150.0,,,,,,,,,IV,ceftazidime,DRUG000426,FULL
10001025,Ceftazidime,Meningitis,,,,,12.0,120.0,,,,,,,,,4000.0,6000.0,,,IV,ceftazidime,DRUG000426,FULL
10001026,Ceftazidime,Meningitis,,,1.0,,,11.0,,,90.0,200.0,,,6000.0,,,,,,IV,ceftazidime,DRUG000426,FULL
10001027,Ceftazidime,Meningitis,1.0,29.0,,,,,,,60.0,150.0,,,,,,,,,IV,ceftazidime,DRUG000426,FULL
10001028,Ceftazidime,Nosocomial Pneumonia,,,,,12.0,120.0,,,,,,,,,1500.0,6000.0,,,IV,ceftazidime,DRUG000426,FULL
10001029,Ceftazidime,Nosocomial Pneumonia,,,1.0,,,11.0,,,90.0,200.0,,,6000.0,,,,,,IV,ceftazidime,DRUG000426,FULL
10001030,Ceftazidime,Nosocomial Pneumonia,1.0,29.0,,,,,,,60.0,150.0,,,,,,,,,IV,ceftazidime,DRUG000426,FULL
10001031,Ceftazidime,Osteomyelitis,,,,,12.0,120.0,,,,,,,,,4000.0,6000.0,,,IV,ceftazidime,DRUG000426,FULL
10001032,Ceftazidime,Osteomyelitis,,,1.0,,,11.0,,,90.0,200.0,,,6000.0,,,,,,IV,ceftazidime,DRUG000426,FULL
10001033,Ceftazidime,Osteomyelitis,1.0,29.0,,,,,,,60.0,150.0,,,,,,,,,IV,ceftazidime,DRUG000426,FULL
10001034,Ceftazidime,Pelvic Infections,,,,,12.0,120.0,,,,,,,,,4000.0,6000.0,,,IV,ceftazidime,DRUG000426,FULL
10001035,Ceftazidime,Pelvic Inflammatory Disease,,,,,12.0,120.0,,,,,,,,,4000.0,6000.0,,,IV,ceftazidime,DRUG000426,FULL
10001036,Ceftazidime,Peritonitis,,,,,12.0,120.0,,,,,,,,,4000.0,6000.0,,,IV,ceftazidime,DRUG000426,FULL
10001037,Ceftazidime,Peritonitis,,,1.0,,,11.0,,,90.0,200.0,,,6000.0,,,,,,IV,ceftazidime,DRUG000426,FULL
10001038,Ceftazidime,Peritonitis,1.0,29.0,,,,,,,60.0,150.0,,,,,,,,,IV,ceftazidime,DRUG000426,FULL
10001039,Ceftazidime,Pneumonia,,,,,12.0,120.0,,,,,,,,,1500.0,6000.0,,,IV,ceftazidime,DRUG000426,FULL
10001040,Ceftazidime,Pneumonia,,,1.0,,,11.0,,,90.0,200.0,,,6000.0,,,,,,IV,ceftazidime,DRUG000426,FULL
10001041,Ceftazidime,Pneumonia,1.0,29.0,,,,,,,60.0,150.0,,,,,,,,,IV,ceftazidime,DRUG000426,FULL
10001042,Ceftazidime,Pneumonia with Cystic Fibrosis,,,,,12.0,120.0,,,,,,,,,1500.0,6000.0,,,IV,ceftazidime,DRUG000426,FULL
10001043,Ceftazidime,Pneumonia with Cystic Fibrosis,,,1.0,,,11.0,,,90.0,200.0,,,6000.0,,,,,,IV,ceftazidime,DRUG000426,FULL
10001044,Ceftazidime,Pneumonia with Cystic Fibrosis,1.0,29.0,,,,,,,60.0,150.0,,,,,,,,,IV,ceftazidime,DRUG000426,FULL
10001045,Ceftazidime,Pyelonephritis,,,1.0,,,11.0,,,90.0,200.0,,,6000.0,,,,,,IV,ceftazidime,DRUG000426,FULL
10001046,Ceftazidime,Pyelonephritis,1.0,29.0,,,,,,,60.0,150.0,,,,,,,,,IV,ceftazidime,DRUG000426,FULL
10001047,Ceftazidime,Sepsis,,,,,12.0,120.0,,,,,,,,,4000.0,6000.0,,,IV,ceftazidime,DRUG000426,FULL
10001048,Ceftazidime,Septicemia,,,1.0,,,11.0,,,90.0,200.0,,,6000.0,,,,,,IV,ceftazidime,DRUG000426,FULL
10001049,Ceftazidime,Septicemia,1.0,29.0,,,,,,,60.0,150.0,,,,,,,,,IV,ceftazidime,DRUG000426,FULL
10001050,Ceftazidime,Skin and Structure Infection,,,1.0,,,11.0,,,90.0,200.0,,,6000.0,,,,,,IV,ceftazidime,DRUG000426,FULL
10001051,Ceftazidime,Skin and Structure Infection,1.0,29.0,,,,,,,60.0,150.0,,,,,,,,,IV,ceftazidime,DRUG000426,FULL
10001052,Ceftazidime,Skin or Soft Tissue Infection,,,,,12.0,120.0,,,,,,,,,1500.0,6000.0,,,IV,ceftazidime,DRUG000426,FULL
10001053,Ceftazidime,Urinary Tract Infection,,,,,12.0,120.0,,,,,,,,,500.0,1500.0,,,IV,ceftazidime,DRUG000426,FULL
10001054,Ceftazidime,Urinary Tract Infection,,,1.0,,,11.0,,,90.0,200.0,,,6000.0,,,,,,IV,ceftazidime,DRUG000426,FULL
10001055,Ceftazidime,Urinary Tract Infection,1.0,29.0,,,,,,,60.0,150.0,,,,,,,,,IV,ceftazidime,DRUG000426,FULL
10001056,Ceftibuten,Bronchitis,,,,,12.0,120.0,,,,,,,,,400.0,800.0,,,PO,ceftibuten,DRUG001355,FULL
10001057,Ceftibuten,Otitis Media,,,,,12.0,120.0,,,,,,,,,400.0,800.0,,,PO,ceftibuten,DRUG001355,FULL
10001058,Ceftibuten,Otitis Media,,,6.0,,,11.0,,,9.0,18.0,,,400.0,,,,,,PO,ceftibuten,DRUG001355,FULL
10001059,Ceftibuten,Tonsillitis/Pharyngitis,,,,,12.0,120.0,,,,,,,,,400.0,800.0,,,PO,ceftibuten,DRUG001355,FULL
10001060,Ceftibuten,Tonsillitis/Pharyngitis,,,6.0,,,11.0,,,9.0,18.0,,,400.0,,,,,,PO,ceftibuten,DRUG001355,FULL
10001061,Ceftriaxone,Bacteremia,,,,,12.0,120.0,,,,,,,,,1000.0,4000.0,,,IM,ceftriaxone,DRUG001193,FULL
10001062,Ceftriaxone,Bacteremia,,,,,12.0,120.0,,,,,,,,,1000.0,4000.0,,,IV,ceftriaxone,DRUG001193,FULL
10001063,Ceftriaxone,Bacteremia,,,1.0,,,11.0,,,50.0,100.0,,,4000.0,,,,,,IM,ceftriaxone,DRUG001193,FULL
10001064,Ceftriaxone,Bacteremia,1.0,29.0,,,,,,,50.0,100.0,,,,,,,,,IM,ceftriaxone,DRUG001193,FULL
10001065,Ceftriaxone,Bacteremia,,,1.0,,,11.0,,,50.0,100.0,,,4000.0,,,,,,IV,ceftriaxone,DRUG001193,FULL
10001066,Ceftriaxone,Bacteremia,1.0,29.0,,,,,,,50.0,100.0,,,,,,,,,IV,ceftriaxone,DRUG001193,FULL
10001067,Ceftriaxone,Bacterial Endocarditis Prophylaxis,,,,,12.0,120.0,,,,,,,,,1000.0,2000.0,,,IM,ceftriaxone,DRUG001193,FULL
10001068,Ceftriaxone,Bacterial Endocarditis Prophylaxis,,,,,12.0,120.0,,,,,,,,,1000.0,2000.0,,,IV,ceftriaxone,DRUG001193,FULL
10001069,Ceftriaxone,Bacterial Endocarditis Prophylaxis,,,1.0,,,11.0,,,50.0,100.0,,,1000.0,,,,,,IM,ceftriaxone,DRUG001193,FULL
10001070,Ceftriaxone,Bacterial Endocarditis Prophylaxis,,,1.0,,,11.0,,,50.0,100.0,,,1000.0,,,,,,IV,ceftriaxone,DRUG001193,FULL
10001071,Ceftriaxone,Bacterial Infection,,,,,12.0,120.0,,,,,,,,,1000.0,4000.0,,,IM,ceftriaxone,DRUG001193,FULL
10001072,Ceftriaxone,Bacterial Infection,,,,,12.0,120.0,,,,,,,,,1000.0,4000.0,,,IV,ceftriaxone,DRUG001193,FULL
10001073,Ceftriaxone,Bacterial Infection,,,1.0,,,11.0,,,50.0,100.0,,,4000.0,,,,,,IM,ceftriaxone,DRUG001193,FULL
10001074,Ceftriaxone,Bacterial Infection,1.0,29.0,,,,,,,50.0,100.0,,,,,,,,,IM,ceftriaxone,DRUG001193,FULL
10001075,Ceftriaxone,Bacterial Infection,,,1.0,,,11.0,,,50.0,100.0,,,4000.0,,,,,,IV,ceftriaxone,DRUG001193,FULL
10001076,Ceftriaxone,Bacterial Infection,1.0,29.0,,,,,,,50.0,100.0,,,,,,,,,IV,ceftriaxone,DRUG001193,FULL
10001077,Ceftriaxone,Bone and Joint Infection,,,,,12.0,120.0,,,,,,,,,1000.0,4000.0,,,IM,ceftriaxone,DRUG001193,FULL
10001078,Ceftriaxone,Bone and Joint Infection,,,,,12.0,120.0,,,,,,,,,1000.0,4000.0,,,IV,ceftriaxone,DRUG001193,FULL
10001079,Ceftriaxone,Bone and Joint Infection,,,1.0,,,11.0,,,50.0,100.0,,,4000.0,,,,,,IM,ceftriaxone,DRUG001193,FULL
10001080,Ceftriaxone,Bone and Joint Infection,1.0,29.0,,,,,,,50.0,100.0,,,,,,,,,IM,ceftriaxone,DRUG001193,FULL
10001081,Ceftriaxone,Bone and Joint Infection,,,1.0,,,11.0,,,50.0,100.0,,,4000.0,,,,,,IV,ceftriaxone,DRUG001193,FULL
10001082,Ceftriaxone,Bone and Joint Infection,1.0,29.0,,,,,,,50.0,100.0,,,,,,,,,IV,ceftriaxone,DRUG001193,FULL
10001083,Ceftriaxone,Bronchitis,,,,,12.0,120.0,,,,,,,,,1000.0,4000.0,,,IM,ceftriaxone,DRUG001193,FULL
10001084,Ceftriaxone,Bronchitis,,,,,12.0,120.0,,,,,,,,,1000.0,4000.0,,,IV,ceftriaxone,DRUG001193,FULL
10001085,Ceftriaxone,Bronchitis,,,1.0,,,11.0,,,50.0,75.0,,,2000.0,,,,,,IM,ceftriaxone,DRUG001193,FULL
10001086,Ceftriaxone,Bronchitis,,,1.0,,,11.0,,,50.0,75.0,,,2000.0,,,,,,IV,ceftriaxone,DRUG001193,FULL
10001087,Ceftriaxone,Chancroid,,,,,12.0,120.0,,,,,,,,,250.0,500.0,,,IM,ceftriaxone,DRUG001193,FULL
10001088,Ceftriaxone,Chancroid,,,1.0,,,11.0,,,50.0,100.0,,,,,,,,,IM,ceftriaxone,DRUG001193,FULL
10001089,Ceftriaxone,Chancroid,,,1.0,,,11.0,,,50.0,100.0,,,,,,,,,IV,ceftriaxone,DRUG001193,FULL
10001090,Ceftriaxone,Conjunctivitis,,,,,12.0,120.0,,,,,,,,,1000.0,2000.0,,,IM,ceftriaxone,DRUG001193,FULL
10001091,Ceftriaxone,Endocarditis,,,,,1.0,11.0,,,80.0,100.0,,,4000.0,,,,,,IM,ceftriaxone,DRUG001193,FULL
10001092,Ceftriaxone,Endocarditis,,,,,1.0,11.0,,,80.0,100.0,,,4000.0,,,,,,IV,ceftriaxone,DRUG001193,FULL
10001093,Ceftriaxone,Endocarditis,,,,,12.0,120.0,,,,,,,,,1000.0,2000.0,,,IM,ceftriaxone,DRUG001193,FULL
10001094,Ceftriaxone,Endocarditis,,,,,12.0,120.0,,,,,,,,,1000.0,2000.0,,,IV,ceftriaxone,DRUG001193,FULL
10001095,Ceftriaxone,Gonococcal Infection - Disseminated,,,,,12.0,120.0,,,,,,,,,1000.0,2000.0,,,IM,ceftriaxone,DRUG001193,FULL
10001096,Ceftriaxone,Gonococcal Infection - Disseminated,,,,,12.0,120.0,,,,,,,,,1000.0,2000.0,,,IV,ceftriaxone,DRUG001193,FULL
10001097,Ceftriaxone,Gonococcal Infection - Disseminated,,,1.0,,,11.0,,,50.0,75.0,,,,,,,,,IM,ceftriaxone,DRUG001193,FULL
10001098,Ceftriaxone,Gonococcal Infection - Disseminated,1.0,29.0,,,,,,,25.0,50.0,,,,,,,,,IM,ceftriaxone,DRUG001193,FULL
10001099,Ceftriaxone,Gonococcal Infection - Disseminated,,,1.0,,,11.0,,,50.0,75.0,,,,,,,,,IV,ceftriaxone,DRUG001193,FULL
10001100,Ceftriaxone,Gonococcal Infection - Disseminated,1.0,29.0,,,,,,,25.0,50.0,,,,,,,,,IV,ceftriaxone,DRUG001193,FULL
10001101,Ceftriaxone,Gonococcal Infection - Uncomplicated,,,,,12.0,120.0,,,,,,,,,250.0,500.0,,,IM,ceftriaxone,DRUG001193,FULL
10001102,Ceftriaxone,Gonococcal Infection - Uncomplicated,1.0,29.0,,,,,,,25.0,50.0,,,,,,,,,IM,ceftriaxone,DRUG001193,FULL
10001103,Ceftriaxone,Gonococcal Infection - Uncomplicated,1.0,29.0,,,,,,,25.0,50.0,,,,,,,,,IV,ceftriaxone,DRUG001193,FULL
10001104,Ceftriaxone,Gonococcal Infection - Uncomplicated,,,1.0,,,11.0,,,25.0,50.0,,,,,,,,,IV,ceftriaxone,DRUG001193,FULL
10001105,Ceftriaxone,Intraabdominal Infection,,,,,12.0,120.0,,,,,,,,,1000.0,4000.0,,,IM,ceftriaxone,DRUG001193,FULL
10001106,Ceftriaxone,Intraabdominal Infection,,,,,12.0,120.0,,,,,,,,,1000.0,4000.0,,,IV,ceftriaxone,DRUG001193,FULL
10001107,Ceftriaxone,Intraabdominal Infection,,,1.0,,,11.0,,,50.0,75.0,,,2000.0,,,,,,IM,ceftriaxone,DRUG001193,FULL
10001108,Ceftriaxone,Intraabdominal Infection,,,1.0,,,11.0,,,50.0,75.0,,,2000.0,,,,,,IV,ceftriaxone,DRUG001193,FULL
10001109,Ceftriaxone,Lyme Disease,,,1.0,,,11.0,,,50.0,75.0,,,2000.0,,,,,,IM,ceftriaxone,DRUG001193,FULL
10001110,Ceftriaxone,Lyme Disease,,,1.0,,,11.0,,,50.0,75.0,,,2000.0,,,,,,IV,ceftriaxone,DRUG001193,FULL
10001111,Ceftriaxone,Lyme Disease - Arthritis,,,,,12.0,120.0,,,,,,,,,2000.0,4000.0,,,IV,ceftriaxone,DRUG001193,FULL
10001112,Ceftriaxone,Lyme Disease - Carditis,,,,,12.0,120.0,,,,,,,,,2000.0,4000.0,,,IV,ceftriaxone,DRUG001193,FULL
10001113,Ceftriaxone,Lyme Disease - Neurologic,,,,,12.0,120.0,,,,,,,,,2000.0,4000.0,,,IV,ceftriaxone,DRUG001193,FULL
10001114,Ceftriaxone,Meningitis,,,,,12.0,120.0,,,,,,,,,1000.0,4000.0,,,IM,ceftriaxone,DRUG001193,FULL
10001115,Ceftriaxone,Meningitis,,,,,12.0,120.0,,,,,,,,,1000.0,4000.0,,,IV,ceftriaxone,DRUG001193,FULL
10001116,Ceftriaxone,Meningitis,,,1.0,,,11.0,,,100.0,150.0,,,4000.0,,,,,,IM,ceftriaxone,DRUG001193,FULL
10001117,Ceftriaxone,Meningitis,1.0,29.0,,,,,,,50.0,100.0,,,,,,,,,IM,ceftriaxone,DRUG001193,FULL
10001118,Ceftriaxone,Meningitis,,,1.0,,,11.0,,,100.0,150.0,,,4000.0,,,,,,IV,ceftriaxone,DRUG001193,FULL
10001119,Ceftriaxone,Meningitis,1.0,29.0,,,,,,,50.0,100.0,,,,,,,,,IV,ceftriaxone,DRUG001193,FULL
10001120,Ceftriaxone,Meningococcal Meningitis Prophylaxis,,,,,15.0,120.0,,,,,,,,,250.0,500.0,,,IM,ceftriaxone,DRUG001193,FULL
10001121,Ceftriaxone,Meningococcal Meningitis Prophylaxis,,,,,,,,,,,,,,,125.0,250.0,,,IM,ceftriaxone,DRUG001193,FULL
10001122,Ceftriaxone,Neurosyphilis,,,,,12.0,120.0,,,,,,,,,2000.0,4000.0,,,IM,ceftriaxone,DRUG001193,FULL
10001123,Ceftriaxone,Neurosyphilis,,,,,12.0,120.0,,,,,,,,,2000.0,4000.0,,,IV,ceftriaxone,DRUG001193,FULL
10001124,Ceftriaxone,Ocular Infection,1.0,29.0,,,,,,,25.0,50.0,,,,,,,,,IM,ceftriaxone,DRUG001193,FULL
10001125,Ceftriaxone,Ocular Infection,1.0,29.0,,,,,,,25.0,50.0,,,,,,,,,IV,ceftriaxone,DRUG001193,FULL
10001126,Ceftriaxone,Osteomyelitis,,,,,12.0,120.0,,,,,,,,,1000.0,4000.0,,,IM,ceftriaxone,DRUG001193,FULL
10001127,Ceftriaxone,Osteomyelitis,,,,,12.0,120.0,,,,,,,,,1000.0,4000.0,,,IV,ceftriaxone,DRUG001193,FULL
10001128,Ceftriaxone,Osteomyelitis,,,1.0,,,11.0,,,50.0,100.0,,,4000.0,,,,,,IM,ceftriaxone,DRUG001193,FULL
10001129,Ceftriaxone,Osteomyelitis,1.0,29.0,,,,,,,50.0,100.0,,,,,,,,,IM,ceftriaxone,DRUG001193,FULL
10001130,Ceftriaxone,Osteomyelitis,,,1.0,,,11.0,,,50.0,100.0,,,4000.0,,,,,,IV,ceftriaxone,DRUG001193,FULL
10001131,Ceftriaxone,Osteomyelitis,1.0,29.0,,,,,,,50.0,100.0,,,,,,,,,IV,ceftriaxone,DRUG001193,FULL
10001132,Ceftriaxone,Otitis Media,,,1.0,,,11.0,,,50.0,100.0,,,1000.0,,,,,,IM,ceftriaxone,DRUG001193,FULL
10001133,Ceftriaxone,Otitis Media,,,1.0,,,11.0,,,50.0,100.0,,,1000.0,,,,,,IV,ceftriaxone,DRUG001193,FULL
10001134,Ceftriaxone,Pelvic Inflammatory Disease,,,,,12.0,120.0,,,,,,,,,1000.0,4000.0,,,IM,ceftriaxone,DRUG001193,FULL
10001135,Ceftriaxone,Pelvic Inflammatory Disease,,,,,12.0,120.0,,,,,,,,,1000.0,4000.0,,,IV,ceftriaxone,DRUG001193,FULL
10001136,Ceftriaxone,Pneumonia,,,,,12.0,120.0,,,,,,,,,1000.0,4000.0,,,IM,ceftriaxone,DRUG001193,FULL
10001137,Ceftriaxone,Pneumonia,,,,,12.0,120.0,,,,,,,,,1000.0,4000.0,,,IV,ceftriaxone,DRUG001193,FULL
10001138,Ceftriaxone,Pneumonia,,,1.0,,,11.0,,,50.0,75.0,,,2000.0,,,,,,IM,ceftriaxone,DRUG001193,FULL
10001139,Ceftriaxone,Pneumonia,,,1.0,,,11.0,,,50.0,75.0,,,2000.0,,,,,,IV,ceftriaxone,DRUG001193,FULL
10001140,Ceftriaxone,Proctitis,,,,,12.0,120.0,,,,,,,,,500.0,1000.0,,,IM,ceftriaxone,DRUG001193,FULL
10001141,Ceftriaxone,Salmonella Enteric Fever,,,,,12.0,120.0,,,,,,,,,1000.0,2000.0,,,IV,ceftriaxone,DRUG001193,FULL
10001142,Ceftriaxone,Salmonella Gastroenteritis,,,,,12.0,120.0,,,,,,,,,1000.0,2000.0,,,IV,ceftriaxone,DRUG001193,FULL
10001143,Ceftriaxone,Septicemia,,,,,12.0,120.0,,,,,,,,,1000.0,4000.0,,,IM,ceftriaxone,DRUG001193,FULL
10001144,Ceftriaxone,Septicemia,,,,,12.0,120.0,,,,,,,,,1000.0,4000.0,,,IV,ceftriaxone,DRUG001193,FULL
10001145,Ceftriaxone,Septicemia,,,1.0,,,11.0,,,50.0,100.0,,,4000.0,,,,,,IM,ceftriaxone,DRUG001193,FULL
10001146,Ceftriaxone,Septicemia,1.0,29.0,,,,,,,50.0,100.0,,,,,,,,,IM,ceftriaxone,DRUG001193,FULL
10001147,Ceftriaxone,Septicemia,,,1.0,,,11.0,,,50.0,100.0,,,4000.0,,,,,,IV,ceftriaxone,DRUG001193,FULL
10001148,Ceftriaxone,Septicemia,1.0,29.0,,,,,,,50.0,100.0,,,,,,,,,IV,ceftriaxone,DRUG001193,FULL
10001149,Ceftriaxone,Skin and Structure Infection,,,,,12.0,120.0,,,,,,,,,1000.0,4000.0,,,IM,ceftriaxone,DRUG001193,FULL
10001150,Ceftriaxone,Skin and Structure Infection,,,,,12.0,120.0,,,,,,,,,1000.0,4000.0,,,IV,ceftriaxone,DRUG001193,FULL
10001151,Ceftriaxone,Skin and Structure Infection,,,1.0,,,11.0,,,50.0,75.0,,,2000.0,,,,,,IM,ceftriaxone,DRUG001193,FULL
10001152,Ceftriaxone,Skin and Structure Infection,,,1.0,,,11.0,,,50.0,75.0,,,2000.0,,,,,,IV,ceftriaxone,DRUG001193,FULL
10001153,Ceftriaxone,Skin or Soft Tissue Infection,,,,,12.0,120.0,,,,,,,,,1000.0,4000.0,,,IM,ceftriaxone,DRUG001193,FULL
10001154,Ceftriaxone,Skin or Soft Tissue Infection,,,,,12.0,120.0,,,,,,,,,1000.0,4000.0,,,IV,ceftriaxone,DRUG001193,FULL
10001155,Ceftriaxone,STD Prophylaxis,,,,,12.0,120.0,,,,,,,,,250.0,500.0,,,IM,ceftriaxone,DRUG001193,FULL
10001156,Ceftriaxone,Surgical Prophylaxis,,,,,1.0,11.0,,,50.0,75.0,,,2000.0,,,,,,IV,ceftriaxone,DRUG001193,FULL
10001157,Ceftriaxone,Surgical Prophylaxis,,,,,12.0,120.0,,,,,,,,,1000.0,2000.0,,,IV,ceftriaxone,DRUG001193,FULL
10001158,Ceftriaxone,Syphilis - Early,,,,,12.0,120.0,,,,,,,,,1000.0,2000.0,,,IM,ceftriaxone,DRUG001193,FULL
10001159,Ceftriaxone,Syphilis - Early,,,,,12.0,120.0,,,,,,,,,1000.0,2000.0,,,IV,ceftriaxone,DRUG001193,FULL
10001160,Ceftriaxone,Urinary Tract Infection,,,,,12.0,120.0,,,,,,,,,1000.0,4000.0,,,IM,ceftriaxone,DRUG001193,FULL
10001161,Ceftriaxone,Urinary Tract Infection,,,,,12.0,120.0,,,,,,,,,1000.0,4000.0,,,IV,ceftriaxone,DRUG001193,FULL
10001162,Ceftriaxone,Urinary Tract Infection,,,1.0,,,11.0,,,50.0,100.0,,,4000.0,,,,,,IM,ceftriaxone,DRUG001193,FULL
10001163,Ceftriaxone,Urinary Tract Infection,,,1.0,,,11.0,,,50.0,100.0,,,4000.0,,,,,,IV,ceftriaxone,DRUG001193,FULL
10001164,Cefuroxime,Appendicitis,,,,,13.0,120.0,,,,,,,,,4500.0,6000.0,,,IV,cefuroxime,DRUG001093,FULL
10001165,Cefuroxime,Bacterial Infection,,,,,13.0,120.0,,,,,,,,,2250.0,4500.0,,,IM,cefuroxime,DRUG001093,FULL
10001166,Cefuroxime,Bacterial Infection,,,,,13.0,120.0,,,,,,,,,2250.0,4500.0,,,IV,cefuroxime,DRUG001093,FULL
10001167,Cefuroxime,Bacterial Infection,,,,,13.0,120.0,,,,,,,,,500.0,1000.0,,,PO,cefuroxime,DRUG001093,FULL
10001168,Cefuroxime,Bacterial Infection,,,3.0,,,11.0,,,50.0,150.0,,,6000.0,,,,,,IM,cefuroxime,DRUG001093,FULL
10001169,Cefuroxime,Bacterial Infection,,,3.0,,,11.0,,,100.0,150.0,,,,,,,,,IM,cefuroxime,DRUG001093,FULL
10001170,Cefuroxime,Bacterial Infection,,,3.0,,,11.0,,,50.0,150.0,,,6000.0,,,,,,IV,cefuroxime,DRUG001093,FULL
10001171,Cefuroxime,Bacterial Infection,,,3.0,,,11.0,,,100.0,150.0,,,,,,,,,IV,cefuroxime,DRUG001093,FULL
10001172,Cefuroxime,Bacterial Infection,,,3.0,,,11.0,,,20.0,30.0,,,1000.0,,,,,,PO,cefuroxime,DRUG001093,FULL
10001173,Cefuroxime,Bone and Joint Infection,,,,,13.0,120.0,,,,,,,,,4500.0,6000.0,,,IM,cefuroxime,DRUG001093,FULL
10001174,Cefuroxime,Bone and Joint Infection,,,,,13.0,120.0,,,,,,,,,4500.0,6000.0,,,IV,cefuroxime,DRUG001093,FULL
10001175,Cefuroxime,Bone and Joint Infection,,,3.0,,,11.0,,,150.0,200.0,,,4500.0,,,,,,IM,cefuroxime,DRUG001093,FULL
10001176,Cefuroxime,Bone and Joint Infection,,,3.0,,,11.0,,,150.0,200.0,,,4500.0,,,,,,IV,cefuroxime,DRUG001093,FULL
10001177,Cefuroxime,Bronchitis,,,,,13.0,120.0,,,,,,,,,2250.0,4500.0,,,IM,cefuroxime,DRUG001093,FULL
10001178,Cefuroxime,Bronchitis,,,,,13.0,120.0,,,,,,,,,2250.0,4500.0,,,IV,cefuroxime,DRUG001093,FULL
10001179,Cefuroxime,Bronchitis,,,,,13.0,120.0,,,,,,,,,500.0,1000.0,,,PO,cefuroxime,DRUG001093,FULL
10001180,Cefuroxime,Bronchitis,,,3.0,,,11.0,,,50.0,100.0,,,6000.0,,,,,,IM,cefuroxime,DRUG001093,FULL
10001181,Cefuroxime,Bronchitis,,,3.0,,,11.0,,,50.0,100.0,,,6000.0,,,,,,IV,cefuroxime,DRUG001093,FULL
10001182,Cefuroxime,Cholecystitis,,,,,13.0,120.0,,,,,,,,,4500.0,6000.0,,,IV,cefuroxime,DRUG001093,FULL
10001183,Cefuroxime,Gonococcal Infection - Disseminated,,,,,13.0,120.0,,,,,,,,,2250.0,4500.0,,,IM,cefuroxime,DRUG001093,FULL
10001184,Cefuroxime,Gonococcal Infection - Disseminated,,,,,13.0,120.0,,,,,,,,,2250.0,4500.0,,,IV,cefuroxime,DRUG001093,FULL
10001185,Cefuroxime,Gonococcal Infection - Uncomplicated,,,,,13.0,120.0,,,,,,,,,3000.0,4500.0,,,IM,cefuroxime,DRUG001093,FULL
10001186,Cefuroxime,Gonococcal Infection - Uncomplicated,,,,,13.0,120.0,,,,,,,,,1000.0,2000.0,,,PO,cefuroxime,DRUG001093,FULL
10001187,Cefuroxime,Impetigo,,,3.0,,,11.0,,,30.0,45.0,,,1000.0,,,,,,PO,cefuroxime,DRUG001093,FULL
10001188,Cefuroxime,Intraabdominal Infection,,,,,13.0,120.0,,,,,,,,,4500.0,6000.0,,,IV,cefuroxime,DRUG001093,FULL
10001189,Cefuroxime,Intraabdominal Infection,,,3.0,,,11.0,,,150.0,200.0,,,,,,,,,IV,cefuroxime,DRUG001093,FULL
10001190,Cefuroxime,Lyme Disease,,,,,13.0,120.0,,,,,,,,,1000.0,1500.0,,,PO,cefuroxime,DRUG001093,FULL
10001191,Cefuroxime,Meningitis,,,,,13.0,120.0,,,,,,,,,6000.0,12000.0,,,IV,cefuroxime,DRUG001093,FULL
10001192,Cefuroxime,Meningitis,,,3.0,,,11.0,,,200.0,240.0,,,9000.0,,,,,,IM,cefuroxime,DRUG001093,FULL
10001193,Cefuroxime,Meningitis,,,3.0,,,11.0,,,200.0,240.0,,,9000.0,,,,,,IV,cefuroxime,DRUG001093,FULL
10001194,Cefuroxime,Osteomyelitis,,,,,13.0,120.0,,,,,,,,,4500.0,6000.0,,,IM,cefuroxime,DRUG001093,FULL
10001195,Cefuroxime,Osteomyelitis,,,,,13.0,120.0,,,,,,,,,4500.0,6000.0,,,IV,cefuroxime,DRUG001093,FULL
10001196,Cefuroxime,Osteomyelitis,,,3.0,,,11.0,,,150.0,200.0,,,4500.0,,,,,,IM,cefuroxime,DRUG001093,FULL
10001197,Cefuroxime,Osteomyelitis,,,3.0,,,11.0,,,150.0,200.0,,,4500.0,,,,,,IV,cefuroxime,DRUG001093,FULL
10001198,Cefuroxime,Otitis Media,,,3.0,,,11.0,,,30.0,45.0,,,1000.0,,,,,,PO,cefuroxime,DRUG001093,FULL
10001199,Cefuroxime,Pneumonia,,,,,13.0,120.0,,,,,,,,,2250.0,4500.0,,,IM,cefuroxime,DRUG001093,FULL
10001200,Cefuroxime,Pneumonia,,,,,13.0,120.0,,,,,,,,,2250.0,4500.0,,,IV,cefuroxime,DRUG001093,FULL
10001201,Cefuroxime,Pneumonia,,,,,13.0,120.0,,,,,,,,,500.0,1000.0,,,PO,cefuroxime,DRUG001093,FULL
10001202,Cefuroxime,Pneumonia,,,3.0,,,11.0,,,50.0,100.0,,,6000.0,,,,,,IM,cefuroxime,DRUG001093,FULL
10001203,Cefuroxime,Pneumonia,,,3.0,,,11.0,,,50.0,100.0,,,6000.0,,,,,,IV,cefuroxime,DRUG001093,FULL
10001204,Cefuroxime,Septicemia,,,,,13.0,120.0,,,,,,,,,2250.0,4500.0,,,IM,cefuroxime,DRUG001093,FULL
10001205,Cefuroxime,Septicemia,,,,,13.0,120.0,,,,,,,,,2250.0,4500.0,,,IV,cefuroxime,DRUG001093,FULL
10001206,Cefuroxime,Septicemia,,,,,13.0,120.0,,,,,,,,,6000.0,7500.0,,,IV,cefuroxime,DRUG001093,FULL
10001207,Cefuroxime,Septicemia,,,3.0,,,11.0,,,50.0,100.0,,,6000.0,,,,,,IM,cefuroxime,DRUG001093,FULL
10001208,Cefuroxime,Septicemia,,,3.0,,,11.0,,,50.0,100.0,,,6000.0,,,,,,IV,cefuroxime,DRUG001093,FULL
10001209,Cefuroxime,Sinusitis,,,,,13.0,120.0,,,,,,,,,500.0,750.0,,,PO,cefuroxime,DRUG001093,FULL
10001210,Cefuroxime,Sinusitis,,,3.0,,,11.0,,,30.0,45.0,,,1000.0,,,,,,PO,cefuroxime,DRUG001093,FULL
10001211,Cefuroxime,Skin and Structure Infection,,,,,13.0,120.0,,,,,,,,,2250.0,4500.0,,,IM,cefuroxime,DRUG001093,FULL
10001212,Cefuroxime,Skin and Structure Infection,,,,,13.0,120.0,,,,,,,,,2250.0,4500.0,,,IV,cefuroxime,DRUG001093,FULL
10001213,Cefuroxime,Skin and Structure Infection,,,,,13.0,120.0,,,,,,,,,500.0,1000.0,,,PO,cefuroxime,DRUG001093,FULL
10001214,Cefuroxime,Skin and Structure Infection,,,3.0,,,11.0,,,50.0,100.0,,,6000.0,,,,,,IM,cefuroxime,DRUG001093,FULL
10001215,Cefuroxime,Skin and Structure Infection,,,3.0,,,11.0,,,50.0,100.0,,,6000.0,,,,,,IV,cefuroxime,DRUG001093,FULL
10001216,Cefuroxime,Skin or Soft Tissue Infection,,,,,13.0,120.0,,,,,,,,,2250.0,4500.0,,,IM,cefuroxime,DRUG001093,FULL
10001217,Cefuroxime,Skin or Soft Tissue Infection,,,,,13.0,120.0,,,,,,,,,2250.0,4500.0,,,IV,cefuroxime,DRUG001093,FULL
10001218,Cefuroxime,Skin or Soft Tissue Infection,,,,,13.0,120.0,,,,,,,,,500.0,1000.0,,,PO,cefuroxime,DRUG001093,FULL
10001219,Cefuroxime,Surgical Prophylaxis,,,,,13.0,120.0,,,,,,,,,1500.0,6000.0,,,IM,cefuroxime,DRUG001093,FULL
10001220,Cefuroxime,Surgical Prophylaxis,,,,,13.0,120.0,,,,,,,,,1500.0,6000.0,,,IV,cefuroxime,DRUG001093,FULL
10001221,Cefuroxime,Tonsillitis/Pharyngitis,,,,,13.0,120.0,,,,,,,,,500.0,750.0,,,PO,cefuroxime,DRUG001093,FULL
10001222,Cefuroxime,Tonsillitis/Pharyngitis,,,3.0,,,11.0,,,20.0,30.0,,,500.0,,,,,,PO,cefuroxime,DRUG001093,FULL
10001223,Cefuroxime,Urinary Tract Infection,,,,,13.0,120.0,,,,,,,,,2250.0,4500.0,,,IM,cefuroxime,DRUG001093,FULL
10001224,Cefuroxime,Urinary Tract Infection,,,,,13.0,120.0,,,,,,,,,2250.0,4500.0,,,IV,cefuroxime,DRUG001093,FULL
10001225,Cefuroxime,Urinary Tract Infection,,,,,13.0,120.0,,,,,,,,,500.0,1000.0,,,PO,cefuroxime,DRUG001093,FULL
10001226,Cefuroxime,Urinary Tract Infection,,,3.0,,,11.0,,,50.0,100.0,,,6000.0,,,,,,IM,cefuroxime,DRUG001093,FULL
10001227,Cefuroxime,Urinary Tract Infection,,,3.0,,,11.0,,,50.0,100.0,,,6000.0,,,,,,IV,cefuroxime,DRUG001093,FULL
10001228,Cefuroxime,Wound Infection,,,,,13.0,120.0,,,,,,,,,2000.0,3000.0,,,IV,cefuroxime,DRUG001093,FULL
10001229,Cefuroxime,Wound Infection,,,,,13.0,120.0,,,,,,,,,1000.0,1500.0,,,PO,cefuroxime,DRUG001093,FULL
10001230,Cefuroxime + Clavulanic Acid,Appendicitis,,,,,13.0,120.0,,,,,,,,,4500.0,6000.0,,,IV,cefuroxime + clavulanic acid,DRUG000750|DRUG001093,FULL
10001231,Cefuroxime + Clavulanic Acid,Bacterial Infection,,,,,13.0,120.0,,,,,,,,,2250.0,4500.0,,,IM,cefuroxime + clavulanic acid,DRUG000750|DRUG001093,FULL
10001232,Cefuroxime + Clavulanic Acid,Bacterial Infection,,,,,13.0,120.0,,,,,,,,,2250.0,4500.0,,,IV,cefuroxime + clavulanic acid,DRUG000750|DRUG001093,FULL
10001233,Cefuroxime + Clavulanic Acid,Bacterial Infection,,,,,13.0,120.0,,,,,,,,,500.0,1000.0,,,PO,cefuroxime + clavulanic acid,DRUG000750|DRUG001093,FULL
10001234,Cefuroxime + Clavulanic Acid,Bacterial Infection,,,3.0,,,11.0,,,50.0,150.0,,,6000.0,,,,,,IM,cefuroxime + clavulanic acid,DRUG000750|DRUG001093,FULL
10001235,Cefuroxime + Clavulanic Acid,Bacterial Infection,,,3.0,,,11.0,,,100.0,150.0,,,,,,,,,IM,cefuroxime + clavulanic acid,DRUG000750|DRUG001093,FULL
10001236,Cefuroxime + Clavulanic Acid,Bacterial Infection,,,3.0,,,11.0,,,50.0,150.0,,,6000.0,,,,,,IV,cefuroxime + clavulanic acid,DRUG000750|DRUG001093,FULL
10001237,Cefuroxime + Clavulanic Acid,Bacterial Infection,,,3.0,,,11.0,,,100.0,150.0,,,,,,,,,IV,cefuroxime + clavulanic acid,DRUG000750|DRUG001093,FULL
10001238,Cefuroxime + Clavulanic Acid,Bacterial Infection,,,3.0,,,11.0,,,20.0,30.0,,,1000.0,,,,,,PO,cefuroxime + clavulanic acid,DRUG000750|DRUG001093,FULL
10001239,Cefuroxime + Clavulanic Acid,Bone and Joint Infection,,,,,13.0,120.0,,,,,,,,,4500.0,6000.0,,,IM,cefuroxime + clavulanic acid,DRUG000750|DRUG001093,FULL
10001240,Cefuroxime + Clavulanic Acid,Bone and Joint Infection,,,,,13.0,120.0,,,,,,,,,4500.0,6000.0,,,IV,cefuroxime + clavulanic acid,DRUG000750|DRUG001093,FULL
10001241,Cefuroxime + Clavulanic Acid,Bone and Joint Infection,,,3.0,,,11.0,,,150.0,200.0,,,4500.0,,,,,,IM,cefuroxime + clavulanic acid,DRUG000750|DRUG001093,FULL
10001242,Cefuroxime + Clavulanic Acid,Bone and Joint Infection,,,3.0,,,11.0,,,150.0,200.0,,,4500.0,,,,,,IV,cefuroxime + clavulanic acid,DRUG000750|DRUG001093,FULL
10001243,Cefuroxime + Clavulanic Acid,Bronchitis,,,,,13.0,120.0,,,,,,,,,2250.0,4500.0,,,IM,cefuroxime + clavulanic acid,DRUG000750|DRUG001093,FULL
10001244,Cefuroxime + Clavulanic Acid,Bronchitis,,,,,13.0,120.0,,,,,,,,,2250.0,4500.0,,,IV,cefuroxime + clavulanic acid,DRUG000750|DRUG001093,FULL
10001245,Cefuroxime + Clavulanic Acid,Bronchitis,,,,,13.0,120.0,,,,,,,,,500.0,1000.0,,,PO,cefuroxime + clavulanic acid,DRUG000750|DRUG001093,FULL
10001246,Cefuroxime + Clavulanic Acid,Bronchitis,,,3.0,,,11.0,,,50.0,100.0,,,6000.0,,,,,,IM,cefuroxime + clavulanic acid,DRUG000750|DRUG001093,FULL
10001247,Cefuroxime + Clavulanic Acid,Bronchitis,,,3.0,,,11.0,,,50.0,100.0,,,6000.0,,,,,,IV,cefuroxime + clavulanic acid,DRUG000750|DRUG001093,FULL
10001248,Cefuroxime + Clavulanic Acid,Cholecystitis,,,,,13.0,120.0,,,,,,,,,4500.0,6000.0,,,IV,cefuroxime + clavulanic acid,DRUG000750|DRUG001093,FULL
10001249,Cefuroxime + Clavulanic Acid,Gonococcal Infection - Disseminated,,,,,13.0,120.0,,,,,,,,,2250.0,4500.0,,,IM,cefuroxime + clavulanic acid,DRUG000750|DRUG001093,FULL
10001250,Cefuroxime + Clavulanic Acid,Gonococcal Infection - Disseminated,,,,,13.0,120.0,,,,,,,,,2250.0,4500.0,,,IV,cefuroxime + clavulanic acid,DRUG000750|DRUG001093,FULL
10001251,Cefuroxime + Clavulanic Acid,Gonococcal Infection - Uncomplicated,,,,,13.0,120.0,,,,,,,,,3000.0,4500.0,,,IM,cefuroxime + clavulanic acid,DRUG000750|DRUG001093,FULL
10001252,Cefuroxime + Clavulanic Acid,Gonococcal Infection - Uncomplicated,,,,,13.0,120.0,,,,,,,,,1000.0,2000.0,,,PO,cefuroxime + clavulanic acid,DRUG000750|DRUG001093,FULL
10001253,Cefuroxime + Clavulanic Acid,Impetigo,,,3.0,,,11.0,,,30.0,45.0,,,1000.0,,,,,,PO,cefuroxime + clavulanic acid,DRUG000750|DRUG001093,FULL
10001254,Cefuroxime + Clavulanic Acid,Intraabdominal Infection,,,,,13.0,120.0,,,,,,,,,4500.0,6000.0,,,IV,cefuroxime + clavulanic acid,DRUG000750|DRUG001093,FULL
10001255,Cefuroxime + Clavulanic Acid,Intraabdominal Infection,,,3.0,,,11.0,,,150.0,200.0,,,,,,,,,IV,cefuroxime + clavulanic acid,DRUG000750|DRUG001093,FULL
10001256,Cefuroxime + Clavulanic Acid,Lyme Disease,,,,,13.0,120.0,,,,,,,,,1000.0,1500.0,,,PO,cefuroxime + clavulanic acid,DRUG000750|DRUG001093,FULL
10001257,Cefuroxime + Clavulanic Acid,Meningitis,,,,,13.0,120.0,,,,,,,,,6000.0,12000.0,,,IV,cefuroxime + clavulanic acid,DRUG000750|DRUG001093,FULL
10001258,Cefuroxime + Clavulanic Acid,Meningitis,,,3.0,,,11.0,,,200.0,240.0,,,9000.0,,,,,,IM,cefuroxime + clavulanic acid,DRUG000750|DRUG001093,FULL
10001259,Cefuroxime + Clavulanic Acid,Meningitis,,,3.0,,,11.0,,,200.0,240.0,,,9000.0,,,,,,IV,cefuroxime + clavulanic acid,DRUG000750|DRUG001093,FULL
10001260,Cefuroxime + Clavulanic Acid,Osteomyelitis,,,,,13.0,120.0,,,,,,,,,4500.0,6000.0,,,IM,cefuroxime + clavulanic acid,DRUG000750|DRUG001093,FULL
10001261,Cefuroxime + Clavulanic Acid,Osteomyelitis,,,,,13.0,120.0,,,,,,,,,4500.0,6000.0,,,IV,cefuroxime + clavulanic acid,DRUG000750|DRUG001093,FULL
10001262,Cefuroxime + Clavulanic Acid,Osteomyelitis,,,3.0,,,11.0,,,150.0,200.0,,,4500.0,,,,,,IM,cefuroxime + clavulanic acid,DRUG000750|DRUG001093,FULL
10001263,Cefuroxime + Clavulanic Acid,Osteomyelitis,,,3.0,,,11.0,,,150.0,200.0,,,4500.0,,,,,,IV,cefuroxime + clavulanic acid,DRUG000750|DRUG001093,FULL
10001264,Cefuroxime + Clavulanic Acid,Otitis Media,,,3.0,,,11.0,,,30.0,45.0,,,1000.0,,,,,,PO,cefuroxime + clavulanic acid,DRUG000750|DRUG001093,FULL
10001265,Cefuroxime + Clavulanic Acid,Pneumonia,,,,,13.0,120.0,,,,,,,,,2250.0,4500.0,,,IM,cefuroxime + clavulanic acid,DRUG000750|DRUG001093,FULL
10001266,Cefuroxime + Clavulanic Acid,Pneumonia,,,,,13.0,120.0,,,,,,,,,2250.0,4500.0,,,IV,cefuroxime + clavulanic acid,DRUG000750|DRUG001093,FULL
10001267,Cefuroxime + Clavulanic Acid,Pneumonia,,,,,13.0,120.0,,,,,,,,,500.0,1000.0,,,PO,cefuroxime + clavulanic acid,DRUG000750|DRUG001093,FULL
10001268,Cefuroxime + Clavulanic Acid,Pneumonia,,,3.0,,,11.0,,,50.0,100.0,,,6000.0,,,,,,IM,cefuroxime + clavulanic acid,DRUG000750|DRUG001093,FULL
10001269,Cefuroxime + Clavulanic Acid,Pneumonia,,,3.0,,,11.0,,,50.0,100.0,,,6000.0,,,,,,IV,cefuroxime + clavulanic acid,DRUG000750|DRUG001093,FULL
10001270,Cefuroxime + Clavulanic Acid,Septicemia,,,,,13.0,120.0,,,,,,,,,2250.0,4500.0,,,IM,cefuroxime + clavulanic acid,DRUG000750|DRUG001093,FULL
10001271,Cefuroxime + Clavulanic Acid,Septicemia,,,,,13.0,120.0,,,,,,,,,2250.0,4500.0,,,IV,cefuroxime + clavulanic acid,DRUG000750|DRUG001093,FULL
10001272,Cefuroxime + Clavulanic Acid,Septicemia,,,,,13.0,120.0,,,,,,,,,6000.0,7500.0,,,IV,cefuroxime + clavulanic acid,DRUG000750|DRUG001093,FULL
10001273,Cefuroxime + Clavulanic Acid,Septicemia,,,3.0,,,11.0,,,50.0,100.0,,,6000.0,,,,,,IM,cefuroxime + clavulanic acid,DRUG000750|DRUG001093,FULL
10001274,Cefuroxime + Clavulanic Acid,Septicemia,,,3.0,,,11.0,,,50.0,100.0,,,6000.0,,,,,,IV,cefuroxime + clavulanic acid,DRUG000750|DRUG001093,FULL
10001275,Cefuroxime + Clavulanic Acid,Sinusitis,,,,,13.0,120.0,,,,,,,,,500.0,750.0,,,PO,cefuroxime + clavulanic acid,DRUG000750|DRUG001093,FULL
10001276,Cefuroxime + Clavulanic Acid,Sinusitis,,,3.0,,,11.0,,,30.0,45.0,,,1000.0,,,,,,PO,cefuroxime + clavulanic acid,DRUG000750|DRUG001093,FULL
10001277,Cefuroxime + Clavulanic Acid,Skin and Structure Infection,,,,,13.0,120.0,,,,,,,,,2250.0,4500.0,,,IM,cefuroxime + clavulanic acid,DRUG000750|DRUG001093,FULL
10001278,Cefuroxime + Clavulanic Acid,Skin and Structure Infection,,,,,13.0,120.0,,,,,,,,,2250.0,4500.0,,,IV,cefuroxime + clavulanic acid,DRUG000750|DRUG001093,FULL
10001279,Cefuroxime + Clavulanic Acid,Skin and Structure Infection,,,,,13.0,120.0,,,,,,,,,500.0,1000.0,,,PO,cefuroxime + clavulanic acid,DRUG000750|DRUG001093,FULL
10001280,Cefuroxime + Clavulanic Acid,Skin and Structure Infection,,,3.0,,,11.0,,,50.0,100.0,,,6000.0,,,,,,IM,cefuroxime + clavulanic acid,DRUG000750|DRUG001093,FULL
10001281,Cefuroxime + Clavulanic Acid,Skin and Structure Infection,,,3.0,,,11.0,,,50.0,100.0,,,6000.0,,,,,,IV,cefuroxime + clavulanic acid,DRUG000750|DRUG001093,FULL
10001282,Cefuroxime + Clavulanic Acid,Skin or Soft Tissue Infection,,,,,13.0,120.0,,,,,,,,,2250.0,4500.0,,,IM,cefuroxime + clavulanic acid,DRUG000750|DRUG001093,FULL
10001283,Cefuroxime + Clavulanic Acid,Skin or Soft Tissue Infection,,,,,13.0,120.0,,,,,,,,,2250.0,4500.0,,,IV,cefuroxime + clavulanic acid,DRUG000750|DRUG001093,FULL
10001284,Cefuroxime + Clavulanic Acid,Skin or Soft Tissue Infection,,,,,13.0,120.0,,,,,,,,,500.0,1000.0,,,PO,cefuroxime + clavulanic acid,DRUG000750|DRUG001093,FULL
10001285,Cefuroxime + Clavulanic Acid,Surgical Prophylaxis,,,,,13.0,120.0,,,,,,,,,1500.0,6000.0,,,IM,cefuroxime + clavulanic acid,DRUG000750|DRUG001093,FULL
10001286,Cefuroxime + Clavulanic Acid,Surgical Prophylaxis,,,,,13.0,120.0,,,,,,,,,1500.0,6000.0,,,IV,cefuroxime + clavulanic acid,DRUG000750|DRUG001093,FULL
10001287,Cefuroxime + Clavulanic Acid,Tonsillitis/Pharyngitis,,,,,13.0,120.0,,,,,,,,,500.0,750.0,,,PO,cefuroxime + clavulanic acid,DRUG000750|DRUG001093,FULL
10001288,Cefuroxime + Clavulanic Acid,Tonsillitis/Pharyngitis,,,3.0,,,11.0,,,20.0,30.0,,,500.0,,,,,,PO,cefuroxime + clavulanic acid,DRUG000750|DRUG001093,FULL
10001289,Cefuroxime + Clavulanic Acid,Urinary Tract Infection,,,,,13.0,120.0,,,,,,,,,2250.0,4500.0,,,IM,cefuroxime + clavulanic acid,DRUG000750|DRUG001093,FULL
10001290,Cefuroxime + Clavulanic Acid,Urinary Tract Infection,,,,,13.0,120.0,,,,,,,,,2250.0,4500.0,,,IV,cefuroxime + clavulanic acid,DRUG000750|DRUG001093,FULL
10001291,Cefuroxime + Clavulanic Acid,Urinary Tract Infection,,,,,13.0,120.0,,,,,,,,,500.0,1000.0,,,PO,cefuroxime + clavulanic acid,DRUG000750|DRUG001093,FULL
10001292,Cefuroxime + Clavulanic Acid,Urinary Tract Infection,,,3.0,,,11.0,,,50.0,100.0,,,6000.0,,,,,,IM,cefuroxime + clavulanic acid,DRUG000750|DRUG001093,FULL
10001293,Cefuroxime + Clavulanic Acid,Urinary Tract Infection,,,3.0,,,11.0,,,50.0,100.0,,,6000.0,,,,,,IV,cefuroxime + clavulanic acid,DRUG000750|DRUG001093,FULL
10001294,Cefuroxime + Clavulanic Acid,Wound Infection,,,,,13.0,120.0,,,,,,,,,2000.0,3000.0,,,IV,cefuroxime + clavulanic acid,DRUG000750|DRUG001093,FULL
10001295,Cefuroxime + Clavulanic Acid,Wound Infection,,,,,13.0,120.0,,,,,,,,,1000.0,1500.0,,,PO,cefuroxime + clavulanic acid,DRUG000750|DRUG001093,FULL
10001296,Cephalexin,Bacterial Endocarditis Prophylaxis,,,,,12.0,120.0,,,,,,,,,1000.0,4000.0,,,PO,cephalexin,DRUG000553,FULL
10001297,Cephalexin,Bacterial Endocarditis Prophylaxis,,,1.0,,,11.0,,,50.0,100.0,,,,,,,,,PO,cephalexin,DRUG000553,FULL
10001298,Cephalexin,Bacterial Infection,,,,,12.0,120.0,,,,,,,,,2000.0,4000.0,,,PO,cephalexin,DRUG000553,FULL
10001299,Cephalexin,Bacterial Infection,,,1.0,,,11.0,,,75.0,100.0,,,,,,,,,PO,cephalexin,DRUG000553,FULL
10001300,Cephalexin,Cystitis,,,,,15.0,120.0,,,,,,,,,1000.0,4000.0,,,PO,cephalexin,DRUG000553,FULL
10001301,Cephalexin,Osteomyelitis,,,,,15.0,120.0,,,,,,,,,1000.0,4000.0,,,PO,cephalexin,DRUG000553,FULL
10001302,Cephalexin,Otitis Media,,,,,12.0,120.0,,,,,,,,,1000.0,4000.0,,,PO,cephalexin,DRUG000553,FULL
10001303,Cephalexin,Otitis Media,,,1.0,,,11.0,,,50.0,100.0,,,,,,,,,PO,cephalexin,DRUG000553,FULL
10001304,Cephalexin,Pharyngitis,,,,,1.0,11.0,,,25.0,50.0,,,,,,,,,PO,cephalexin,DRUG000553,FULL
10001305,Cephalexin,Pharyngitis,,,,,12.0,120.0,,,,,,,,,1000.0,4000.0,,,PO,cephalexin,DRUG000553,FULL
10001306,Cephalexin,Prostatitis,,,,,12.0,120.0,,,,,,,,,1000.0,4000.0,,,PO,cephalexin,DRUG000553,FULL
10001307,Cephalexin,Pyelonephritis,,,,,15.0,120.0,,,,,,,,,1000.0,4000.0,,,PO,cephalexin,DRUG000553,FULL
10001308,Cephalexin,Skin or Soft Tissue Infection,,,,,12.0,120.0,,,,,,,,,1000.0,4000.0,,,PO,cephalexin,DRUG000553,FULL
10001309,Cephalexin,Skin or Soft Tissue Infection,,,1.0,,,11.0,,,25.0,50.0,,,,,,,,,PO,cephalexin,DRUG000553,FULL
10001310,Cephalexin,Upper Respiratory Tract Infection,,,,,1.0,15.0,,,25.0,100.0,,,,,,,,,PO,cephalexin,DRUG000553,FULL
10001311,Cephalexin,Upper Respiratory Tract Infection,,,,,15.0,120.0,,,,,,,,,1000.0,4000.0,,,PO,cephalexin,DRUG000553,FULL
10001312,Cephradine,Bacterial Infection,,,9.0,,,11.0,,,25.0,50.0,,,4000.0,,,,,,PO,cephradine,,UNRESOLVED
10001313,Cephradine,Cystitis,,,,,12.0,120.0,,,,,,,,,1000.0,2000.0,,,PO,cephradine,,UNRESOLVED
10001314,Cephradine,Otitis Media,,,,,12.0,120.0,,,,,,,,,1000.0,1500.0,,,PO,cephradine,,UNRESOLVED
10001315,Cephradine,Otitis Media,,,9.0,,,11.0,,,25.0,50.0,,,4000.0,,,,,,PO,cephradine,,UNRESOLVED
10001316,Cephradine,Pharyngitis,,,,,12.0,120.0,,,,,,,,,1000.0,1500.0,,,PO,cephradine,,UNRESOLVED
10001317,Cephradine,Pharyngitis,,,9.0,,,11.0,,,25.0,50.0,,,4000.0,,,,,,PO,cephradine,,UNRESOLVED
10001318,Cephradine,Pyelonephritis,,,,,12.0,120.0,,,,,,,,,2000.0,4000.0,,,PO,cephradine,,UNRESOLVED
10001319,Cephradine,Skin and Structure Infection,,,9.0,,,11.0,,,25.0,50.0,,,4000.0,,,,,,PO,cephradine,,UNRESOLVED
10001320,Cephradine,Skin or Soft Tissue Infection,,,,,12.0,120.0,,,,,,,,,1000.0,1500.0,,,PO,cephradine,,UNRESOLVED
10001321,Cephradine,Upper Respiratory Tract Infection,,,,,12.0,120.0,,,,,,,,,1000.0,1500.0,,,PO,cephradine,,UNRESOLVED
10001322,Cephradine,Upper Respiratory Tract Infection,,,9.0,,,11.0,,,25.0,50.0,,,4000.0,,,,,,PO,cephradine,,UNRESOLVED
10001323,Chloramphenicol,Bacteremia,,,,,12.0,120.0,,,50.0,100.0,,,,,,,,,IV,chloramphenicol,DRUG000434,FULL
10001324,Chloramphenicol,Bacteremia,,,1.0,,,11.0,,,50.0,100.0,,,,,,,,,IV,chloramphenicol,DRUG000434,FULL
10001325,Chloramphenicol,Bacteremia,1.0,29.0,,,,,,,25.0,50.0,,,,,,,,,IV,chloramphenicol,DRUG000434,FULL
10001326,Chloramphenicol,Bacterial Infection,,,,,12.0,120.0,,,50.0,100.0,,,,,,,,,IV,chloramphenicol,DRUG000434,FULL
10001327,Chloramphenicol,Bacterial Infection,,,1.0,,,11.0,,,50.0,100.0,,,,,,,,,IV,chloramphenicol,DRUG000434,FULL
10001328,Chloramphenicol,Bacterial Infection,1.0,29.0,,,,,,,25.0,50.0,,,,,,,,,IV,chloramphenicol,DRUG000434,FULL
10001329,Chloramphenicol,Cutaneous Bacillus anthracis,,,,,12.0,120.0,,,,,,,,,3000.0,4000.0,,,IV,chloramphenicol,DRUG000434,FULL
10001330,Chloramphenicol,Cutaneous Bacillus anthracis,,,1.0,,,11.0,,,50.0,100.0,,,,,,,,,IV,chloramphenicol,DRUG000434,FULL
10001331,Chloramphenicol,Cutaneous Bacillus anthracis,1.0,29.0,,,,,,,25.0,50.0,,,,,,,,,IV,chloramphenicol,DRUG000434,FULL
10001332,Chloramphenicol,Cystic Fibrosis,,,,,12.0,120.0,,,50.0,100.0,,,,,,,,,IV,chloramphenicol,DRUG000434,FULL
10001333,Chloramphenicol,Cystic Fibrosis,,,1.0,,,11.0,,,50.0,100.0,,,,,,,,,IV,chloramphenicol,DRUG000434,FULL
10001334,Chloramphenicol,Cystic Fibrosis,1.0,29.0,,,,,,,25.0,50.0,,,,,,,,,IV,chloramphenicol,DRUG000434,FULL
10001335,Chloramphenicol,Gram Negative Infection,,,,,12.0,120.0,,,50.0,100.0,,,,,,,,,IV,chloramphenicol,DRUG000434,FULL
10001336,Chloramphenicol,Gram Negative Infection,,,1.0,,,11.0,,,50.0,100.0,,,,,,,,,IV,chloramphenicol,DRUG000434,FULL
10001337,Chloramphenicol,Gram Negative Infection,1.0,29.0,,,,,,,25.0,50.0,,,,,,,,,IV,chloramphenicol,DRUG000434,FULL
10001338,Chloramphenicol,Inhalation Bacillus anthracis,,,,,12.0,120.0,,,,,,,,,3000.0,4000.0,,,IV,chloramphenicol,DRUG000434,FULL
10001339,Chloramphenicol,Inhalation Bacillus anthracis,,,1.0,,,11.0,,,50.0,100.0,,,,,,,,,IV,chloramphenicol,DRUG000434,FULL
10001340,Chloramphenicol,Inhalation Bacillus anthracis,1.0,29.0,,,,,,,25.0,50.0,,,,,,,,,IV,chloramphenicol,DRUG000434,FULL
10001341,Chloramphenicol,Meningitis,,,,,12.0,120.0,,,50.0,100.0,,,,,,,,,IV,chloramphenicol,DRUG000434,FULL
10001342,Chloramphenicol,Meningitis,,,1.0,,,11.0,,,50.0,100.0,,,,,,,,,IV,chloramphenicol,DRUG000434,FULL
10001343,Chloramphenicol,Meningitis,1.0,29.0,,,,,,,25.0,50.0,,,,,,,,,IV,chloramphenicol,DRUG000434,FULL
10001344,Chloramphenicol,Ornithosis,,,,,12.0,120.0,,,50.0,100.0,,,,,,,,,IV,chloramphenicol,DRUG000434,FULL
10001345,Chloramphenicol,Ornithosis,,,1.0,,,11.0,,,50.0,100.0,,,,,,,,,IV,chloramphenicol,DRUG000434,FULL
10001346,Chloramphenicol,Ornithosis,1.0,29.0,,,,,,,25.0,50.0,,,,,,,,,IV,chloramphenicol,DRUG000434,FULL
10001347,Chloramphenicol,Plague,,,,,2.0,11.0,,,100.0,125.0,,,4000.0,,,,,,IV,chloramphenicol,DRUG000434,FULL
10001348,Chloramphenicol,Plague,,,,,12.0,120.0,,,100.0,125.0,,,,,,,,,IV,chloramphenicol,DRUG000434,FULL
10001349,Chloramphenicol,Psittacosis,,,,,12.0,120.0,,,50.0,100.0,,,,,,,,,IV,chloramphenicol,DRUG000434,FULL
10001350,Chloramphenicol,Psittacosis,,,1.0,,,11.0,,,50.0,100.0,,,,,,,,,IV,chloramphenicol,DRUG000434,FULL
10001351,Chloramphenicol,Psittacosis,1.0,29.0,,,,,,,25.0,50.0,,,,,,,,,IV,chloramphenicol,DRUG000434,FULL
10001352,Chloramphenicol,Rickettsial Infection,,,,,12.0,120.0,,,50.0,100.0,,,,,,,,,IV,chloramphenicol,DRUG000434,FULL
10001353,Chloramphenicol,Rickettsial Infection,,,1.0,,,11.0,,,50.0,100.0,,,,,,,,,IV,chloramphenicol,DRUG000434,FULL
10001354,Chloramphenicol,Rickettsial Infection,1.0,29.0,,,,,,,25.0,50.0,,,,,,,,,IV,chloramphenicol,DRUG000434,FULL
10001355,Chloramphenicol,Tularemia,,,,,12.0,120.0,,,60.0,75.0,,,,,,,,,IV,chloramphenicol,DRUG000434,FULL
10001356,Chloramphenicol,Tularemia,,,1.0,,,11.0,,,60.0,75.0,,,,,,,,,IV,chloramphenicol,DRUG000434,FULL
10001357,Chloramphenicol,Typhoid Fever,,,,,12.0,120.0,,,50.0,100.0,,,,,,,,,IV,chloramphenicol,DRUG000434,FULL
10001358,Chloramphenicol,Typhoid Fever,,,1.0,,,11.0,,,50.0,100.0,,,,,,,,,IV,chloramphenicol,DRUG000434,FULL
10001359,Chloramphenicol,Typhoid Fever,1.0,29.0,,,,,,,25.0,50.0,,,,,,,,,IV,chloramphenicol,DRUG000434,FULL
10001360,Ciprofloxacin,Anthrax Prophylaxis,,,,,12.0,120.0,,,,,,,,,800.0,1200.0,,,IV,ciprofloxacin,DRUG000523,FULL
10001361,Ciprofloxacin,Anthrax Prophylaxis,,,,,12.0,120.0,,,,,,,,,1000.0,1500.0,,,PO,ciprofloxacin,DRUG000523,FULL
10001362,Ciprofloxacin,Anthrax Prophylaxis,,,1.0,,,11.0,,,20.0,30.0,,,1200.0,,,,,,IV,ciprofloxacin,DRUG000523,FULL
10001363,Ciprofloxacin,Anthrax Prophylaxis,1.0,29.0,,,,,,,20.0,30.0,,,,,,,,,IV,ciprofloxacin,DRUG000523,FULL
10001364,Ciprofloxacin,Anthrax Prophylaxis,,,1.0,,,11.0,9.0,12.5,,,,,,,250.0,375.0,,,PO,ciprofloxacin,DRUG000523,FULL
10001365,Ciprofloxacin,Anthrax Prophylaxis,,,1.0,,,11.0,24.6,,,,,,,,1000.0,1500.0,,,PO,ciprofloxacin,DRUG000523,FULL
10001366,Ciprofloxacin,Anthrax Prophylaxis,,,1.0,,,11.0,12.6,24.5,,,,,,,500.0,750.0,,,PO,ciprofloxacin,DRUG000523,FULL
10001367,Ciprofloxacin,Anthrax Prophylaxis,1.0,29.0,,,,,,,20.0,30.0,,,,,,,,,PO,ciprofloxacin,DRUG000523,FULL
10001368,Ciprofloxacin,Bone and Joint Infection,,,,,12.0,120.0,,,,,,,,,800.0,1200.0,,,IV,ciprofloxacin,DRUG000523,FULL
10001369,Ciprofloxacin,Bone and Joint Infection,,,,,12.0,120.0,,,,,,,,,1000.0,1500.0,,,PO,ciprofloxacin,DRUG000523,FULL
10001370,Ciprofloxacin,Bronchitis,,,,,12.0,120.0,,,,,,,,,800.0,1200.0,,,IV,ciprofloxacin,DRUG000523,FULL
10001371,Ciprofloxacin,Bronchitis,,,,,12.0,120.0,,,,,,,,,1000.0,1500.0,,,PO,ciprofloxacin,DRUG000523,FULL
10001372,Ciprofloxacin,Chancroid,,,,,12.0,120.0,,,,,,,,,1000.0,1500.0,,,PO,ciprofloxacin,DRUG000523,FULL
10001373,Ciprofloxacin,Cutaneous Bacillus anthracis,,,,,12.0,120.0,,,,,,,,,800.0,1200.0,,,IV,ciprofloxacin,DRUG000523,FULL
10001374,Ciprofloxacin,Cutaneous Bacillus anthracis,,,,,12.0,120.0,,,,,,,,,1000.0,1500.0,,,PO,ciprofloxacin,DRUG000523,FULL
10001375,Ciprofloxacin,Cutaneous Bacillus anthracis,,,1.0,,,11.0,,,20.0,30.0,,,1200.0,,,,,,IV,ciprofloxacin,DRUG000523,FULL
10001376,Ciprofloxacin,Cutaneous Bacillus anthracis,1.0,29.0,,,,,,,20.0,30.0,,,,,,,,,IV,ciprofloxacin,DRUG000523,FULL
10001377,Ciprofloxacin,Cutaneous Bacillus anthracis,,,1.0,,,11.0,9.0,12.5,,,,,,,250.0,375.0,,,PO,ciprofloxacin,DRUG000523,FULL
10001378,Ciprofloxacin,Cutaneous Bacillus anthracis,,,1.0,,,11.0,24.6,,,,,,,,1000.0,1500.0,,,PO,ciprofloxacin,DRUG000523,FULL
10001379,Ciprofloxacin,Cutaneous Bacillus anthracis,,,1.0,,,11.0,12.6,24.5,,,,,,,500.0,750.0,,,PO,ciprofloxacin,DRUG000523,FULL
10001380,Ciprofloxacin,Cutaneous Bacillus anthracis,1.0,29.0,,,,,,,20.0,30.0,,,,,,,,,PO,ciprofloxacin,DRUG000523,FULL
10001381,Ciprofloxacin,Cystitis,,,,,12.0,120.0,,,,,,,,,500.0,750.0,,,PO,ciprofloxacin,DRUG000523,FULL
10001382,Ciprofloxacin,Febrile Neutropenia,,,,,12.0,120.0,,,,,,,,,1200.0,1600.0,,,IV,ciprofloxacin,DRUG000523,FULL
10001383,Ciprofloxacin,Gonococcal Infection - Uncomplicated,,,,,12.0,120.0,,,,,,,,,250.0,500.0,,,PO,ciprofloxacin,DRUG000523,FULL
10001384,Ciprofloxacin,Granuloma Inguinale,,,,,12.0,120.0,,,,,,,,,1500.0,2250.0,,,PO,ciprofloxacin,DRUG000523,FULL
10001385,Ciprofloxacin,Infectious Diarrhea,,,,,12.0,120.0,,,,,,,,,800.0,1200.0,,,IV,ciprofloxacin,DRUG000523,FULL
10001386,Ciprofloxacin,Infectious Diarrhea,,,,,12.0,120.0,,,,,,,,,1000.0,1500.0,,,PO,ciprofloxacin,DRUG000523,FULL
10001387,Ciprofloxacin,Inhalation Bacillus anthracis,,,,,12.0,120.0,,,,,,,,,800.0,1200.0,,,IV,ciprofloxacin,DRUG000523,FULL
10001388,Ciprofloxacin,Inhalation Bacillus anthracis,,,,,12.0,120.0,,,,,,,,,1000.0,1500.0,,,PO,ciprofloxacin,DRUG000523,FULL
10001389,Ciprofloxacin,Inhalation Bacillus anthracis,,,1.0,,,11.0,,,20.0,30.0,,,1200.0,,,,,,IV,ciprofloxacin,DRUG000523,FULL
10001390,Ciprofloxacin,Inhalation Bacillus anthracis,1.0,29.0,,,,,,,20.0,30.0,,,,,,,,,IV,ciprofloxacin,DRUG000523,FULL
10001391,Ciprofloxacin,Inhalation Bacillus anthracis,,,1.0,,,11.0,9.0,12.5,,,,,,,250.0,375.0,,,PO,ciprofloxacin,DRUG000523,FULL
10001392,Ciprofloxacin,Inhalation Bacillus anthracis,,,1.0,,,11.0,24.6,,,,,,,,1000.0,1500.0,,,PO,ciprofloxacin,DRUG000523,FULL
10001393,Ciprofloxacin,Inhalation Bacillus anthracis,,,1.0,,,11.0,12.6,24.5,,,,,,,500.0,750.0,,,PO,ciprofloxacin,DRUG000523,FULL
10001394,Ciprofloxacin,Inhalation Bacillus anthracis,1.0,29.0,,,,,,,20.0,30.0,,,,,,,,,PO,ciprofloxacin,DRUG000523,FULL
10001395,Ciprofloxacin,Intraabdominal Infection,,,,,12.0,120.0,,,,,,,,,800.0,1200.0,,,IV,ciprofloxacin,DRUG000523,FULL
10001396,Ciprofloxacin,Intraabdominal Infection,,,,,12.0,120.0,,,,,,,,,1000.0,1500.0,,,PO,ciprofloxacin,DRUG000523,FULL
10001397,Ciprofloxacin,Meningococcal Meningitis Prophylaxis,,,,,12.0,120.0,,,,,,,,,500.0,1000.0,,,PO,ciprofloxacin,DRUG000523,FULL
10001398,Ciprofloxacin,Nosocomial Pneumonia,,,,,12.0,120.0,,,,,,,,,1200.0,1600.0,,,IV,ciprofloxacin,DRUG000523,FULL
10001399,Ciprofloxacin,Osteomyelitis,,,,,12.0,120.0,,,,,,,,,800.0,1200.0,,,IV,ciprofloxacin,DRUG000523,FULL
10001400,Ciprofloxacin,Osteomyelitis,,,,,12.0,120.0,,,,,,,,,1000.0,1500.0,,,PO,ciprofloxacin,DRUG000523,FULL
10001401,Ciprofloxacin,Plague,,,,,12.0,120.0,,,,,,,,,800.0,1200.0,,,IV,ciprofloxacin,DRUG000523,FULL
10001402,Ciprofloxacin,Plague,,,,,12.0,120.0,,,,,,,,,1000.0,1500.0,,,PO,ciprofloxacin,DRUG000523,FULL
10001403,Ciprofloxacin,Plague,,,1.0,,,11.0,,,20.0,30.0,,,1200.0,,,,,,IV,ciprofloxacin,DRUG000523,FULL
10001404,Ciprofloxacin,Plague,,,1.0,,,11.0,9.0,12.5,,,,,,,250.0,375.0,,,PO,ciprofloxacin,DRUG000523,FULL
10001405,Ciprofloxacin,Plague,,,1.0,,,11.0,24.6,31.5,,,,,,,750.0,1500.0,,,PO,ciprofloxacin,DRUG000523,FULL
10001406,Ciprofloxacin,Plague,,,1.0,,,11.0,37.6,,,,,,,,1000.0,2250.0,,,PO,ciprofloxacin,DRUG000523,FULL
10001407,Ciprofloxacin,Plague,,,1.0,,,11.0,12.6,24.5,,,,,,,500.0,750.0,,,PO,ciprofloxacin,DRUG000523,FULL
10001408,Ciprofloxacin,Plague,,,1.0,,,11.0,32.6,37.5,,,,,,,750.0,1875.0,,,PO,ciprofloxacin,DRUG000523,FULL
10001409,Ciprofloxacin,Plague Prophylaxis,,,,,12.0,120.0,,,,,,,,,800.0,1200.0,,,IV,ciprofloxacin,DRUG000523,FULL
10001410,Ciprofloxacin,Plague Prophylaxis,,,,,12.0,120.0,,,,,,,,,1000.0,1500.0,,,PO,ciprofloxacin,DRUG000523,FULL
10001411,Ciprofloxacin,Plague Prophylaxis,,,1.0,,,11.0,9.0,12.5,,,,,,,250.0,375.0,,,PO,ciprofloxacin,DRUG000523,FULL
10001412,Ciprofloxacin,Plague Prophylaxis,,,1.0,,,11.0,24.6,31.5,,,,,,,750.0,1500.0,,,PO,ciprofloxacin,DRUG000523,FULL
10001413,Ciprofloxacin,Plague Prophylaxis,,,1.0,,,11.0,37.6,,,,,,,,1000.0,2250.0,,,PO,ciprofloxacin,DRUG000523,FULL
10001414,Ciprofloxacin,Plague Prophylaxis,,,1.0,,,11.0,12.6,24.5,,,,,,,500.0,750.0,,,PO,ciprofloxacin,DRUG000523,FULL
10001415,Ciprofloxacin,Plague Prophylaxis,,,1.0,,,11.0,32.6,37.5,,,,,,,750.0,1875.0,,,PO,ciprofloxacin,DRUG000523,FULL
10001416,Ciprofloxacin,Pneumonia,,,,,12.0,120.0,,,,,,,,,800.0,1200.0,,,IV,ciprofloxacin,DRUG000523,FULL
10001417,Ciprofloxacin,Pneumonia,,,,,12.0,120.0,,,,,,,,,1000.0,1500.0,,,PO,ciprofloxacin,DRUG000523,FULL
10001418,Ciprofloxacin,Pneumonia with Cystic Fibrosis,,,,,5.0,11.0,,,30.0,40.0,,,,,,,,,PO,ciprofloxacin,DRUG000523,FULL
10001419,Ciprofloxacin,Prostatitis,,,,,12.0,120.0,,,,,,,,,800.0,1200.0,,,IV,ciprofloxacin,DRUG000523,FULL
10001420,Ciprofloxacin,Prostatitis,,,,,12.0,120.0,,,,,,,,,1000.0,1500.0,,,PO,ciprofloxacin,DRUG000523,FULL
10001421,Ciprofloxacin,Pyelonephritis,,,,,1.0,11.0,,,18.0,30.0,,,1200.0,,,,,,IV,ciprofloxacin,DRUG000523,FULL
10001422,Ciprofloxacin,Pyelonephritis,,,,,1.0,11.0,9.0,12.5,,,,,,,250.0,375.0,,,PO,ciprofloxacin,DRUG000523,FULL
10001423,Ciprofloxacin,Pyelonephritis,,,,,1.0,11.0,24.6,31.5,,,,,,,750.0,1500.0,,,PO,ciprofloxacin,DRUG000523,FULL
10001424,Ciprofloxacin,Pyelonephritis,,,,,1.0,11.0,37.6,,,,,,,,1000.0,2250.0,,,PO,ciprofloxacin,DRUG000523,FULL
10001425,Ciprofloxacin,Pyelonephritis,,,,,1.0,11.0,12.6,24.5,,,,,,,500.0,750.0,,,PO,ciprofloxacin,DRUG000523,FULL
10001426,Ciprofloxacin,Pyelonephritis,,,,,1.0,11.0,32.6,37.5,,,,,,,750.0,1875.0,,,PO,ciprofloxacin,DRUG000523,FULL
10001427,Ciprofloxacin,Pyelonephritis,,,,,12.0,120.0,,,,,,,,,1000.0,1500.0,,,PO,ciprofloxacin,DRUG000523,FULL
10001428,Ciprofloxacin,Salmonella Enteric Fever,,,,,12.0,120.0,,,,,,,,,800.0,1200.0,,,IV,ciprofloxacin,DRUG000523,FULL
10001429,Ciprofloxacin,Salmonella Enteric Fever,,,,,12.0,120.0,,,,,,,,,1000.0,1500.0,,,PO,ciprofloxacin,DRUG000523,FULL
10001430,Ciprofloxacin,Salmonella Gastroenteritis,,,,,12.0,120.0,,,,,,,,,800.0,1200.0,,,IV,ciprofloxacin,DRUG000523,FULL
10001431,Ciprofloxacin,Salmonella Gastroenteritis,,,,,12.0,120.0,,,,,,,,,1000.0,1500.0,,,PO,ciprofloxacin,DRUG000523,FULL
10001432,Ciprofloxacin,Shigellosis,,,,,12.0,120.0,,,,,,,,,800.0,1200.0,,,IV,ciprofloxacin,DRUG000523,FULL
10001433,Ciprofloxacin,Shigellosis,,,,,12.0,120.0,,,,,,,,,1000.0,1500.0,,,PO,ciprofloxacin,DRUG000523,FULL
10001434,Ciprofloxacin,Sinusitis,,,,,12.0,120.0,,,,,,,,,800.0,1200.0,,,IV,ciprofloxacin,DRUG000523,FULL
10001435,Ciprofloxacin,Sinusitis,,,,,12.0,120.0,,,,,,,,,1000.0,1500.0,,,PO,ciprofloxacin,DRUG000523,FULL
10001436,Ciprofloxacin,Skin and Structure Infection,,,,,12.0,120.0,,,,,,,,,800.0,1200.0,,,IV,ciprofloxacin,DRUG000523,FULL
10001437,Ciprofloxacin,Skin and Structure Infection,,,,,12.0,120.0,,,,,,,,,1000.0,1500.0,,,PO,ciprofloxacin,DRUG000523,FULL
10001438,Ciprofloxacin,Skin or Soft Tissue Infection,,,,,12.0,120.0,,,,,,,,,800.0,1200.0,,,IV,ciprofloxacin,DRUG000523,FULL
10001439,Ciprofloxacin,Skin or Soft Tissue Infection,,,,,12.0,120.0,,,,,,,,,1000.0,1500.0,,,PO,ciprofloxacin,DRUG000523,FULL
10001440,Ciprofloxacin,Surgical Prophylaxis,,,,,1.0,11.0,,,10.0,20.0,,,400.0,,,,,,IV,ciprofloxacin,DRUG000523,FULL
10001441,Ciprofloxacin,Surgical Prophylaxis,,,,,12.0,120.0,,,,,,,,,400.0,800.0,,,IV,ciprofloxacin,DRUG000523,FULL
10001442,Ciprofloxacin,Tularemia,,,,,12.0,120.0,,,,,,,,,800.0,1200.0,,,IV,ciprofloxacin,DRUG000523,FULL
10001443,Ciprofloxacin,Tularemia,,,,,12.0,120.0,,,,,,,,,1000.0,1500.0,,,PO,ciprofloxacin,DRUG000523,FULL
10001444,Ciprofloxacin,Tularemia,,,1.0,,,11.0,,,30.0,45.0,,,1200.0,,,,,,IV,ciprofloxacin,DRUG000523,FULL
10001445,Ciprofloxacin,Tularemia,,,1.0,,,11.0,,,30.0,45.0,,,1500.0,,,,,,PO,ciprofloxacin,DRUG000523,FULL
10001446,Ciprofloxacin,Typhoid Fever,,,,,12.0,120.0,,,,,,,,,800.0,1200.0,,,IV,ciprofloxacin,DRUG000523,FULL
10001447,Ciprofloxacin,Typhoid Fever,,,,,12.0,120.0,,,,,,,,,1000.0,1500.0,,,PO,ciprofloxacin,DRUG000523,FULL
10001448,Ciprofloxacin,Urinary Tract Infection,,,,,1.0,11.0,,,18.0,30.0,,,1200.0,,,,,,IV,ciprofloxacin,DRUG000523,FULL
10001449,Ciprofloxacin,Urinary Tract Infection,,,,,1.0,11.0,9.0,12.5,,,,,,,250.0,375.0,,,PO,ciprofloxacin,DRUG000523,FULL
10001450,Ciprofloxacin,Urinary Tract Infection,,,,,1.0,11.0,24.6,31.5,,,,,,,750.0,1500.0,,,PO,ciprofloxacin,DRUG000523,FULL
10001451,Ciprofloxacin,Urinary Tract Infection,,,,,1.0,11.0,37.6,,,,,,,,1000.0,2250.0,,,PO,ciprofloxacin,DRUG000523,FULL
10001452,Ciprofloxacin,Urinary Tract Infection,,,,,1.0,11.0,12.6,24.5,,,,,,,500.0,750.0,,,PO,ciprofloxacin,DRUG000523,FULL
10001453,Ciprofloxacin,Urinary Tract Infection,,,,,1.0,11.0,32.6,37.5,,,,,,,750.0,1875.0,,,PO,ciprofloxacin,DRUG000523,FULL
10001454,Ciprofloxacin,Urinary Tract Infection,,,,,12.0,120.0,,,,,,,,,400.0,1200.0,,,IV,ciprofloxacin,DRUG000523,FULL
10001455,Ciprofloxacin,Urinary Tract Infection,,,,,12.0,120.0,,,,,,,,,500.0,1000.0,,,PO,ciprofloxacin,DRUG000523,FULL
10001456,Ciprofloxacin Hydrochloride,Anthrax Prophylaxis,,,,,12.0,120.0,,,,,,,,,800.0,1200.0,,,IV,ciprofloxacin hydrochloride,DRUG000523,FULL
10001457,Ciprofloxacin Hydrochloride,Anthrax Prophylaxis,,,,,12.0,120.0,,,,,,,,,1000.0,1500.0,,,PO,ciprofloxacin hydrochloride,DRUG000523,FULL
10001458,Ciprofloxacin Hydrochloride,Anthrax Prophylaxis,,,1.0,,,11.0,,,20.0,30.0,,,1200.0,,,,,,IV,ciprofloxacin hydrochloride,DRUG000523,FULL
10001459,Ciprofloxacin Hydrochloride,Anthrax Prophylaxis,1.0,29.0,,,,,,,20.0,30.0,,,,,,,,,IV,ciprofloxacin hydrochloride,DRUG000523,FULL
10001460,Ciprofloxacin Hydrochloride,Anthrax Prophylaxis,,,1.0,,,11.0,9.0,12.5,,,,,,,250.0,375.0,,,PO,ciprofloxacin hydrochloride,DRUG000523,FULL
10001461,Ciprofloxacin Hydrochloride,Anthrax Prophylaxis,,,1.0,,,11.0,24.6,,,,,,,,1000.0,1500.0,,,PO,ciprofloxacin hydrochloride,DRUG000523,FULL
10001462,Ciprofloxacin Hydrochloride,Anthrax Prophylaxis,,,1.0,,,11.0,12.6,24.5,,,,,,,500.0,750.0,,,PO,ciprofloxacin hydrochloride,DRUG000523,FULL
10001463,Ciprofloxacin Hydrochloride,Anthrax Prophylaxis,1.0,29.0,,,,,,,20.0,30.0,,,,,,,,,PO,ciprofloxacin hydrochloride,DRUG000523,FULL
10001464,Ciprofloxacin Hydrochloride,Bone and Joint Infection,,,,,12.0,120.0,,,,,,,,,800.0,1200.0,,,IV,ciprofloxacin hydrochloride,DRUG000523,FULL
10001465,Ciprofloxacin Hydrochloride,Bone and Joint Infection,,,,,12.0,120.0,,,,,,,,,1000.0,1500.0,,,PO,ciprofloxacin hydrochloride,DRUG000523,FULL
10001466,Ciprofloxacin Hydrochloride,Bronchitis,,,,,12.0,120.0,,,,,,,,,800.0,1200.0,,,IV,ciprofloxacin hydrochloride,DRUG000523,FULL
10001467,Ciprofloxacin Hydrochloride,Bronchitis,,,,,12.0,120.0,,,,,,,,,1000.0,1500.0,,,PO,ciprofloxacin hydrochloride,DRUG000523,FULL
10001468,Ciprofloxacin Hydrochloride,Chancroid,,,,,12.0,120.0,,,,,,,,,1000.0,1500.0,,,PO,ciprofloxacin hydrochloride,DRUG000523,FULL
10001469,Ciprofloxacin Hydrochloride,Cutaneous Bacillus anthracis,,,,,12.0,120.0,,,,,,,,,800.0,1200.0,,,IV,ciprofloxacin hydrochloride,DRUG000523,FULL
10001470,Ciprofloxacin Hydrochloride,Cutaneous Bacillus anthracis,,,,,12.0,120.0,,,,,,,,,1000.0,1500.0,,,PO,ciprofloxacin hydrochloride,DRUG000523,FULL
10001471,Ciprofloxacin Hydrochloride,Cutaneous Bacillus anthracis,,,1.0,,,11.0,,,20.0,30.0,,,1200.0,,,,,,IV,ciprofloxacin hydrochloride,DRUG000523,FULL
10001472,Ciprofloxacin Hydrochloride,Cutaneous Bacillus anthracis,1.0,29.0,,,,,,,20.0,30.0,,,,,,,,,IV,ciprofloxacin hydrochloride,DRUG000523,FULL
10001473,Ciprofloxacin Hydrochloride,Cutaneous Bacillus anthracis,,,1.0,,,11.0,9.0,12.5,,,,,,,250.0,375.0,,,PO,ciprofloxacin hydrochloride,DRUG000523,FULL
10001474,Ciprofloxacin Hydrochloride,Cutaneous Bacillus anthracis,,,1.0,,,11.0,24.6,,,,,,,,1000.0,1500.0,,,PO,ciprofloxacin hydrochloride,DRUG000523,FULL
10001475,Ciprofloxacin Hydrochloride,Cutaneous Bacillus anthracis,,,1.0,,,11.0,12.6,24.5,,,,,,,500.0,750.0,,,PO,ciprofloxacin hydrochloride,DRUG000523,FULL
10001476,Ciprofloxacin Hydrochloride,Cutaneous Bacillus anthracis,1.0,29.0,,,,,,,20.0,30.0,,,,,,,,,PO,ciprofloxacin hydrochloride,DRUG000523,FULL
10001477,Ciprofloxacin Hydrochloride,Cystitis,,,,,12.0,120.0,,,,,,,,,500.0,750.0,,,PO,ciprofloxacin hydrochloride,DRUG000523,FULL
10001478,Ciprofloxacin Hydrochloride,Febrile Neutropenia,,,,,12.0,120.0,,,,,,,,,1200.0,1600.0,,,IV,ciprofloxacin hydrochloride,DRUG000523,FULL
10001479,Ciprofloxacin Hydrochloride,Gonococcal Infection - Uncomplicated,,,,,12.0,120.0,,,,,,,,,250.0,500.0,,,PO,ciprofloxacin hydrochloride,DRUG000523,FULL
10001480,Ciprofloxacin Hydrochloride,Granuloma Inguinale,,,,,12.0,120.0,,,,,,,,,1500.0,2250.0,,,PO,ciprofloxacin hydrochloride,DRUG000523,FULL
10001481,Ciprofloxacin Hydrochloride,Infectious Diarrhea,,,,,12.0,120.0,,,,,,,,,800.0,1200.0,,,IV,ciprofloxacin hydrochloride,DRUG000523,FULL
10001482,Ciprofloxacin Hydrochloride,Infectious Diarrhea,,,,,12.0,120.0,,,,,,,,,1000.0,1500.0,,,PO,ciprofloxacin hydrochloride,DRUG000523,FULL
10001483,Ciprofloxacin Hydrochloride,Inhalation Bacillus anthracis,,,,,12.0,120.0,,,,,,,,,800.0,1200.0,,,IV,ciprofloxacin hydrochloride,DRUG000523,FULL
10001484,Ciprofloxacin Hydrochloride,Inhalation Bacillus anthracis,,,,,12.0,120.0,,,,,,,,,1000.0,1500.0,,,PO,ciprofloxacin hydrochloride,DRUG000523,FULL
10001485,Ciprofloxacin Hydrochloride,Inhalation Bacillus anthracis,,,1.0,,,11.0,,,20.0,30.0,,,1200.0,,,,,,IV,ciprofloxacin hydrochloride,DRUG000523,FULL
10001486,Ciprofloxacin Hydrochloride,Inhalation Bacillus anthracis,1.0,29.0,,,,,,,20.0,30.0,,,,,,,,,IV,ciprofloxacin hydrochloride,DRUG000523,FULL
10001487,Ciprofloxacin Hydrochloride,Inhalation Bacillus anthracis,,,1.0,,,11.0,9.0,12.5,,,,,,,250.0,375.0,,,PO,ciprofloxacin hydrochloride,DRUG000523,FULL
10001488,Ciprofloxacin Hydrochloride,Inhalation Bacillus anthracis,,,1.0,,,11.0,24.6,,,,,,,,1000.0,1500.0,,,PO,ciprofloxacin hydrochloride,DRUG000523,FULL
10001489,Ciprofloxacin Hydrochloride,Inhalation Bacillus anthracis,,,1.0,,,11.0,12.6,24.5,,,,,,,500.0,750.0,,,PO,ciprofloxacin hydrochloride,DRUG000523,FULL
10001490,Ciprofloxacin Hydrochloride,Inhalation Bacillus anthracis,1.0,29.0,,,,,,,20.0,30.0,,,,,,,,,PO,ciprofloxacin hydrochloride,DRUG000523,FULL
10001491,Ciprofloxacin Hydrochloride,Intraabdominal Infection,,,,,12.0,120.0,,,,,,,,,800.0,1200.0,,,IV,ciprofloxacin hydrochloride,DRUG000523,FULL
10001492,Ciprofloxacin Hydrochloride,Intraabdominal Infection,,,,,12.0,120.0,,,,,,,,,1000.0,1500.0,,,PO,ciprofloxacin hydrochloride,DRUG000523,FULL
10001493,Ciprofloxacin Hydrochloride,Meningococcal Meningitis Prophylaxis,,,,,12.0,120.0,,,,,,,,,500.0,1000.0,,,PO,ciprofloxacin hydrochloride,DRUG000523,FULL
10001494,Ciprofloxacin Hydrochloride,Nosocomial Pneumonia,,,,,12.0,120.0,,,,,,,,,1200.0,1600.0,,,IV,ciprofloxacin hydrochloride,DRUG000523,FULL
10001495,Ciprofloxacin Hydrochloride,Osteomyelitis,,,,,12.0,120.0,,,,,,,,,800.0,1200.0,,,IV,ciprofloxacin hydrochloride,DRUG000523,FULL
10001496,Ciprofloxacin Hydrochloride,Osteomyelitis,,,,,12.0,120.0,,,,,,,,,1000.0,1500.0,,,PO,ciprofloxacin hydrochloride,DRUG000523,FULL
10001497,Ciprofloxacin Hydrochloride,Plague,,,,,12.0,120.0,,,,,,,,,800.0,1200.0,,,IV,ciprofloxacin hydrochloride,DRUG000523,FULL
10001498,Ciprofloxacin Hydrochloride,Plague,,,,,12.0,120.0,,,,,,,,,1000.0,1500.0,,,PO,ciprofloxacin hydrochloride,DRUG000523,FULL
10001499,Ciprofloxacin Hydrochloride,Plague,,,1.0,,,11.0,,,20.0,30.0,,,1200.0,,,,,,IV,ciprofloxacin hydrochloride,DRUG000523,FULL
10001500,Ciprofloxacin Hydrochloride,Plague,,,1.0,,,11.0,9.0,12.5,,,,,,,250.0,375.0,,,PO,ciprofloxacin hydrochloride,DRUG000523,FULL
10001501,Ciprofloxacin Hydrochloride,Plague,,,1.0,,,11.0,24.6,31.5,,,,,,,750.0,1500.0,,,PO,ciprofloxacin hydrochloride,DRUG000523,FULL
10001502,Ciprofloxacin Hydrochloride,Plague,,,1.0,,,11.0,37.6,,,,,,,,1000.0,2250.0,,,PO,ciprofloxacin hydrochloride,DRUG000523,FULL
10001503,Ciprofloxacin Hydrochloride,Plague,,,1.0,,,11.0,12.6,24.5,,,,,,,500.0,750.0,,,PO,ciprofloxacin hydrochloride,DRUG000523,FULL
10001504,Ciprofloxacin Hydrochloride,Plague,,,1.0,,,11.0,32.6,37.5,,,,,,,750.0,1875.0,,,PO,ciprofloxacin hydrochloride,DRUG000523,FULL
10001505,Ciprofloxacin Hydrochloride,Plague Prophylaxis,,,,,12.0,120.0,,,,,,,,,800.0,1200.0,,,IV,ciprofloxacin hydrochloride,DRUG000523,FULL
10001506,Ciprofloxacin Hydrochloride,Plague Prophylaxis,,,,,12.0,120.0,,,,,,,,,1000.0,1500.0,,,PO,ciprofloxacin hydrochloride,DRUG000523,FULL
10001507,Ciprofloxacin Hydrochloride,Plague Prophylaxis,,,1.0,,,11.0,9.0,12.5,,,,,,,250.0,375.0,,,PO,ciprofloxacin hydrochloride,DRUG000523,FULL
10001508,Ciprofloxacin Hydrochloride,Plague Prophylaxis,,,1.0,,,11.0,24.6,31.5,,,,,,,750.0,1500.0,,,PO,ciprofloxacin hydrochloride,DRUG000523,FULL
10001509,Ciprofloxacin Hydrochloride,Plague Prophylaxis,,,1.0,,,11.0,37.6,,,,,,,,1000.0,2250.0,,,PO,ciprofloxacin hydrochloride,DRUG000523,FULL
10001510,Ciprofloxacin Hydrochloride,Plague Prophylaxis,,,1.0,,,11.0,12.6,24.5,,,,,,,500.0,750.0,,,PO,ciprofloxacin hydrochloride,DRUG000523,FULL
10001511,Ciprofloxacin Hydrochloride,Plague Prophylaxis,,,1.0,,,11.0,32.6,37.5,,,,,,,750.0,1875.0,,,PO,ciprofloxacin hydrochloride,DRUG000523,FULL
10001512,Ciprofloxacin Hydrochloride,Pneumonia,,,,,12.0,120.0,,,,,,,,,800.0,1200.0,,,IV,ciprofloxacin hydrochloride,DRUG000523,FULL
10001513,Ciprofloxacin Hydrochloride,Pneumonia,,,,,12.0,120.0,,,,,,,,,1000.0,1500.0,,,PO,ciprofloxacin hydrochloride,DRUG000523,FULL
10001514,Ciprofloxacin Hydrochloride,Pneumonia with Cystic Fibrosis,,,,,5.0,11.0,,,30.0,40.0,,,,,,,,,PO,ciprofloxacin hydrochloride,DRUG000523,FULL
10001515,Ciprofloxacin Hydrochloride,Prostatitis,,,,,12.0,120.0,,,,,,,,,800.0,1200.0,,,IV,ciprofloxacin hydrochloride,DRUG000523,FULL
10001516,Ciprofloxacin Hydrochloride,Prostatitis,,,,,12.0,120.0,,,,,,,,,1000.0,1500.0,,,PO,ciprofloxacin hydrochloride,DRUG000523,FULL
10001517,Ciprofloxacin Hydrochloride,Pyelonephritis,,,,,1.0,11.0,,,18.0,30.0,,,1200.0,,,,,,IV,ciprofloxacin hydrochloride,DRUG000523,FULL
10001518,Ciprofloxacin Hydrochloride,Pyelonephritis,,,,,1.0,11.0,9.0,12.5,,,,,,,250.0,375.0,,,PO,ciprofloxacin hydrochloride,DRUG000523,FULL
10001519,Ciprofloxacin Hydrochloride,Pyelonephritis,,,,,1.0,11.0,24.6,31.5,,,,,,,750.0,1500.0,,,PO,ciprofloxacin hydrochloride,DRUG000523,FULL
10001520,Ciprofloxacin Hydrochloride,Pyelonephritis,,,,,1.0,11.0,37.6,,,,,,,,1000.0,2250.0,,,PO,ciprofloxacin hydrochloride,DRUG000523,FULL
10001521,Ciprofloxacin Hydrochloride,Pyelonephritis,,,,,1.0,11.0,12.6,24.5,,,,,,,500.0,750.0,,,PO,ciprofloxacin hydrochloride,DRUG000523,FULL
10001522,Ciprofloxacin Hydrochloride,Pyelonephritis,,,,,1.0,11.0,32.6,37.5,,,,,,,750.0,1875.0,,,PO,ciprofloxacin hydrochloride,DRUG000523,FULL
10001523,Ciprofloxacin Hydrochloride,Pyelonephritis,,,,,12.0,120.0,,,,,,,,,1000.0,1500.0,,,PO,ciprofloxacin hydrochloride,DRUG000523,FULL
10001524,Ciprofloxacin Hydrochloride,Salmonella Enteric Fever,,,,,12.0,120.0,,,,,,,,,800.0,1200.0,,,IV,ciprofloxacin hydrochloride,DRUG000523,FULL
10001525,Ciprofloxacin Hydrochloride,Salmonella Enteric Fever,,,,,12.0,120.0,,,,,,,,,1000.0,1500.0,,,PO,ciprofloxacin hydrochloride,DRUG000523,FULL
10001526,Ciprofloxacin Hydrochloride,Salmonella Gastroenteritis,,,,,12.0,120.0,,,,,,,,,800.0,1200.0,,,IV,ciprofloxacin hydrochloride,DRUG000523,FULL
10001527,Ciprofloxacin Hydrochloride,Salmonella Gastroenteritis,,,,,12.0,120.0,,,,,,,,,1000.0,1500.0,,,PO,ciprofloxacin hydrochloride,DRUG000523,FULL
10001528,Ciprofloxacin Hydrochloride,Shigellosis,,,,,12.0,120.0,,,,,,,,,800.0,1200.0,,,IV,ciprofloxacin hydrochloride,DRUG000523,FULL
10001529,Ciprofloxacin Hydrochloride,Shigellosis,,,,,12.0,120.0,,,,,,,,,1000.0,1500.0,,,PO,ciprofloxacin hydrochloride,DRUG000523,FULL
10001530,Ciprofloxacin Hydrochloride,Sinusitis,,,,,12.0,120.0,,,,,,,,,800.0,1200.0,,,IV,ciprofloxacin hydrochloride,DRUG000523,FULL
10001531,Ciprofloxacin Hydrochloride,Sinusitis,,,,,12.0,120.0,,,,,,,,,1000.0,1500.0,,,PO,ciprofloxacin hydrochloride,DRUG000523,FULL
10001532,Ciprofloxacin Hydrochloride,Skin and Structure Infection,,,,,12.0,120.0,,,,,,,,,800.0,1200.0,,,IV,ciprofloxacin hydrochloride,DRUG000523,FULL
10001533,Ciprofloxacin Hydrochloride,Skin and Structure Infection,,,,,12.0,120.0,,,,,,,,,1000.0,1500.0,,,PO,ciprofloxacin hydrochloride,DRUG000523,FULL
10001534,Ciprofloxacin Hydrochloride,Skin or Soft Tissue Infection,,,,,12.0,120.0,,,,,,,,,800.0,1200.0,,,IV,ciprofloxacin hydrochloride,DRUG000523,FULL
10001535,Ciprofloxacin Hydrochloride,Skin or Soft Tissue Infection,,,,,12.0,120.0,,,,,,,,,1000.0,1500.0,,,PO,ciprofloxacin hydrochloride,DRUG000523,FULL
10001536,Ciprofloxacin Hydrochloride,Surgical Prophylaxis,,,,,1.0,11.0,,,10.0,20.0,,,400.0,,,,,,IV,ciprofloxacin hydrochloride,DRUG000523,FULL
10001537,Ciprofloxacin Hydrochloride,Surgical Prophylaxis,,,,,12.0,120.0,,,,,,,,,400.0,800.0,,,IV,ciprofloxacin hydrochloride,DRUG000523,FULL
10001538,Ciprofloxacin Hydrochloride,Tularemia,,,,,12.0,120.0,,,,,,,,,800.0,1200.0,,,IV,ciprofloxacin hydrochloride,DRUG000523,FULL
10001539,Ciprofloxacin Hydrochloride,Tularemia,,,,,12.0,120.0,,,,,,,,,1000.0,1500.0,,,PO,ciprofloxacin hydrochloride,DRUG000523,FULL
10001540,Ciprofloxacin Hydrochloride,Tularemia,,,1.0,,,11.0,,,30.0,45.0,,,1200.0,,,,,,IV,ciprofloxacin hydrochloride,DRUG000523,FULL
10001541,Ciprofloxacin Hydrochloride,Tularemia,,,1.0,,,11.0,,,30.0,45.0,,,1500.0,,,,,,PO,ciprofloxacin hydrochloride,DRUG000523,FULL
10001542,Ciprofloxacin Hydrochloride,Typhoid Fever,,,,,12.0,120.0,,,,,,,,,800.0,1200.0,,,IV,ciprofloxacin hydrochloride,DRUG000523,FULL
10001543,Ciprofloxacin Hydrochloride,Typhoid Fever,,,,,12.0,120.0,,,,,,,,,1000.0,1500.0,,,PO,ciprofloxacin hydrochloride,DRUG000523,FULL
10001544,Ciprofloxacin Hydrochloride,Urinary Tract Infection,,,,,1.0,11.0,,,18.0,30.0,,,1200.0,,,,,,IV,ciprofloxacin hydrochloride,DRUG000523,FULL
10001545,Ciprofloxacin Hydrochloride,Urinary Tract Infection,,,,,1.0,11.0,9.0,12.5,,,,,,,250.0,375.0,,,PO,ciprofloxacin hydrochloride,DRUG000523,FULL
10001546,Ciprofloxacin Hydrochloride,Urinary Tract Infection,,,,,1.0,11.0,24.6,31.5,,,,,,,750.0,1500.0,,,PO,ciprofloxacin hydrochloride,DRUG000523,FULL
10001547,Ciprofloxacin Hydrochloride,Urinary Tract Infection,,,,,1.0,11.0,37.6,,,,,,,,1000.0,2250.0,,,PO,ciprofloxacin hydrochloride,DRUG000523,FULL
10001548,Ciprofloxacin Hydrochloride,Urinary Tract Infection,,,,,1.0,11.0,12.6,24.5,,,,,,,500.0,750.0,,,PO,ciprofloxacin hydrochloride,DRUG000523,FULL
10001549,Ciprofloxacin Hydrochloride,Urinary Tract Infection,,,,,1.0,11.0,32.6,37.5,,,,,,,750.0,1875.0,,,PO,ciprofloxacin hydrochloride,DRUG000523,FULL
10001550,Ciprofloxacin Hydrochloride,Urinary Tract Infection,,,,,12.0,120.0,,,,,,,,,400.0,1200.0,,,IV,ciprofloxacin hydrochloride,DRUG000523,FULL
10001551,Ciprofloxacin Hydrochloride,Urinary Tract Infection,,,,,12.0,120.0,,,,,,,,,500.0,1000.0,,,PO,ciprofloxacin hydrochloride,DRUG000523,FULL
10001552,Clarithromycin,Bacterial Endocarditis Prophylaxis,,,,,12.0,120.0,,,,,,,,,500.0,1000.0,,,PO,clarithromycin,DRUG001192,FULL
10001553,Clarithromycin,Bacterial Endocarditis Prophylaxis,,,1.0,,,11.0,,,15.0,22.5,,,1000.0,,,,,,PO,clarithromycin,DRUG001192,FULL
10001554,Clarithromycin,Bronchitis,,,,,12.0,120.0,,,,,,,,,500.0,1000.0,,,PO,clarithromycin,DRUG001192,FULL
10001555,Clarithromycin,Helicobacter pylori Infection,,,,,12.0,120.0,,,,,,,,,1000.0,1500.0,,,PO,clarithromycin,DRUG001192,FULL
10001556,Clarithromycin,Legionella Pneumonia,,,,,12.0,120.0,,,,,,,,,1000.0,1500.0,,,PO,clarithromycin,DRUG001192,FULL
10001557,Clarithromycin,Mycobacterium avium-intracellulare - Prophylaxis,,,,,12.0,120.0,,,,,,,,,1000.0,1500.0,,,PO,clarithromycin,DRUG001192,FULL
10001558,Clarithromycin,Mycobacterium avium-intracellulare - Prophylaxis,,,20.0,,,11.0,,,15.0,22.5,,,1000.0,,,,,,PO,clarithromycin,DRUG001192,FULL
10001559,Clarithromycin,Mycobacterium avium-intracellulare - Treatment,,,,,12.0,120.0,,,,,,,,,1000.0,1500.0,,,PO,clarithromycin,DRUG001192,FULL
10001560,Clarithromycin,Mycobacterium avium-intracellulare - Treatment,,,20.0,,,11.0,,,15.0,22.5,,,1000.0,,,,,,PO,clarithromycin,DRUG001192,FULL
10001561,Clarithromycin,Mycoplasma Pneumonia,,,,,12.0,120.0,,,,,,,,,500.0,1000.0,,,PO,clarithromycin,DRUG001192,FULL
10001562,Clarithromycin,Mycoplasma Pneumonia,,,6.0,,,11.0,,,15.0,22.5,,,1000.0,,,,,,PO,clarithromycin,DRUG001192,FULL
10001563,Clarithromycin,Otitis Media,,,6.0,,,11.0,,,15.0,22.5,,,1000.0,,,,,,PO,clarithromycin,DRUG001192,FULL
10001564,Clarithromycin,Pertussis Prophylaxis,,,,,12.0,120.0,,,,,,,,,1000.0,1500.0,,,PO,clarithromycin,DRUG001192,FULL
10001565,Clarithromycin,Pertussis Prophylaxis,,,1.0,,,11.0,,,15.0,22.5,,,1000.0,,,,,,PO,clarithromycin,DRUG001192,FULL
10001566,Clarithromycin,Pneumonia,,,,,12.0,120.0,,,,,,,,,500.0,1000.0,,,PO,clarithromycin,DRUG001192,FULL
10001567,Clarithromycin,Pneumonia,,,6.0,,,11.0,,,15.0,22.5,,,1000.0,,,,,,PO,clarithromycin,DRUG001192,FULL
10001568,Clarithromycin,Sinusitis,,,,,12.0,120.0,,,,,,,,,500.0,1000.0,,,PO,clarithromycin,DRUG001192,FULL
10001569,Clarithromycin,Sinusitis,,,6.0,,,11.0,,,15.0,22.5,,,1000.0,,,,,,PO,clarithromycin,DRUG001192,FULL
10001570,Clarithromycin,Skin and Structure Infection,,,,,12.0,120.0,,,,,,,,,500.0,750.0,,,PO,clarithromycin,DRUG001192,FULL
10001571,Clarithromycin,Skin and Structure Infection,,,6.0,,,11.0,,,15.0,22.5,,,1000.0,,,,,,PO,clarithromycin,DRUG001192,FULL
10001572,Clarithromycin,Tonsillitis/Pharyngitis,,,,,12.0,120.0,,,,,,,,,500.0,750.0,,,PO,clarithromycin,DRUG001192,FULL
10001573,Clarithromycin,Tonsillitis/Pharyngitis,,,6.0,,,11.0,,,15.0,22.5,,,1000.0,,,,,,PO,clarithromycin,DRUG001192,FULL
10001574,Clindamycin,Bacterial Infection,,,,,12.0,120.0,,,,,,,,,600.0,4800.0,,,IM,clindamycin,DRUG001171,FULL
10001575,Clindamycin,Bacterial Infection,,,,,12.0,120.0,,,,,,,,,600.0,4800.0,,,IV,clindamycin,DRUG001171,FULL
10001576,Clindamycin,Bacterial Infection,,,,,12.0,120.0,,,,,,,,,300.0,1800.0,,,PO,clindamycin,DRUG001171,FULL
10001577,Clindamycin,Bacterial Infection,,,1.0,,,11.0,,,20.0,40.0,,,,,,,,,IM,clindamycin,DRUG001171,FULL
10001578,Clindamycin,Bacterial Infection,,,1.0,,,11.0,,,20.0,40.0,,,,,,,,,IV,clindamycin,DRUG001171,FULL
10001579,Clindamycin,Bacterial Infection,1.0,29.0,,,,,,,15.0,20.0,,,,,,,,,IV,clindamycin,DRUG001171,FULL
10001580,Clindamycin,Bacterial Infection,,,1.0,,,11.0,,10.5,,,,,,,112.5,150.0,,,PO,clindamycin,DRUG001171,FULL
10001581,Clindamycin,Bacterial Infection,,,1.0,,,11.0,10.6,,8.0,25.0,,,,,,,,,PO,clindamycin,DRUG001171,FULL
10001582,Clindamycin + Anhydrous Benzoyl Peroxide,Bacterial Infection,,,,,12.0,120.0,,,,,,,,,600.0,4800.0,,,IM,clindamycin + anhydrous benzoyl peroxide,DRUG001171,PARTIAL
10001583,Clindamycin + Anhydrous Benzoyl Peroxide,Bacterial Infection,,,,,12.0,120.0,,,,,,,,,600.0,4800.0,,,IV,clindamycin + anhydrous benzoyl peroxide,DRUG001171,PARTIAL
10001584,Clindamycin + Anhydrous Benzoyl Peroxide,Bacterial Infection,,,,,12.0,120.0,,,,,,,,,300.0,1800.0,,,PO,clindamycin + anhydrous benzoyl peroxide,DRUG001171,PARTIAL
10001585,Clindamycin + Anhydrous Benzoyl Peroxide,Bacterial Infection,,,1.0,,,11.0,,,20.0,40.0,,,,,,,,,IM,clindamycin + anhydrous benzoyl peroxide,DRUG001171,PARTIAL
10001586,Clindamycin + Anhydrous Benzoyl Peroxide,Bacterial Infection,,,1.0,,,11.0,,,20.0,40.0,,,,,,,,,IV,clindamycin + anhydrous benzoyl peroxide,DRUG001171,PARTIAL
10001587,Clindamycin + Anhydrous Benzoyl Peroxide,Bacterial Infection,1.0,29.0,,,,,,,15.0,20.0,,,,,,,,,IV,clindamycin + anhydrous benzoyl peroxide,DRUG001171,PARTIAL
10001588,Clindamycin + Anhydrous Benzoyl Peroxide,Bacterial Infection,,,1.0,,,11.0,,10.5,,,,,,,112.5,150.0,,,PO,clindamycin + anhydrous benzoyl peroxide,DRUG001171,PARTIAL
10001589,Clindamycin + Anhydrous Benzoyl Peroxide,Bacterial Infection,,,1.0,,,11.0,10.6,,8.0,25.0,,,,,,,,,PO,clindamycin + anhydrous benzoyl peroxide,DRUG001171,PARTIAL
10001590,Cloxacillin,Pneumonia,,,,,1.0,11.0,,,50.0,100.0,,,4000.0,,,,,,PO,cloxacillin,DRUG001128,FULL
10001591,Cloxacillin,Pneumonia,,,,,18.0,120.0,,,,,,,,,1000.0,4000.0,,,PO,cloxacillin,DRUG001128,FULL
10001592,Cloxacillin,Skin and Structure Infection,,,,,1.0,11.0,,,50.0,100.0,,,4000.0,,,,,,PO,cloxacillin,DRUG001128,FULL
10001593,Cloxacillin,Skin and Structure Infection,,,,,18.0,120.0,,,,,,,,,1000.0,4000.0,,,PO,cloxacillin,DRUG001128,FULL
10001594,Cloxacillin,Upper Respiratory Tract Infection,,,,,1.0,11.0,,,50.0,100.0,,,4000.0,,,,,,PO,cloxacillin,DRUG001128,FULL
10001595,Cloxacillin,Upper Respiratory Tract Infection,,,,,18.0,120.0,,,,,,,,,1000.0,4000.0,,,PO,cloxacillin,DRUG001128,FULL
10001596,Dapsone,Dermatitis Herpetiformis,,,,,12.0,120.0,,,,,,,,,50.0,300.0,,,PO,dapsone,DRUG000240,FULL
10001597,Dapsone,Leprosy,,,1.0,,,11.0,,,1.0,2.0,,,,,,,,,PO,dapsone,DRUG000240,FULL
10001598,Dapsone,Leprosy - Lepromatous,,,,,12.0,120.0,,,,,,,,,50.0,100.0,,,PO,dapsone,DRUG000240,FULL
10001599,Dapsone,Leprosy - Tuberculoid,,,,,12.0,120.0,,,,,,,,,50.0,100.0,,,PO,dapsone,DRUG000240,FULL
10001600,Dapsone,Pneumocystis Pneumonia,,,,,12.0,120.0,,,,,,,,,100.0,200.0,,,PO,dapsone,DRUG000240,FULL
10001601,Dapsone,Pneumocystis Pneumonia Prophylaxis,,,,,12.0,120.0,,,,,,,,,100.0,200.0,,,PO,dapsone,DRUG000240,FULL
10001602,Dapsone,Pneumocystis Pneumonia Prophylaxis,,,1.0,,,11.0,,,2.0,4.0,,,100.0,,,,,,PO,dapsone,DRUG000240,FULL
10001603,Dapsone,Toxoplasmosis - Prophylaxis,,,,,12.0,120.0,,,,,,,,,100.0,200.0,,,PO,dapsone,DRUG000240,FULL
10001604,Dapsone,Toxoplasmosis - Prophylaxis,,,1.0,,,11.0,,,2.0,4.0,,,25.0,,,,,,PO,dapsone,DRUG000240,FULL
10001605,Demeclocycline Hydrochloride,Bacterial Infection,,,,,8.0,11.0,,,7.0,13.0,,,600.0,,,,,,PO,demeclocycline hydrochloride,DRUG000604,FULL
10001606,Demeclocycline Hydrochloride,Bacterial Infection,,,,,12.0,120.0,,,,,,,,,600.0,900.0,,,PO,demeclocycline hydrochloride,DRUG000604,FULL
10001607,Demeclocycline Hydrochloride,SIADH,,,,,12.0,120.0,,,,,,,,,600.0,1200.0,,,PO,demeclocycline hydrochloride,DRUG000604,FULL
10001608,Dicloxacillin,Bronchitis,,,,,12.0,120.0,,,,,,,,,1000.0,2000.0,,,PO,dicloxacillin,DRUG000473,FULL
10001609,Dicloxacillin,Osteomyelitis,,,,,1.0,11.0,,39.5,50.0,100.0,,,2000.0,,,,,,PO,dicloxacillin,DRUG000473,FULL
10001610,Dicloxacillin,Osteomyelitis,,,,,1.0,11.0,40.0,,,,,,,,1000.0,1250.0,,,PO,dicloxacillin,DRUG000473,FULL
10001611,Dicloxacillin,Pharyngitis,,,,,12.0,120.0,,,,,,,,,1000.0,1250.0,,,PO,dicloxacillin,DRUG000473,FULL
10001612,Dicloxacillin,Pneumonia,,,,,1.0,11.0,,39.5,,,,,,,1000.0,1250.0,,,PO,dicloxacillin,DRUG000473,FULL
10001613,Dicloxacillin,Pneumonia,,,,,1.0,11.0,40.0,,,,,,,,1000.0,1250.0,,,PO,dicloxacillin,DRUG000473,FULL
10001614,Dicloxacillin,Pneumonia,,,,,12.0,120.0,,,,,,,,,2000.0,2500.0,,,PO,dicloxacillin,DRUG000473,FULL
10001615,Dicloxacillin,Skin or Soft Tissue Infection,,,,,1.0,11.0,,39.5,,,,,,,500.0,1000.0,,,PO,dicloxacillin,DRUG000473,FULL
10001616,Dicloxacillin,Skin or Soft Tissue Infection,,,,,1.0,11.0,40.0,,,,,,,,1000.0,1250.0,,,PO,dicloxacillin,DRUG000473,FULL
10001617,Dicloxacillin,Skin or Soft Tissue Infection,,,,,12.0,120.0,,,,,,,,,2000.0,2500.0,,,PO,dicloxacillin,DRUG000473,FULL
10001618,Dicloxacillin,Upper Respiratory Tract Infection,,,,,12.0,120.0,,,,,,,,,1000.0,1250.0,,,PO,dicloxacillin,DRUG000473,FULL
10001619,Dicloxacillin,Upper Respiratory Tract Infection,,,1.0,,,11.0,,39.5,,,,,,,500.0,1000.0,,,PO,dicloxacillin,DRUG000473,FULL
10001620,Dicloxacillin,Upper Respiratory Tract Infection,,,1.0,,,11.0,40.0,,,,,,,,1000.0,1250.0,,,PO,dicloxacillin,DRUG000473,FULL
10001621,Doripenem,Intraabdominal Infection,,,,,18.0,120.0,,,,,,,,,1500.0,2000.0,,,IV,doripenem,DRUG005496,FULL
10001622,Doripenem,Pyelonephritis,,,,,18.0,120.0,,,,,,,,,1500.0,2000.0,,,IV,doripenem,DRUG005496,FULL
10001623,Doripenem,Urinary Tract Infection,,,,,18.0,120.0,,,,,,,,,1500.0,2000.0,,,IV,doripenem,DRUG005496,FULL
10001624,Doxycycline,Acne,,,,,12.0,120.0,,,,,,,,,100.0,200.0,,,IV,doxycycline,DRUG000244,FULL
10001625,Doxycycline,Acne,,,,,12.0,120.0,,,,,,,,,100.0,240.0,,,PO,doxycycline,DRUG000244,FULL
10001626,Doxycycline,Acne,,,1.0,,,11.0,,,2.0,4.4,,,,,,,,,IV,doxycycline,DRUG000244,FULL
10001627,Doxycycline,Acne,,,1.0,,,11.0,,,2.0,4.4,,,,,,,,,PO,doxycycline,DRUG000244,FULL
10001628,Doxycycline,Acne Rosacea,,,,,12.0,120.0,,,,,,,,,40.0,80.0,,,PO,doxycycline,DRUG000244,FULL
10001629,Doxycycline,Actinomycosis,,,,,12.0,120.0,,,,,,,,,100.0,200.0,,,IV,doxycycline,DRUG000244,FULL
10001630,Doxycycline,Actinomycosis,,,,,12.0,120.0,,,,,,,,,100.0,240.0,,,PO,doxycycline,DRUG000244,FULL
10001631,Doxycycline,Actinomycosis,,,1.0,,,11.0,,,2.0,4.4,,,,,,,,,IV,doxycycline,DRUG000244,FULL
10001632,Doxycycline,Actinomycosis,,,1.0,,,11.0,,,2.0,4.4,,,,,,,,,PO,doxycycline,DRUG000244,FULL
10001633,Doxycycline,Amebiasis,,,,,12.0,120.0,,,,,,,,,100.0,200.0,,,IV,doxycycline,DRUG000244,FULL
10001634,Doxycycline,Amebiasis,,,,,12.0,120.0,,,,,,,,,100.0,240.0,,,PO,doxycycline,DRUG000244,FULL
10001635,Doxycycline,Amebiasis,,,1.0,,,11.0,,,2.0,4.4,,,,,,,,,IV,doxycycline,DRUG000244,FULL
10001636,Doxycycline,Amebiasis,,,1.0,,,11.0,,,2.0,4.4,,,,,,,,,PO,doxycycline,DRUG000244,FULL
10001637,Doxycycline,Anthrax Prophylaxis,,,,,12.0,120.0,,,,,,,,,100.0,200.0,,,IV,doxycycline,DRUG000244,FULL
10001638,Doxycycline,Anthrax Prophylaxis,,,,,12.0,120.0,,,,,,,,,100.0,240.0,,,PO,doxycycline,DRUG000244,FULL
10001639,Doxycycline,Anthrax Prophylaxis,,,1.0,,,11.0,,,4.0,6.4,,,,,,,,,IV,doxycycline,DRUG000244,FULL
10001640,Doxycycline,Anthrax Prophylaxis,1.0,29.0,,,,,,,4.0,6.4,,,,,,,,,IV,doxycycline,DRUG000244,FULL
10001641,Doxycycline,Anthrax Prophylaxis,,,1.0,,,11.0,,,4.0,6.4,,,,,,,,,PO,doxycycline,DRUG000244,FULL
10001642,Doxycycline,Anthrax Prophylaxis,1.0,29.0,,,,,,,4.0,6.4,,,,,,,,,PO,doxycycline,DRUG000244,FULL
10001643,Doxycycline,Bacterial Infection,,,,,12.0,120.0,,,,,,,,,100.0,200.0,,,IV,doxycycline,DRUG000244,FULL
10001644,Doxycycline,Bacterial Infection,,,,,12.0,120.0,,,,,,,,,100.0,240.0,,,PO,doxycycline,DRUG000244,FULL
10001645,Doxycycline,Bacterial Infection,,,1.0,,,11.0,,,2.0,4.4,,,,,,,,,IV,doxycycline,DRUG000244,FULL
10001646,Doxycycline,Bacterial Infection,,,1.0,,,11.0,,,2.0,4.4,,,,,,,,,PO,doxycycline,DRUG000244,FULL
10001647,Doxycycline,Bartonellosis,,,,,12.0,120.0,,,,,,,,,100.0,200.0,,,IV,doxycycline,DRUG000244,FULL
10001648,Doxycycline,Bartonellosis,,,,,12.0,120.0,,,,,,,,,100.0,240.0,,,PO,doxycycline,DRUG000244,FULL
10001649,Doxycycline,Bartonellosis,,,1.0,,,11.0,,,2.0,4.4,,,,,,,,,IV,doxycycline,DRUG000244,FULL
10001650,Doxycycline,Bartonellosis,,,1.0,,,11.0,,,2.0,4.4,,,,,,,,,PO,doxycycline,DRUG000244,FULL
10001651,Doxycycline,Bone and Joint Infection,,,,,12.0,120.0,,,,,,,,,200.0,300.0,,,PO,doxycycline,DRUG000244,FULL
10001652,Doxycycline,Bronchitis,,,,,8.0,11.0,,,2.0,4.0,,,,,,,,,IV,doxycycline,DRUG000244,FULL
10001653,Doxycycline,Bronchitis,,,,,8.0,11.0,,,2.0,4.0,,,,,,,,,PO,doxycycline,DRUG000244,FULL
10001654,Doxycycline,Bronchitis,,,,,12.0,120.0,,,,,,,,,100.0,200.0,,,IV,doxycycline,DRUG000244,FULL
10001655,Doxycycline,Bronchitis,,,,,12.0,120.0,,,,,,,,,100.0,240.0,,,PO,doxycycline,DRUG000244,FULL
10001656,Doxycycline,Brucellosis,,,,,12.0,120.0,,,,,,,,,100.0,200.0,,,IV,doxycycline,DRUG000244,FULL
10001657,Doxycycline,Brucellosis,,,,,12.0,120.0,,,,,,,,,100.0,240.0,,,PO,doxycycline,DRUG000244,FULL
10001658,Doxycycline,Brucellosis,,,1.0,,,11.0,,,2.0,4.4,,,,,,,,,IV,doxycycline,DRUG000244,FULL
10001659,Doxycycline,Brucellosis,,,1.0,,,11.0,,,2.0,4.4,,,,,,,,,PO,doxycycline,DRUG000244,FULL
10001660,Doxycycline,Cervicitis,,,,,8.0,11.0,,,,,,,,,100.0,200.0,,,PO,doxycycline,DRUG000244,FULL
10001661,Doxycycline,Cervicitis,,,,,12.0,120.0,,,,,,,,,200.0,300.0,,,PO,doxycycline,DRUG000244,FULL
10001662,Doxycycline,Chancroid,,,,,12.0,120.0,,,,,,,,,100.0,200.0,,,IV,doxycycline,DRUG000244,FULL
10001663,Doxycycline,Chancroid,,,,,12.0,120.0,,,,,,,,,100.0,240.0,,,PO,doxycycline,DRUG000244,FULL
10001664,Doxycycline,Chancroid,,,1.0,,,11.0,,,2.0,4.4,,,,,,,,,IV,doxycycline,DRUG000244,FULL
10001665,Doxycycline,Chancroid,,,1.0,,,11.0,,,2.0,4.4,,,,,,,,,PO,doxycycline,DRUG000244,FULL
10001666,Doxycycline,Chlamydia Infection,,,,,8.0,11.0,,,,,,,,,100.0,200.0,,,PO,doxycycline,DRUG000244,FULL
10001667,Doxycycline,Chlamydia Infection,,,,,12.0,120.0,,,,,,,,,100.0,200.0,,,IV,doxycycline,DRUG000244,FULL
10001668,Doxycycline,Chlamydia Infection,,,,,12.0,120.0,,,,,,,,,100.0,240.0,,,PO,doxycycline,DRUG000244,FULL
10001669,Doxycycline,Cholera,,,,,12.0,120.0,,,,,,,,,100.0,200.0,,,IV,doxycycline,DRUG000244,FULL
10001670,Doxycycline,Cholera,,,,,12.0,120.0,,,,,,,,,100.0,240.0,,,PO,doxycycline,DRUG000244,FULL
10001671,Doxycycline,Cholera,,,1.0,,,11.0,,,2.0,4.0,,,,,,,,,IV,doxycycline,DRUG000244,FULL
10001672,Doxycycline,Cholera,,,1.0,,,11.0,,,2.0,4.0,,,,,,,,,PO,doxycycline,DRUG000244,FULL
10001673,Doxycycline,Cutaneous Bacillus anthracis,,,,,12.0,120.0,,,,,,,,,100.0,200.0,,,IV,doxycycline,DRUG000244,FULL
10001674,Doxycycline,Cutaneous Bacillus anthracis,,,,,12.0,120.0,,,,,,,,,100.0,240.0,,,PO,doxycycline,DRUG000244,FULL
10001675,Doxycycline,Cutaneous Bacillus anthracis,,,1.0,,,11.0,,,4.0,6.4,,,,,,,,,IV,doxycycline,DRUG000244,FULL
10001676,Doxycycline,Cutaneous Bacillus anthracis,1.0,29.0,,,,,,,4.0,6.4,,,,,,,,,IV,doxycycline,DRUG000244,FULL
10001677,Doxycycline,Cutaneous Bacillus anthracis,,,1.0,,,11.0,,,4.0,6.4,,,,,,,,,PO,doxycycline,DRUG000244,FULL
10001678,Doxycycline,Cutaneous Bacillus anthracis,1.0,29.0,,,,,,,4.0,6.4,,,,,,,,,PO,doxycycline,DRUG000244,FULL
10001679,Doxycycline,Epididymitis - Sexually Transmitted,,,,,12.0,120.0,,,,,,,,,100.0,200.0,,,IV,doxycycline,DRUG000244,FULL
10001680,Doxycycline,Epididymitis - Sexually Transmitted,,,,,12.0,120.0,,,,,,,,,100.0,240.0,,,PO,doxycycline,DRUG000244,FULL
10001681,Doxycycline,Gonococcal Infection - Uncomplicated,,,,,12.0,120.0,,,,,,,,,100.0,200.0,,,IV,doxycycline,DRUG000244,FULL
10001682,Doxycycline,Gonococcal Infection - Uncomplicated,,,,,12.0,120.0,,,,,,,,,100.0,240.0,,,PO,doxycycline,DRUG000244,FULL
10001683,Doxycycline,Granuloma Inguinale,,,,,8.0,11.0,,,2.0,4.0,,,,,,,,,IV,doxycycline,DRUG000244,FULL
10001684,Doxycycline,Granuloma Inguinale,,,,,8.0,11.0,,,2.0,4.0,,,,,,,,,PO,doxycycline,DRUG000244,FULL
10001685,Doxycycline,Granuloma Inguinale,,,,,12.0,120.0,,,,,,,,,100.0,200.0,,,IV,doxycycline,DRUG000244,FULL
10001686,Doxycycline,Granuloma Inguinale,,,,,12.0,120.0,,,,,,,,,100.0,240.0,,,PO,doxycycline,DRUG000244,FULL
10001687,Doxycycline,Inclusion Conjunctivitis,,,,,12.0,120.0,,,,,,,,,100.0,200.0,,,IV,doxycycline,DRUG000244,FULL
10001688,Doxycycline,Inclusion Conjunctivitis,,,,,12.0,120.0,,,,,,,,,100.0,240.0,,,PO,doxycycline,DRUG000244,FULL
10001689,Doxycycline,Inclusion Conjunctivitis,,,1.0,,,11.0,,,2.0,4.4,,,,,,,,,IV,doxycycline,DRUG000244,FULL
10001690,Doxycycline,Inclusion Conjunctivitis,,,1.0,,,11.0,,,2.0,4.4,,,,,,,,,PO,doxycycline,DRUG000244,FULL
10001691,Doxycycline,Inhalation Bacillus anthracis,,,,,12.0,120.0,,,,,,,,,100.0,200.0,,,IV,doxycycline,DRUG000244,FULL
10001692,Doxycycline,Inhalation Bacillus anthracis,,,,,12.0,120.0,,,,,,,,,100.0,240.0,,,PO,doxycycline,DRUG000244,FULL
10001693,Doxycycline,Inhalation Bacillus anthracis,,,1.0,,,11.0,,,4.0,6.4,,,,,,,,,IV,doxycycline,DRUG000244,FULL
10001694,Doxycycline,Inhalation Bacillus anthracis,1.0,29.0,,,,,,,4.0,6.4,,,,,,,,,IV,doxycycline,DRUG000244,FULL
10001695,Doxycycline,Inhalation Bacillus anthracis,,,1.0,,,11.0,,,4.0,6.4,,,,,,,,,PO,doxycycline,DRUG000244,FULL
10001696,Doxycycline,Inhalation Bacillus anthracis,1.0,29.0,,,,,,,4.0,6.4,,,,,,,,,PO,doxycycline,DRUG000244,FULL
10001697,Doxycycline,Lyme Disease,,,,,8.0,11.0,,,4.0,6.0,,,100.0,,,,,,PO,doxycycline,DRUG000244,FULL
10001698,Doxycycline,Lyme Disease,,,,,12.0,120.0,,,,,,,,,200.0,300.0,,,PO,doxycycline,DRUG000244,FULL
10001699,Doxycycline,Lyme Disease - Arthritis,,,,,8.0,11.0,,,4.0,6.0,,,100.0,,,,,,PO,doxycycline,DRUG000244,FULL
10001700,Doxycycline,Lyme Disease - Arthritis,,,,,12.0,120.0,,,,,,,,,200.0,300.0,,,PO,doxycycline,DRUG000244,FULL
10001701,Doxycycline,Lyme Disease - Carditis,,,,,8.0,11.0,,,4.0,6.0,,,100.0,,,,,,PO,doxycycline,DRUG000244,FULL
10001702,Doxycycline,Lyme Disease - Carditis,,,,,12.0,120.0,,,,,,,,,200.0,300.0,,,PO,doxycycline,DRUG000244,FULL
10001703,Doxycycline,Lyme Disease - Erythema Chronicum Migrans,,,,,8.0,11.0,,,4.0,6.0,,,100.0,,,,,,PO,doxycycline,DRUG000244,FULL
10001704,Doxycycline,Lyme Disease - Erythema Chronicum Migrans,,,,,12.0,120.0,,,,,,,,,200.0,300.0,,,PO,doxycycline,DRUG000244,FULL
10001705,Doxycycline,Lyme Disease - Neurologic,,,,,8.0,11.0,,,4.0,8.0,,,200.0,,,,,,PO,doxycycline,DRUG000244,FULL
10001706,Doxycycline,Lyme Disease - Neurologic,,,,,12.0,120.0,,,,,,,,,200.0,400.0,,,PO,doxycycline,DRUG000244,FULL
10001707,Doxycycline,Lymphogranuloma Venereum,,,,,8.0,11.0,,,2.0,4.0,,,,,,,,,IV,doxycycline,DRUG000244,FULL
10001708,Doxycycline,Lymphogranuloma Venereum,,,,,8.0,11.0,,,2.0,4.0,,,,,,,,,PO,doxycycline,DRUG000244,FULL
10001709,Doxycycline,Lymphogranuloma Venereum,,,,,12.0,120.0,,,,,,,,,100.0,200.0,,,IV,doxycycline,DRUG000244,FULL
10001710,Doxycycline,Lymphogranuloma Venereum,,,,,12.0,120.0,,,,,,,,,100.0,240.0,,,PO,doxycycline,DRUG000244,FULL
10001711,Doxycycline,Malaria,,,,,8.0,11.0,,,2.0,4.4,,,,,,,,,PO,doxycycline,DRUG000244,FULL
10001712,Doxycycline,Malaria,,,,,12.0,120.0,,,,,,,,,100.0,200.0,,,IV,doxycycline,DRUG000244,FULL
10001713,Doxycycline,Malaria,,,,,12.0,120.0,,,,,,,,,100.0,240.0,,,PO,doxycycline,DRUG000244,FULL
10001714,Doxycycline,Malaria Prophylaxis,,,,,8.0,11.0,,,2.0,4.0,,,100.0,,,,,,PO,doxycycline,DRUG000244,FULL
10001715,Doxycycline,Malaria Prophylaxis,,,,,12.0,120.0,,,,,,,,,100.0,200.0,,,IV,doxycycline,DRUG000244,FULL
10001716,Doxycycline,Malaria Prophylaxis,,,,,12.0,120.0,,,,,,,,,100.0,240.0,,,PO,doxycycline,DRUG000244,FULL
10001717,Doxycycline,Melioidosis,,,,,12.0,120.0,,,,,,,,,200.0,300.0,,,PO,doxycycline,DRUG000244,FULL
10001718,Doxycycline,Mycoplasma Pneumonia,,,,,12.0,120.0,,,,,,,,,100.0,200.0,,,IV,doxycycline,DRUG000244,FULL
10001719,Doxycycline,Mycoplasma Pneumonia,,,,,12.0,120.0,,,,,,,,,100.0,240.0,,,PO,doxycycline,DRUG000244,FULL
10001720,Doxycycline,Mycoplasma Pneumonia,,,1.0,,,11.0,,,2.2,4.4,,,,,,,,,IV,doxycycline,DRUG000244,FULL
10001721,Doxycycline,Mycoplasma Pneumonia,,,1.0,,,11.0,,,2.0,4.0,,,,,,,,,PO,doxycycline,DRUG000244,FULL
10001722,Doxycycline,Nongonococcal Urethritis,,,,,8.0,11.0,,,,,,,,,100.0,200.0,,,PO,doxycycline,DRUG000244,FULL
10001723,Doxycycline,Nongonococcal Urethritis,,,,,12.0,120.0,,,,,,,,,100.0,200.0,,,IV,doxycycline,DRUG000244,FULL
10001724,Doxycycline,Nongonococcal Urethritis,,,,,12.0,120.0,,,,,,,,,100.0,240.0,,,PO,doxycycline,DRUG000244,FULL
10001725,Doxycycline,Nongonococcal Urethritis,,,1.0,,,11.0,,,,,,,,,100.0,200.0,,,IV,doxycycline,DRUG000244,FULL
10001726,Doxycycline,Ornithosis,,,,,12.0,120.0,,,,,,,,,100.0,200.0,,,IV,doxycycline,DRUG000244,FULL
10001727,Doxycycline,Ornithosis,,,,,12.0,120.0,,,,,,,,,100.0,240.0,,,PO,doxycycline,DRUG000244,FULL
10001728,Doxycycline,Ornithosis,,,1.0,,,11.0,,,2.0,4.4,,,,,,,,,IV,doxycycline,DRUG000244,FULL
10001729,Doxycycline,Ornithosis,,,1.0,,,11.0,,,2.0,4.4,,,,,,,,,PO,doxycycline,DRUG000244,FULL
10001730,Doxycycline,Pelvic Inflammatory Disease,,,,,12.0,120.0,,,,,,,,,200.0,300.0,,,PO,doxycycline,DRUG000244,FULL
10001731,Doxycycline,Periodontitis,,,,,12.0,120.0,,,,,,,,,100.0,200.0,,,IV,doxycycline,DRUG000244,FULL
10001732,Doxycycline,Periodontitis,,,,,12.0,120.0,,,,,,,,,100.0,240.0,,,PO,doxycycline,DRUG000244,FULL
10001733,Doxycycline,Plague,,,,,8.0,11.0,,,2.0,4.4,,,,,,,,,IV,doxycycline,DRUG000244,FULL
10001734,Doxycycline,Plague,,,,,8.0,11.0,,,2.0,4.0,,,,,,,,,PO,doxycycline,DRUG000244,FULL
10001735,Doxycycline,Plague,,,,,12.0,120.0,,,,,,,,,100.0,200.0,,,IV,doxycycline,DRUG000244,FULL
10001736,Doxycycline,Plague,,,,,12.0,120.0,,,,,,,,,100.0,240.0,,,PO,doxycycline,DRUG000244,FULL
10001737,Doxycycline,Plague Prophylaxis,,,,,8.0,11.0,,,2.0,4.0,,,,,,,,,PO,doxycycline,DRUG000244,FULL
10001738,Doxycycline,Plague Prophylaxis,,,,,12.0,120.0,,,,,,,,,100.0,200.0,,,IV,doxycycline,DRUG000244,FULL
10001739,Doxycycline,Plague Prophylaxis,,,,,12.0,120.0,,,,,,,,,100.0,240.0,,,PO,doxycycline,DRUG000244,FULL
10001740,Doxycycline,Pleural Effusion,,,,,12.0,120.0,,,,,,,,,250.0,1000.0,,,IV,doxycycline,DRUG000244,FULL
10001741,Doxycycline,Pneumonia,,,,,8.0,11.0,,,2.0,4.0,,,,,,,,,IV,doxycycline,DRUG000244,FULL
10001742,Doxycycline,Pneumonia,,,,,8.0,11.0,,,2.0,4.0,,,,,,,,,PO,doxycycline,DRUG000244,FULL
10001743,Doxycycline,Pneumonia,,,,,12.0,120.0,,,,,,,,,100.0,200.0,,,IV,doxycycline,DRUG000244,FULL
10001744,Doxycycline,Pneumonia,,,,,12.0,120.0,,,,,,,,,100.0,240.0,,,PO,doxycycline,DRUG000244,FULL
10001745,Doxycycline,Proctitis,,,,,12.0,120.0,,,,,,,,,200.0,300.0,,,PO,doxycycline,DRUG000244,FULL
10001746,Doxycycline,Psittacosis,,,,,12.0,120.0,,,,,,,,,100.0,200.0,,,IV,doxycycline,DRUG000244,FULL
10001747,Doxycycline,Psittacosis,,,,,12.0,120.0,,,,,,,,,100.0,240.0,,,PO,doxycycline,DRUG000244,FULL
10001748,Doxycycline,Psittacosis,,,1.0,,,11.0,,,2.0,4.4,,,,,,,,,IV,doxycycline,DRUG000244,FULL
10001749,Doxycycline,Psittacosis,,,1.0,,,11.0,,,2.0,4.4,,,,,,,,,PO,doxycycline,DRUG000244,FULL
10001750,Doxycycline,Q Fever,,,,,8.0,11.0,,,2.0,4.0,,,,,,,,,IV,doxycycline,DRUG000244,FULL
10001751,Doxycycline,Q Fever,,,,,8.0,11.0,,,2.0,4.0,,,,,,,,,PO,doxycycline,DRUG000244,FULL
10001752,Doxycycline,Q Fever,,,,,12.0,120.0,,,,,,,,,100.0,200.0,,,IV,doxycycline,DRUG000244,FULL
10001753,Doxycycline,Q Fever,,,,,12.0,120.0,,,,,,,,,100.0,240.0,,,PO,doxycycline,DRUG000244,FULL
10001754,Doxycycline,Rickettsial Infection,,,,,8.0,11.0,,,2.0,4.0,,,,,,,,,IV,doxycycline,DRUG000244,FULL
10001755,Doxycycline,Rickettsial Infection,,,,,8.0,11.0,,,2.0,4.0,,,,,,,,,PO,doxycycline,DRUG000244,FULL
10001756,Doxycycline,Rickettsial Infection,,,,,12.0,120.0,,,,,,,,,100.0,200.0,,,IV,doxycycline,DRUG000244,FULL
10001757,Doxycycline,Rickettsial Infection,,,,,12.0,120.0,,,,,,,,,100.0,240.0,,,PO,doxycycline,DRUG000244,FULL
10001758,Doxycycline,Sinusitis,,,,,12.0,120.0,,,,,,,,,200.0,300.0,,,PO,doxycycline,DRUG000244,FULL
10001759,Doxycycline,Skin or Soft Tissue Infection,,,,,8.0,11.0,,,2.0,4.4,,,,,,,,,IV,doxycycline,DRUG000244,FULL
10001760,Doxycycline,Skin or Soft Tissue Infection,,,,,8.0,11.0,,,2.0,4.0,,,,,,,,,PO,doxycycline,DRUG000244,FULL
10001761,Doxycycline,Skin or Soft Tissue Infection,,,,,12.0,120.0,,,,,,,,,100.0,200.0,,,IV,doxycycline,DRUG000244,FULL
10001762,Doxycycline,Skin or Soft Tissue Infection,,,,,12.0,120.0,,,,,,,,,100.0,240.0,,,PO,doxycycline,DRUG000244,FULL
10001763,Doxycycline,STD Prophylaxis,,,,,8.0,11.0,,,,,,,,,200.0,300.0,,,PO,doxycycline,DRUG000244,FULL
10001764,Doxycycline,Syphilis - Early,,,,,12.0,120.0,,,,,,,,,100.0,200.0,,,IV,doxycycline,DRUG000244,FULL
10001765,Doxycycline,Syphilis - Early,,,,,12.0,120.0,,,,,,,,,100.0,240.0,,,PO,doxycycline,DRUG000244,FULL
10001766,Doxycycline,Syphilis - Latent,,,,,12.0,120.0,,,,,,,,,100.0,200.0,,,IV,doxycycline,DRUG000244,FULL
10001767,Doxycycline,Syphilis - Latent,,,,,12.0,120.0,,,,,,,,,100.0,240.0,,,PO,doxycycline,DRUG000244,FULL
10001768,Doxycycline,Trachoma,,,,,12.0,120.0,,,,,,,,,100.0,200.0,,,IV,doxycycline,DRUG000244,FULL
10001769,Doxycycline,Trachoma,,,,,12.0,120.0,,,,,,,,,100.0,240.0,,,PO,doxycycline,DRUG000244,FULL
10001770,Doxycycline,Trachoma,,,1.0,,,11.0,,,2.0,4.4,,,,,,,,,IV,doxycycline,DRUG000244,FULL
10001771,Doxycycline,Trachoma,,,1.0,,,11.0,,,2.0,4.4,,,,,,,,,PO,doxycycline,DRUG000244,FULL
10001772,Doxycycline,Tularemia,,,,,8.0,11.0,,,2.0,4.4,,,,,,,,,IV,doxycycline,DRUG000244,FULL
10001773,Doxycycline,Tularemia,,,,,8.0,11.0,,,2.0,4.0,,,,,,,,,PO,doxycycline,DRUG000244,FULL
10001774,Doxycycline,Tularemia,,,,,12.0,120.0,,,,,,,,,100.0,200.0,,,IV,doxycycline,DRUG000244,FULL
10001775,Doxycycline,Tularemia,,,,,12.0,120.0,,,,,,,,,100.0,240.0,,,PO,doxycycline,DRUG000244,FULL
10001776,Doxycycline,Upper Respiratory Tract Infection,,,,,8.0,11.0,,,2.0,4.0,,,,,,,,,IV,doxycycline,DRUG000244,FULL
10001777,Doxycycline,Upper Respiratory Tract Infection,,,,,8.0,11.0,,,2.0,4.0,,,,,,,,,PO,doxycycline,DRUG000244,FULL
10001778,Doxycycline,Upper Respiratory Tract Infection,,,,,12.0,120.0,,,,,,,,,100.0,200.0,,,IV,doxycycline,DRUG000244,FULL
10001779,Doxycycline,Upper Respiratory Tract Infection,,,,,12.0,120.0,,,,,,,,,100.0,240.0,,,PO,doxycycline,DRUG000244,FULL
10001780,Doxycycline,Urinary Tract Infection,,,,,12.0,120.0,,,,,,,,,100.0,200.0,,,IV,doxycycline,DRUG000244,FULL
10001781,Doxycycline,Urinary Tract Infection,,,,,12.0,120.0,,,,,,,,,100.0,240.0,,,PO,doxycycline,DRUG000244,FULL
10001782,Doxycycline,Urinary Tract Infection,,,1.0,,,11.0,,,2.0,4.4,,,,,,,,,IV,doxycycline,DRUG000244,FULL
10001783,Doxycycline,Wound Infection,,,,,12.0,120.0,,,,,,,,,200.0,300.0,,,IV,doxycycline,DRUG000244,FULL
10001784,Doxycycline,Wound Infection,,,,,12.0,120.0,,,,,,,,,200.0,300.0,,,PO,doxycycline,DRUG000244,FULL
10001785,Ertapenem,Infection Prophylaxis,,,,,12.0,120.0,,,,,,,,,1000.0,2000.0,,,IM,ertapenem,DRUG000293,FULL
10001786,Ertapenem,Infection Prophylaxis,,,,,12.0,120.0,,,,,,,,,1000.0,2000.0,,,IV,ertapenem,DRUG000293,FULL
10001787,Ertapenem,Intraabdominal Infection,,,,,12.0,120.0,,,,,,,,,1000.0,2000.0,,,IM,ertapenem,DRUG000293,FULL
10001788,Ertapenem,Intraabdominal Infection,,,,,12.0,120.0,,,,,,,,,1000.0,2000.0,,,IV,ertapenem,DRUG000293,FULL
10001789,Ertapenem,Intraabdominal Infection,,,3.0,,,11.0,,,30.0,45.0,,,1000.0,,,,,,IM,ertapenem,DRUG000293,FULL
10001790,Ertapenem,Intraabdominal Infection,,,3.0,,,11.0,,,30.0,45.0,,,1000.0,,,,,,IV,ertapenem,DRUG000293,FULL
10001791,Ertapenem,Pelvic Infections,,,,,12.0,120.0,,,,,,,,,1000.0,2000.0,,,IM,ertapenem,DRUG000293,FULL
10001792,Ertapenem,Pelvic Infections,,,,,12.0,120.0,,,,,,,,,1000.0,2000.0,,,IV,ertapenem,DRUG000293,FULL
10001793,Ertapenem,Pelvic Infections,,,3.0,,,11.0,,,30.0,45.0,,,1000.0,,,,,,IM,ertapenem,DRUG000293,FULL
10001794,Ertapenem,Pelvic Infections,,,3.0,,,11.0,,,30.0,45.0,,,1000.0,,,,,,IV,ertapenem,DRUG000293,FULL
10001795,Ertapenem,Pneumonia,,,,,12.0,120.0,,,,,,,,,1000.0,2000.0,,,IM,ertapenem,DRUG000293,FULL
10001796,Ertapenem,Pneumonia,,,,,12.0,120.0,,,,,,,,,1000.0,2000.0,,,IV,ertapenem,DRUG000293,FULL
10001797,Ertapenem,Pneumonia,,,3.0,,,11.0,,,30.0,45.0,,,1000.0,,,,,,IM,ertapenem,DRUG000293,FULL
10001798,Ertapenem,Pneumonia,,,3.0,,,11.0,,,30.0,45.0,,,1000.0,,,,,,IV,ertapenem,DRUG000293,FULL
10001799,Ertapenem,Pyelonephritis,,,,,12.0,120.0,,,,,,,,,1000.0,2000.0,,,IM,ertapenem,DRUG000293,FULL
10001800,Ertapenem,Pyelonephritis,,,,,12.0,120.0,,,,,,,,,1000.0,2000.0,,,IV,ertapenem,DRUG000293,FULL
10001801,Ertapenem,Pyelonephritis,,,3.0,,,11.0,,,30.0,45.0,,,1000.0,,,,,,IM,ertapenem,DRUG000293,FULL
10001802,Ertapenem,Pyelonephritis,,,3.0,,,11.0,,,30.0,45.0,,,1000.0,,,,,,IV,ertapenem,DRUG000293,FULL
10001803,Ertapenem,Skin or Soft Tissue Infection,,,,,12.0,120.0,,,,,,,,,1000.0,2000.0,,,IM,ertapenem,DRUG000293,FULL
10001804,Ertapenem,Skin or Soft Tissue Infection,,,,,12.0,120.0,,,,,,,,,1000.0,2000.0,,,IV,ertapenem,DRUG000293,FULL
10001805,Ertapenem,Skin or Soft Tissue Infection,,,3.0,,,11.0,,,30.0,45.0,,,1000.0,,,,,,IM,ertapenem,DRUG000293,FULL
10001806,Ertapenem,Skin or Soft Tissue Infection,,,3.0,,,11.0,,,30.0,45.0,,,1000.0,,,,,,IV,ertapenem,DRUG000293,FULL
10001807,Ertapenem,Urinary Tract Infection,,,,,12.0,120.0,,,,,,,,,1000.0,2000.0,,,IM,ertapenem,DRUG000293,FULL
10001808,Ertapenem,Urinary Tract Infection,,,,,12.0,120.0,,,,,,,,,1000.0,2000.0,,,IV,ertapenem,DRUG000293,FULL
10001809,Ertapenem,Urinary Tract Infection,,,3.0,,,11.0,,,30.0,45.0,,,1000.0,,,,,,IM,ertapenem,DRUG000293,FULL
10001810,Ertapenem,Urinary Tract Infection,,,3.0,,,11.0,,,30.0,45.0,,,1000.0,,,,,,IV,ertapenem,DRUG000293,FULL
10001811,Erythromycin,Amebiasis,,,,,12.0,120.0,,,15.0,20.0,,,4000.0,,,,,,IV,erythromycin,DRUG000189,FULL
10001812,Erythromycin,Amebiasis,,,,,12.0,120.0,,,,,,,,,1000.0,4000.0,,,PO,erythromycin,DRUG000189,FULL
10001813,Erythromycin,Amebiasis,,,1.0,,,11.0,,,30.0,50.0,,,4000.0,,,,,,PO,erythromycin,DRUG000189,FULL
10001814,Erythromycin,Bacteremia,,,,,12.0,120.0,,,,,,,,,2000.0,2500.0,,,IV,erythromycin,DRUG000189,FULL
10001815,Erythromycin,Bacteremia,,,,,12.0,120.0,,,,,,,,,1000.0,2000.0,,,PO,erythromycin,DRUG000189,FULL
10001816,Erythromycin,Bacteremia,,,1.0,,,11.0,,,40.0,50.0,,,,,,,,,PO,erythromycin,DRUG000189,FULL
10001817,Erythromycin,Bacterial Endocarditis Prophylaxis,,,,,12.0,120.0,,,,,,,,,1000.0,4000.0,,,PO,erythromycin,DRUG000189,FULL
10001818,Erythromycin,Bacterial Endocarditis Prophylaxis,,,1.0,,,11.0,,,10.0,20.0,,,1000.0,,,,,,PO,erythromycin,DRUG000189,FULL
10001819,Erythromycin,Bacterial Infection,,,1.0,,,11.0,,,20.0,25.0,,,4000.0,,,,,,IV,erythromycin,DRUG000189,FULL
10001820,Erythromycin,Bacterial Infection,1.0,29.0,,,,,,,40.0,50.0,,,,,,,,,IV,erythromycin,DRUG000189,FULL
10001821,Erythromycin,Bacterial Infection,,,1.0,,,11.0,,,40.0,50.0,,,4000.0,,,,,,PO,erythromycin,DRUG000189,FULL
10001822,Erythromycin,Bacterial Infection,1.0,29.0,,,,,,,40.0,50.0,,,4000.0,,,,,,PO,erythromycin,DRUG000189,FULL
10001823,Erythromycin,Bartonellosis,,,,,12.0,120.0,,,,,,,,,2000.0,2500.0,,,IV,erythromycin,DRUG000189,FULL
10001824,Erythromycin,Bartonellosis,,,,,12.0,120.0,,,,,,,,,1000.0,2000.0,,,PO,erythromycin,DRUG000189,FULL
10001825,Erythromycin,Bartonellosis,,,1.0,,,11.0,,,40.0,50.0,,,,,,,,,PO,erythromycin,DRUG000189,FULL
10001826,Erythromycin,Bowel Preparation,,,,,12.0,120.0,,,,,,,,,1000.0,3000.0,,,PO,erythromycin,DRUG000189,FULL
10001827,Erythromycin,Bronchitis,,,,,12.0,120.0,,,15.0,20.0,,,4000.0,,,,,,IV,erythromycin,DRUG000189,FULL
10001828,Erythromycin,Bronchitis,,,,,12.0,120.0,,,,,,,,,1000.0,4000.0,,,PO,erythromycin,DRUG000189,FULL
10001829,Erythromycin,Bronchitis,,,1.0,,,11.0,,,15.0,20.0,,,,,,,,,IV,erythromycin,DRUG000189,FULL
10001830,Erythromycin,Bronchitis,,,1.0,,,11.0,,,30.0,50.0,,,4000.0,,,,,,PO,erythromycin,DRUG000189,FULL
10001831,Erythromycin,Campylobacter Gastroenteritis,,,,,12.0,120.0,,,15.0,20.0,,,4000.0,,,,,,IV,erythromycin,DRUG000189,FULL
10001832,Erythromycin,Campylobacter Gastroenteritis,,,,,12.0,120.0,,,,,,,,,1000.0,4000.0,,,PO,erythromycin,DRUG000189,FULL
10001833,Erythromycin,Campylobacter Gastroenteritis,,,1.0,,,11.0,,,15.0,20.0,,,4000.0,,,,,,IV,erythromycin,DRUG000189,FULL
10001834,Erythromycin,Campylobacter Gastroenteritis,,,1.0,,,11.0,,,30.0,50.0,,,4000.0,,,,,,PO,erythromycin,DRUG000189,FULL
10001835,Erythromycin,Chancroid,,,,,12.0,120.0,,,,,,,,,1500.0,2000.0,,,PO,erythromycin,DRUG000189,FULL
10001836,Erythromycin,Chlamydia Infection,,,,,12.0,120.0,,,,,,,,,2000.0,2500.0,,,PO,erythromycin,DRUG000189,FULL
10001837,Erythromycin,Chlamydia Infection,,,1.0,,,11.0,,,,,,,,,500.0,750.0,,,PO,erythromycin,DRUG000189,FULL
10001838,Erythromycin,Diphtheria,,,,,12.0,120.0,,,15.0,20.0,,,4000.0,,,,,,IV,erythromycin,DRUG000189,FULL
10001839,Erythromycin,Diphtheria,,,,,12.0,120.0,,,,,,,,,1000.0,4000.0,,,PO,erythromycin,DRUG000189,FULL
10001840,Erythromycin,Diphtheria,,,1.0,,,11.0,,,15.0,20.0,,,,,,,,,IV,erythromycin,DRUG000189,FULL
10001841,Erythromycin,Diphtheria,,,1.0,,,11.0,,,30.0,50.0,,,4000.0,,,,,,PO,erythromycin,DRUG000189,FULL
10001842,Erythromycin,Gastroenteritis,,,,,12.0,120.0,,,15.0,20.0,,,4000.0,,,,,,IV,erythromycin,DRUG000189,FULL
10001843,Erythromycin,Gastroenteritis,,,,,12.0,120.0,,,,,,,,,1000.0,4000.0,,,PO,erythromycin,DRUG000189,FULL
10001844,Erythromycin,Gastroenteritis,,,1.0,,,11.0,,,15.0,20.0,,,,,,,,,IV,erythromycin,DRUG000189,FULL
10001845,Erythromycin,Gastroenteritis,,,1.0,,,11.0,,,30.0,50.0,,,4000.0,,,,,,PO,erythromycin,DRUG000189,FULL
10001846,Erythromycin,Granuloma Inguinale,,,,,12.0,120.0,,,,,,,,,2000.0,2500.0,,,PO,erythromycin,DRUG000189,FULL
10001847,Erythromycin,Impetigo,,,,,12.0,120.0,,,,,,,,,2000.0,2500.0,,,IV,erythromycin,DRUG000189,FULL
10001848,Erythromycin,Impetigo,,,,,12.0,120.0,,,,,,,,,1000.0,2000.0,,,PO,erythromycin,DRUG000189,FULL
10001849,Erythromycin,Impetigo,,,1.0,,,11.0,,,40.0,50.0,,,,,,,,,PO,erythromycin,DRUG000189,FULL
10001850,Erythromycin,Legionella Pneumonia,,,,,12.0,120.0,,,,,,,,,1000.0,4000.0,,,IV,erythromycin,DRUG000189,FULL
10001851,Erythromycin,Legionella Pneumonia,,,,,12.0,120.0,,,,,,,,,1000.0,4000.0,,,PO,erythromycin,DRUG000189,FULL
10001852,Erythromycin,Lyme Disease,,,,,12.0,120.0,,,,,,,,,2000.0,2500.0,,,PO,erythromycin,DRUG000189,FULL
10001853,Erythromycin,Lyme Disease,,,1.0,,,11.0,,,50.0,62.5,,,500.0,,,,,,PO,erythromycin,DRUG000189,FULL
10001854,Erythromycin,Lymphogranuloma Venereum,,,,,12.0,120.0,,,,,,,,,2000.0,2500.0,,,PO,erythromycin,DRUG000189,FULL
10001855,Erythromycin,Mycoplasma Pneumonia,,,,,12.0,120.0,,,15.0,20.0,,,4000.0,,,,,,IV,erythromycin,DRUG000189,FULL
10001856,Erythromycin,Mycoplasma Pneumonia,,,,,12.0,120.0,,,,,,,,,1000.0,4000.0,,,PO,erythromycin,DRUG000189,FULL
10001857,Erythromycin,Mycoplasma Pneumonia,,,1.0,,,11.0,,,15.0,20.0,,,,,,,,,IV,erythromycin,DRUG000189,FULL
10001858,Erythromycin,Mycoplasma Pneumonia,,,1.0,,,11.0,,,30.0,50.0,,,4000.0,,,,,,PO,erythromycin,DRUG000189,FULL
10001859,Erythromycin,Nongonococcal Urethritis,,,,,12.0,120.0,,,,,,,,,2000.0,2500.0,,,PO,erythromycin,DRUG000189,FULL
10001860,Erythromycin,Nongonococcal Urethritis,,,1.0,,,11.0,,,,,,,,,500.0,750.0,,,PO,erythromycin,DRUG000189,FULL
10001861,Erythromycin,Osteomyelitis,,,,,12.0,120.0,,,,,,,,,2000.0,2500.0,,,IV,erythromycin,DRUG000189,FULL
10001862,Erythromycin,Osteomyelitis,,,,,12.0,120.0,,,,,,,,,1000.0,2000.0,,,PO,erythromycin,DRUG000189,FULL
10001863,Erythromycin,Osteomyelitis,,,1.0,,,11.0,,,40.0,50.0,,,,,,,,,PO,erythromycin,DRUG000189,FULL
10001864,Erythromycin,Otitis Media,,,,,12.0,120.0,,,15.0,20.0,,,4000.0,,,,,,IV,erythromycin,DRUG000189,FULL
10001865,Erythromycin,Otitis Media,,,,,12.0,120.0,,,,,,,,,1000.0,4000.0,,,PO,erythromycin,DRUG000189,FULL
10001866,Erythromycin,Otitis Media,,,1.0,,,11.0,,,15.0,20.0,,,,,,,,,IV,erythromycin,DRUG000189,FULL
10001867,Erythromycin,Otitis Media,,,1.0,,,11.0,,,30.0,50.0,,,4000.0,,,,,,PO,erythromycin,DRUG000189,FULL
10001868,Erythromycin,Pelvic Inflammatory Disease,,,,,12.0,120.0,,,,,,,,,2000.0,2500.0,,,IV,erythromycin,DRUG000189,FULL
10001869,Erythromycin,Pelvic Inflammatory Disease,,,,,12.0,120.0,,,,,,,,,1000.0,1500.0,,,PO,erythromycin,DRUG000189,FULL
10001870,Erythromycin,Pertussis Prophylaxis,,,,,12.0,120.0,,,40.0,50.0,,,4000.0,,,,,,PO,erythromycin,DRUG000189,FULL
10001871,Erythromycin,Pertussis Prophylaxis,,,1.0,,,11.0,,,,,,,,,500.0,750.0,,,PO,erythromycin,DRUG000189,FULL
10001872,Erythromycin,Pharyngitis,,,,,12.0,120.0,,,15.0,20.0,,,4000.0,,,,,,IV,erythromycin,DRUG000189,FULL
10001873,Erythromycin,Pharyngitis,,,,,12.0,120.0,,,,,,,,,1000.0,4000.0,,,PO,erythromycin,DRUG000189,FULL
10001874,Erythromycin,Pharyngitis,,,1.0,,,11.0,,,15.0,20.0,,,,,,,,,IV,erythromycin,DRUG000189,FULL
10001875,Erythromycin,Pharyngitis,,,1.0,,,11.0,,,30.0,50.0,,,4000.0,,,,,,PO,erythromycin,DRUG000189,FULL
10001876,Erythromycin,Pneumonia,,,,,12.0,120.0,,,15.0,20.0,,,4000.0,,,,,,IV,erythromycin,DRUG000189,FULL
10001877,Erythromycin,Pneumonia,,,,,12.0,120.0,,,,,,,,,1000.0,4000.0,,,PO,erythromycin,DRUG000189,FULL
10001878,Erythromycin,Pneumonia,,,1.0,,,11.0,,,15.0,20.0,,,,,,,,,IV,erythromycin,DRUG000189,FULL
10001879,Erythromycin,Pneumonia,,,1.0,,,11.0,,,30.0,50.0,,,4000.0,,,,,,PO,erythromycin,DRUG000189,FULL
10001880,Erythromycin,Rheumatic Fever Prophylaxis,,,,,12.0,120.0,,,,,,,,,500.0,750.0,,,PO,erythromycin,DRUG000189,FULL
10001881,Erythromycin,Rheumatic Fever Prophylaxis,,,1.0,,,11.0,,,,,,,,,500.0,750.0,,,PO,erythromycin,DRUG000189,FULL
10001882,Erythromycin,Skin and Structure Infection,,,,,12.0,120.0,,,,,,,,,500.0,750.0,,,PO,erythromycin,DRUG000189,FULL
10001883,Erythromycin,Skin and Structure Infection,,,1.0,,,11.0,,,40.0,60.0,,,,,,,,,PO,erythromycin,DRUG000189,FULL
10001884,Erythromycin,Skin or Soft Tissue Infection,,,,,12.0,120.0,,,15.0,20.0,,,4000.0,,,,,,IV,erythromycin,DRUG000189,FULL
10001885,Erythromycin,Skin or Soft Tissue Infection,,,,,12.0,120.0,,,,,,,,,1000.0,4000.0,,,PO,erythromycin,DRUG000189,FULL
10001886,Erythromycin,Skin or Soft Tissue Infection,,,1.0,,,11.0,,,15.0,20.0,,,,,,,,,IV,erythromycin,DRUG000189,FULL
10001887,Erythromycin,Skin or Soft Tissue Infection,,,1.0,,,11.0,,,30.0,50.0,,,4000.0,,,,,,PO,erythromycin,DRUG000189,FULL
10001888,Erythromycin,Surgical Prophylaxis,,,1.0,,,11.0,,,20.0,40.0,,,1000.0,,,,,,PO,erythromycin,DRUG000189,FULL
10001889,Erythromycin,Syphilis - Early,,,,,12.0,120.0,,,,,,,,,2000.0,4000.0,,,PO,erythromycin,DRUG000189,FULL
10001890,Erythromycin,Upper Respiratory Tract Infection,,,,,12.0,120.0,,,15.0,20.0,,,4000.0,,,,,,IV,erythromycin,DRUG000189,FULL
10001891,Erythromycin,Upper Respiratory Tract Infection,,,,,12.0,120.0,,,,,,,,,1000.0,4000.0,,,PO,erythromycin,DRUG000189,FULL
10001892,Erythromycin,Upper Respiratory Tract Infection,,,1.0,,,11.0,,,15.0,20.0,,,,,,,,,IV,erythromycin,DRUG000189,FULL
10001893,Erythromycin,Upper Respiratory Tract Infection,,,1.0,,,11.0,,,30.0,50.0,,,4000.0,,,,,,PO,erythromycin,DRUG000189,FULL
10001894,Ethambutol,Mycobacterium avium-intracellulare - Prophylaxis,,,,,13.0,120.0,,,15.0,25.0,,,,,,,,,PO,ethambutol,DRUG000319,FULL
10001895,Ethambutol,Mycobacterium avium-intracellulare - Treatment,,,,,13.0,120.0,,,15.0,25.0,,,,,,,,,PO,ethambutol,DRUG000319,FULL
10001896,Ethambutol,Mycobacterium kansasii,,,,,13.0,120.0,,,15.0,25.0,,,,,,,,,PO,ethambutol,DRUG000319,FULL
10001897,Ethambutol,Tuberculosis - Active,,,,,13.0,120.0,,,15.0,25.0,,,,,,,,,PO,ethambutol,DRUG000319,FULL
10001898,Ethambutol + Isoniazid + Pyrazinamide  + Rifampicin,Pulmonary and Extrapulmonary Tuberculosis ,,,,,18.0,120.0,69.6,,,,,,,,1375.0,1650.0,,,PO,ethambutol + isoniazid + pyrazinamide + rifampicin,DRUG000319|DRUG000328|DRUG000935|DRUG001027,FULL
10001899,Ethambutol + Isoniazid + Pyrazinamide  + Rifampicin,Pulmonary and Extrapulmonary Tuberculosis ,,,,,18.0,120.0,29.6,37.5,,,,,,,550.0,825.0,,,PO,ethambutol + isoniazid + pyrazinamide + rifampicin,DRUG000319|DRUG000328|DRUG000935|DRUG001027,FULL
10001900,Ethambutol + Isoniazid + Pyrazinamide  + Rifampicin,Pulmonary and Extrapulmonary Tuberculosis ,,,,,18.0,120.0,37.6,54.5,,,,,,,825.0,1110.0,,,PO,ethambutol + isoniazid + pyrazinamide + rifampicin,DRUG000319|DRUG000328|DRUG000935|DRUG001027,FULL
10001901,Ethambutol + Isoniazid + Pyrazinamide  + Rifampicin,Pulmonary and Extrapulmonary Tuberculosis ,,,,,18.0,120.0,54.6,69.5,,,,,,,1100.0,1375.0,,,PO,ethambutol + isoniazid + pyrazinamide + rifampicin,DRUG000319|DRUG000328|DRUG000935|DRUG001027,FULL
10001902,Flucloxacillin,Acne,,,,,2.0,11.0,,,,,,,,,500.0,1000.0,,,IM,flucloxacillin,DRUG000291,FULL
10001903,Flucloxacillin,Acne,,,,,2.0,11.0,,,,,,,,,500.0,2000.0,,,IV,flucloxacillin,DRUG000291,FULL
10001904,Flucloxacillin,Acne,,,,,2.0,11.0,,,,,,,,,500.0,1000.0,,,PO,flucloxacillin,DRUG000291,FULL
10001905,Flucloxacillin,Acne,,,,,12.0,120.0,,,,,,,,,1000.0,2000.0,,,IM,flucloxacillin,DRUG000291,FULL
10001906,Flucloxacillin,Acne,,,,,12.0,120.0,,,,,,,,,1000.0,4000.0,,,IV,flucloxacillin,DRUG000291,FULL
10001907,Flucloxacillin,Acne,,,,,12.0,120.0,,,,,,,,,1000.0,2000.0,,,PO,flucloxacillin,DRUG000291,FULL
10001908,Flucloxacillin,Acne,29.0,,,,,2.0,,,,,,,,,250.0,500.0,,,IM,flucloxacillin,DRUG000291,FULL
10001909,Flucloxacillin,Acne,29.0,,,,,2.0,,,,,,,,,250.0,1000.0,,,IV,flucloxacillin,DRUG000291,FULL
10001910,Flucloxacillin,Acne,29.0,,,,,2.0,,,,,,,,,250.0,500.0,,,PO,flucloxacillin,DRUG000291,FULL
10001911,Flucloxacillin,Eczema,,,,,2.0,11.0,,,,,,,,,500.0,1000.0,,,IM,flucloxacillin,DRUG000291,FULL
10001912,Flucloxacillin,Eczema,,,,,2.0,11.0,,,,,,,,,500.0,2000.0,,,IV,flucloxacillin,DRUG000291,FULL
10001913,Flucloxacillin,Eczema,,,,,2.0,11.0,,,,,,,,,500.0,1000.0,,,PO,flucloxacillin,DRUG000291,FULL
10001914,Flucloxacillin,Eczema,,,,,12.0,120.0,,,,,,,,,1000.0,2000.0,,,IM,flucloxacillin,DRUG000291,FULL
10001915,Flucloxacillin,Eczema,,,,,12.0,120.0,,,,,,,,,1000.0,4000.0,,,IV,flucloxacillin,DRUG000291,FULL
10001916,Flucloxacillin,Eczema,,,,,12.0,120.0,,,,,,,,,1000.0,2000.0,,,PO,flucloxacillin,DRUG000291,FULL
10001917,Flucloxacillin,Eczema,29.0,,,,,2.0,,,,,,,,,250.0,500.0,,,IM,flucloxacillin,DRUG000291,FULL
10001918,Flucloxacillin,Eczema,29.0,,,,,2.0,,,,,,,,,250.0,1000.0,,,IV,flucloxacillin,DRUG000291,FULL
10001919,Flucloxacillin,Eczema,29.0,,,,,2.0,,,,,,,,,250.0,500.0,,,PO,flucloxacillin,DRUG000291,FULL
10001920,Flucloxacillin,Empyema,,,,,2.0,11.0,,,,,,,,,500.0,1000.0,,,IM,flucloxacillin,DRUG000291,FULL
10001921,Flucloxacillin,Empyema,,,,,2.0,11.0,,,,,,,,,500.0,2000.0,,,IV,flucloxacillin,DRUG000291,FULL
10001922,Flucloxacillin,Empyema,,,,,2.0,11.0,,,,,,,,,500.0,1000.0,,,PO,flucloxacillin,DRUG000291,FULL
10001923,Flucloxacillin,Empyema,,,,,12.0,120.0,,,,,,,,,1000.0,2000.0,,,IM,flucloxacillin,DRUG000291,FULL
10001924,Flucloxacillin,Empyema,,,,,12.0,120.0,,,,,,,,,1000.0,4000.0,,,IV,flucloxacillin,DRUG000291,FULL
10001925,Flucloxacillin,Empyema,,,,,12.0,120.0,,,,,,,,,1000.0,2000.0,,,PO,flucloxacillin,DRUG000291,FULL
10001926,Flucloxacillin,Empyema,29.0,,,,,2.0,,,,,,,,,250.0,500.0,,,IM,flucloxacillin,DRUG000291,FULL
10001927,Flucloxacillin,Empyema,29.0,,,,,2.0,,,,,,,,,250.0,1000.0,,,IV,flucloxacillin,DRUG000291,FULL
10001928,Flucloxacillin,Empyema,29.0,,,,,2.0,,,,,,,,,250.0,500.0,,,PO,flucloxacillin,DRUG000291,FULL
10001929,Flucloxacillin,Endocarditis,,,,,2.0,11.0,,,,,,,,,500.0,4000.0,,,IM,flucloxacillin,DRUG000291,FULL
10001930,Flucloxacillin,Endocarditis,,,,,2.0,11.0,,,,,,,,,500.0,4000.0,,,IV,flucloxacillin,DRUG000291,FULL
10001931,Flucloxacillin,Endocarditis,,,,,2.0,11.0,,,,,,,,,500.0,1000.0,,,PO,flucloxacillin,DRUG000291,FULL
10001932,Flucloxacillin,Endocarditis,,,,,12.0,120.0,,,,,,,,,1000.0,8000.0,,,IM,flucloxacillin,DRUG000291,FULL
10001933,Flucloxacillin,Endocarditis,,,,,12.0,120.0,,,,,,,,,1000.0,8000.0,,,IV,flucloxacillin,DRUG000291,FULL
10001934,Flucloxacillin,Endocarditis,,,,,12.0,120.0,,,,,,,,,1000.0,8000.0,,,PO,flucloxacillin,DRUG000291,FULL
10001935,Flucloxacillin,Endocarditis,29.0,,,,,2.0,,,,,,,,,250.0,2000.0,,,IM,flucloxacillin,DRUG000291,FULL
10001936,Flucloxacillin,Endocarditis,29.0,,,,,2.0,,,,,,,,,250.0,2000.0,,,IV,flucloxacillin,DRUG000291,FULL
10001937,Flucloxacillin,Endocarditis,29.0,,,,,2.0,,,,,,,,,250.0,500.0,,,PO,flucloxacillin,DRUG000291,FULL
10001938,Flucloxacillin,Enteritis,,,,,2.0,11.0,,,,,,,,,500.0,1000.0,,,IM,flucloxacillin,DRUG000291,FULL
10001939,Flucloxacillin,Enteritis,,,,,2.0,11.0,,,,,,,,,500.0,2000.0,,,IV,flucloxacillin,DRUG000291,FULL
10001940,Flucloxacillin,Enteritis,,,,,2.0,11.0,,,,,,,,,500.0,1000.0,,,PO,flucloxacillin,DRUG000291,FULL
10001941,Flucloxacillin,Enteritis,,,,,12.0,120.0,,,,,,,,,1000.0,2000.0,,,IM,flucloxacillin,DRUG000291,FULL
10001942,Flucloxacillin,Enteritis,,,,,12.0,120.0,,,,,,,,,1000.0,4000.0,,,IV,flucloxacillin,DRUG000291,FULL
10001943,Flucloxacillin,Enteritis,,,,,12.0,120.0,,,,,,,,,1000.0,2000.0,,,PO,flucloxacillin,DRUG000291,FULL
10001944,Flucloxacillin,Enteritis,29.0,,,,,2.0,,,,,,,,,250.0,500.0,,,IM,flucloxacillin,DRUG000291,FULL
10001945,Flucloxacillin,Enteritis,29.0,,,,,2.0,,,,,,,,,250.0,1000.0,,,IV,flucloxacillin,DRUG000291,FULL
10001946,Flucloxacillin,Enteritis,29.0,,,,,2.0,,,,,,,,,250.0,500.0,,,PO,flucloxacillin,DRUG000291,FULL
10001947,Flucloxacillin,Externa,,,,,2.0,11.0,,,,,,,,,500.0,1000.0,,,IM,flucloxacillin,DRUG000291,FULL
10001948,Flucloxacillin,Externa,,,,,2.0,11.0,,,,,,,,,500.0,2000.0,,,IV,flucloxacillin,DRUG000291,FULL
10001949,Flucloxacillin,Externa,,,,,2.0,11.0,,,,,,,,,500.0,1000.0,,,PO,flucloxacillin,DRUG000291,FULL
10001950,Flucloxacillin,Externa,,,,,12.0,120.0,,,,,,,,,1000.0,2000.0,,,IM,flucloxacillin,DRUG000291,FULL
10001951,Flucloxacillin,Externa,,,,,12.0,120.0,,,,,,,,,1000.0,4000.0,,,IV,flucloxacillin,DRUG000291,FULL
10001952,Flucloxacillin,Externa,,,,,12.0,120.0,,,,,,,,,1000.0,2000.0,,,PO,flucloxacillin,DRUG000291,FULL
10001953,Flucloxacillin,Externa,29.0,,,,,2.0,,,,,,,,,250.0,500.0,,,IM,flucloxacillin,DRUG000291,FULL
10001954,Flucloxacillin,Externa,29.0,,,,,2.0,,,,,,,,,250.0,1000.0,,,IV,flucloxacillin,DRUG000291,FULL
10001955,Flucloxacillin,Externa,29.0,,,,,2.0,,,,,,,,,250.0,500.0,,,PO,flucloxacillin,DRUG000291,FULL
10001956,Flucloxacillin,Furunculosis,,,,,2.0,11.0,,,,,,,,,500.0,1000.0,,,IM,flucloxacillin,DRUG000291,FULL
10001957,Flucloxacillin,Furunculosis,,,,,2.0,11.0,,,,,,,,,500.0,2000.0,,,IV,flucloxacillin,DRUG000291,FULL
10001958,Flucloxacillin,Furunculosis,,,,,2.0,11.0,,,,,,,,,500.0,1000.0,,,PO,flucloxacillin,DRUG000291,FULL
10001959,Flucloxacillin,Furunculosis,,,,,12.0,120.0,,,,,,,,,1000.0,2000.0,,,IM,flucloxacillin,DRUG000291,FULL
10001960,Flucloxacillin,Furunculosis,,,,,12.0,120.0,,,,,,,,,1000.0,4000.0,,,IV,flucloxacillin,DRUG000291,FULL
10001961,Flucloxacillin,Furunculosis,,,,,12.0,120.0,,,,,,,,,1000.0,2000.0,,,PO,flucloxacillin,DRUG000291,FULL
10001962,Flucloxacillin,Furunculosis,29.0,,,,,2.0,,,,,,,,,250.0,500.0,,,IM,flucloxacillin,DRUG000291,FULL
10001963,Flucloxacillin,Furunculosis,29.0,,,,,2.0,,,,,,,,,250.0,1000.0,,,IV,flucloxacillin,DRUG000291,FULL
10001964,Flucloxacillin,Furunculosis,29.0,,,,,2.0,,,,,,,,,250.0,500.0,,,PO,flucloxacillin,DRUG000291,FULL
10001965,Flucloxacillin,Impetigo,,,,,2.0,11.0,,,,,,,,,500.0,1000.0,,,IM,flucloxacillin,DRUG000291,FULL
10001966,Flucloxacillin,Impetigo,,,,,2.0,11.0,,,,,,,,,500.0,2000.0,,,IV,flucloxacillin,DRUG000291,FULL
10001967,Flucloxacillin,Impetigo,,,,,2.0,11.0,,,,,,,,,500.0,1000.0,,,PO,flucloxacillin,DRUG000291,FULL
10001968,Flucloxacillin,Impetigo,,,,,12.0,120.0,,,,,,,,,1000.0,2000.0,,,IM,flucloxacillin,DRUG000291,FULL
10001969,Flucloxacillin,Impetigo,,,,,12.0,120.0,,,,,,,,,1000.0,4000.0,,,IV,flucloxacillin,DRUG000291,FULL
10001970,Flucloxacillin,Impetigo,,,,,12.0,120.0,,,,,,,,,1000.0,2000.0,,,PO,flucloxacillin,DRUG000291,FULL
10001971,Flucloxacillin,Impetigo,29.0,,,,,2.0,,,,,,,,,250.0,500.0,,,IM,flucloxacillin,DRUG000291,FULL
10001972,Flucloxacillin,Impetigo,29.0,,,,,2.0,,,,,,,,,250.0,1000.0,,,IV,flucloxacillin,DRUG000291,FULL
10001973,Flucloxacillin,Impetigo,29.0,,,,,2.0,,,,,,,,,250.0,500.0,,,PO,flucloxacillin,DRUG000291,FULL
10001974,Flucloxacillin,Infected Burns,,,,,2.0,11.0,,,,,,,,,500.0,1000.0,,,IM,flucloxacillin,DRUG000291,FULL
10001975,Flucloxacillin,Infected Burns,,,,,2.0,11.0,,,,,,,,,500.0,2000.0,,,IV,flucloxacillin,DRUG000291,FULL
10001976,Flucloxacillin,Infected Burns,,,,,2.0,11.0,,,,,,,,,500.0,1000.0,,,PO,flucloxacillin,DRUG000291,FULL
10001977,Flucloxacillin,Infected Burns,,,,,12.0,120.0,,,,,,,,,1000.0,2000.0,,,IM,flucloxacillin,DRUG000291,FULL
10001978,Flucloxacillin,Infected Burns,,,,,12.0,120.0,,,,,,,,,1000.0,4000.0,,,IV,flucloxacillin,DRUG000291,FULL
10001979,Flucloxacillin,Infected Burns,,,,,12.0,120.0,,,,,,,,,1000.0,2000.0,,,PO,flucloxacillin,DRUG000291,FULL
10001980,Flucloxacillin,Infected Burns,29.0,,,,,2.0,,,,,,,,,250.0,500.0,,,IM,flucloxacillin,DRUG000291,FULL
10001981,Flucloxacillin,Infected Burns,29.0,,,,,2.0,,,,,,,,,250.0,1000.0,,,IV,flucloxacillin,DRUG000291,FULL
10001982,Flucloxacillin,Infected Burns,29.0,,,,,2.0,,,,,,,,,250.0,500.0,,,PO,flucloxacillin,DRUG000291,FULL
10001983,Flucloxacillin,Infected Wounds,,,,,2.0,11.0,,,,,,,,,500.0,1000.0,,,IM,flucloxacillin,DRUG000291,FULL
10001984,Flucloxacillin,Infected Wounds,,,,,2.0,11.0,,,,,,,,,500.0,2000.0,,,IV,flucloxacillin,DRUG000291,FULL
10001985,Flucloxacillin,Infected Wounds,,,,,2.0,11.0,,,,,,,,,500.0,1000.0,,,PO,flucloxacillin,DRUG000291,FULL
10001986,Flucloxacillin,Infected Wounds,,,,,12.0,120.0,,,,,,,,,1000.0,2000.0,,,IM,flucloxacillin,DRUG000291,FULL
10001987,Flucloxacillin,Infected Wounds,,,,,12.0,120.0,,,,,,,,,1000.0,4000.0,,,IV,flucloxacillin,DRUG000291,FULL
10001988,Flucloxacillin,Infected Wounds,,,,,12.0,120.0,,,,,,,,,1000.0,2000.0,,,PO,flucloxacillin,DRUG000291,FULL
10001989,Flucloxacillin,Infected Wounds,29.0,,,,,2.0,,,,,,,,,250.0,500.0,,,IM,flucloxacillin,DRUG000291,FULL
10001990,Flucloxacillin,Infected Wounds,29.0,,,,,2.0,,,,,,,,,250.0,1000.0,,,IV,flucloxacillin,DRUG000291,FULL
10001991,Flucloxacillin,Infected Wounds,29.0,,,,,2.0,,,,,,,,,250.0,500.0,,,PO,flucloxacillin,DRUG000291,FULL
10001992,Flucloxacillin,Lung Abscess,,,,,2.0,11.0,,,,,,,,,500.0,1000.0,,,IM,flucloxacillin,DRUG000291,FULL
10001993,Flucloxacillin,Lung Abscess,,,,,2.0,11.0,,,,,,,,,500.0,2000.0,,,IV,flucloxacillin,DRUG000291,FULL
10001994,Flucloxacillin,Lung Abscess,,,,,2.0,11.0,,,,,,,,,500.0,1000.0,,,PO,flucloxacillin,DRUG000291,FULL
10001995,Flucloxacillin,Lung Abscess,,,,,12.0,120.0,,,,,,,,,1000.0,2000.0,,,IM,flucloxacillin,DRUG000291,FULL
10001996,Flucloxacillin,Lung Abscess,,,,,12.0,120.0,,,,,,,,,1000.0,4000.0,,,IV,flucloxacillin,DRUG000291,FULL
10001997,Flucloxacillin,Lung Abscess,,,,,12.0,120.0,,,,,,,,,1000.0,2000.0,,,PO,flucloxacillin,DRUG000291,FULL
10001998,Flucloxacillin,Lung Abscess,29.0,,,,,2.0,,,,,,,,,250.0,500.0,,,IM,flucloxacillin,DRUG000291,FULL
10001999,Flucloxacillin,Lung Abscess,29.0,,,,,2.0,,,,,,,,,250.0,1000.0,,,IV,flucloxacillin,DRUG000291,FULL
10002000,Flucloxacillin,Lung Abscess,29.0,,,,,2.0,,,,,,,,,250.0,500.0,,,PO,flucloxacillin,DRUG000291,FULL
10002001,Flucloxacillin,Meningitis,,,,,2.0,11.0,,,,,,,,,500.0,1000.0,,,IM,flucloxacillin,DRUG000291,FULL
10002002,Flucloxacillin,Meningitis,,,,,2.0,11.0,,,,,,,,,500.0,2000.0,,,IV,flucloxacillin,DRUG000291,FULL
10002003,Flucloxacillin,Meningitis,,,,,2.0,11.0,,,,,,,,,500.0,1000.0,,,PO,flucloxacillin,DRUG000291,FULL
10002004,Flucloxacillin,Meningitis,,,,,12.0,120.0,,,,,,,,,1000.0,2000.0,,,IM,flucloxacillin,DRUG000291,FULL
10002005,Flucloxacillin,Meningitis,,,,,12.0,120.0,,,,,,,,,1000.0,4000.0,,,IV,flucloxacillin,DRUG000291,FULL
10002006,Flucloxacillin,Meningitis,,,,,12.0,120.0,,,,,,,,,1000.0,2000.0,,,PO,flucloxacillin,DRUG000291,FULL
10002007,Flucloxacillin,Meningitis,29.0,,,,,2.0,,,,,,,,,250.0,500.0,,,IM,flucloxacillin,DRUG000291,FULL
10002008,Flucloxacillin,Meningitis,29.0,,,,,2.0,,,,,,,,,250.0,1000.0,,,IV,flucloxacillin,DRUG000291,FULL
10002009,Flucloxacillin,Meningitis,29.0,,,,,2.0,,,,,,,,,250.0,500.0,,,PO,flucloxacillin,DRUG000291,FULL
10002010,Flucloxacillin,Osteomyelitis,,,,,2.0,11.0,,,,,,,,,500.0,4000.0,,,IM,flucloxacillin,DRUG000291,FULL
10002011,Flucloxacillin,Osteomyelitis,,,,,2.0,11.0,,,,,,,,,500.0,4000.0,,,IV,flucloxacillin,DRUG000291,FULL
10002012,Flucloxacillin,Osteomyelitis,,,,,2.0,11.0,,,,,,,,,500.0,1000.0,,,PO,flucloxacillin,DRUG000291,FULL
10002013,Flucloxacillin,Osteomyelitis,,,,,12.0,120.0,,,,,,,,,1000.0,8000.0,,,IM,flucloxacillin,DRUG000291,FULL
10002014,Flucloxacillin,Osteomyelitis,,,,,12.0,120.0,,,,,,,,,1000.0,8000.0,,,IV,flucloxacillin,DRUG000291,FULL
10002015,Flucloxacillin,Osteomyelitis,,,,,12.0,120.0,,,,,,,,,1000.0,8000.0,,,PO,flucloxacillin,DRUG000291,FULL
10002016,Flucloxacillin,Osteomyelitis,29.0,,,,,2.0,,,,,,,,,250.0,2000.0,,,IM,flucloxacillin,DRUG000291,FULL
10002017,Flucloxacillin,Osteomyelitis,29.0,,,,,2.0,,,,,,,,,250.0,2000.0,,,IV,flucloxacillin,DRUG000291,FULL
10002018,Flucloxacillin,Osteomyelitis,29.0,,,,,2.0,,,,,,,,,250.0,500.0,,,PO,flucloxacillin,DRUG000291,FULL
10002019,Flucloxacillin,Otitis Media,,,,,2.0,11.0,,,,,,,,,500.0,1000.0,,,IM,flucloxacillin,DRUG000291,FULL
10002020,Flucloxacillin,Otitis Media,,,,,2.0,11.0,,,,,,,,,500.0,2000.0,,,IV,flucloxacillin,DRUG000291,FULL
10002021,Flucloxacillin,Otitis Media,,,,,2.0,11.0,,,,,,,,,500.0,1000.0,,,PO,flucloxacillin,DRUG000291,FULL
10002022,Flucloxacillin,Otitis Media,,,,,12.0,120.0,,,,,,,,,1000.0,2000.0,,,IM,flucloxacillin,DRUG000291,FULL
10002023,Flucloxacillin,Otitis Media,,,,,12.0,120.0,,,,,,,,,1000.0,4000.0,,,IV,flucloxacillin,DRUG000291,FULL
10002024,Flucloxacillin,Otitis Media,,,,,12.0,120.0,,,,,,,,,1000.0,2000.0,,,PO,flucloxacillin,DRUG000291,FULL
10002025,Flucloxacillin,Otitis Media,29.0,,,,,2.0,,,,,,,,,250.0,500.0,,,IM,flucloxacillin,DRUG000291,FULL
10002026,Flucloxacillin,Otitis Media,29.0,,,,,2.0,,,,,,,,,250.0,1000.0,,,IV,flucloxacillin,DRUG000291,FULL
10002027,Flucloxacillin,Otitis Media,29.0,,,,,2.0,,,,,,,,,250.0,500.0,,,PO,flucloxacillin,DRUG000291,FULL
10002028,Flucloxacillin,Pharyngitis,,,,,2.0,11.0,,,,,,,,,500.0,1000.0,,,IM,flucloxacillin,DRUG000291,FULL
10002029,Flucloxacillin,Pharyngitis,,,,,2.0,11.0,,,,,,,,,500.0,2000.0,,,IV,flucloxacillin,DRUG000291,FULL
10002030,Flucloxacillin,Pharyngitis,,,,,2.0,11.0,,,,,,,,,500.0,1000.0,,,PO,flucloxacillin,DRUG000291,FULL
10002031,Flucloxacillin,Pharyngitis,,,,,12.0,120.0,,,,,,,,,1000.0,2000.0,,,IM,flucloxacillin,DRUG000291,FULL
10002032,Flucloxacillin,Pharyngitis,,,,,12.0,120.0,,,,,,,,,1000.0,4000.0,,,IV,flucloxacillin,DRUG000291,FULL
10002033,Flucloxacillin,Pharyngitis,,,,,12.0,120.0,,,,,,,,,1000.0,2000.0,,,PO,flucloxacillin,DRUG000291,FULL
10002034,Flucloxacillin,Pharyngitis,29.0,,,,,2.0,,,,,,,,,250.0,500.0,,,IM,flucloxacillin,DRUG000291,FULL
10002035,Flucloxacillin,Pharyngitis,29.0,,,,,2.0,,,,,,,,,250.0,1000.0,,,IV,flucloxacillin,DRUG000291,FULL
10002036,Flucloxacillin,Pharyngitis,29.0,,,,,2.0,,,,,,,,,250.0,500.0,,,PO,flucloxacillin,DRUG000291,FULL
10002037,Flucloxacillin,Pneumonia,,,,,2.0,11.0,,,,,,,,,500.0,1000.0,,,IM,flucloxacillin,DRUG000291,FULL
10002038,Flucloxacillin,Pneumonia,,,,,2.0,11.0,,,,,,,,,500.0,2000.0,,,IV,flucloxacillin,DRUG000291,FULL
10002039,Flucloxacillin,Pneumonia,,,,,2.0,11.0,,,,,,,,,500.0,1000.0,,,PO,flucloxacillin,DRUG000291,FULL
10002040,Flucloxacillin,Pneumonia,,,,,12.0,120.0,,,,,,,,,1000.0,2000.0,,,IM,flucloxacillin,DRUG000291,FULL
10002041,Flucloxacillin,Pneumonia,,,,,12.0,120.0,,,,,,,,,1000.0,4000.0,,,IV,flucloxacillin,DRUG000291,FULL
10002042,Flucloxacillin,Pneumonia,,,,,12.0,120.0,,,,,,,,,1000.0,2000.0,,,PO,flucloxacillin,DRUG000291,FULL
10002043,Flucloxacillin,Pneumonia,29.0,,,,,2.0,,,,,,,,,250.0,500.0,,,IM,flucloxacillin,DRUG000291,FULL
10002044,Flucloxacillin,Pneumonia,29.0,,,,,2.0,,,,,,,,,250.0,1000.0,,,IV,flucloxacillin,DRUG000291,FULL
10002045,Flucloxacillin,Pneumonia,29.0,,,,,2.0,,,,,,,,,250.0,500.0,,,PO,flucloxacillin,DRUG000291,FULL
10002046,Flucloxacillin,Quinsy,,,,,2.0,11.0,,,,,,,,,500.0,1000.0,,,IM,flucloxacillin,DRUG000291,FULL
10002047,Flucloxacillin,Quinsy,,,,,2.0,11.0,,,,,,,,,500.0,2000.0,,,IV,flucloxacillin,DRUG000291,FULL
10002048,Flucloxacillin,Quinsy,,,,,2.0,11.0,,,,,,,,,500.0,1000.0,,,PO,flucloxacillin,DRUG000291,FULL
10002049,Flucloxacillin,Quinsy,,,,,12.0,120.0,,,,,,,,,1000.0,2000.0,,,IM,flucloxacillin,DRUG000291,FULL
10002050,Flucloxacillin,Quinsy,,,,,12.0,120.0,,,,,,,,,1000.0,4000.0,,,IV,flucloxacillin,DRUG000291,FULL
10002051,Flucloxacillin,Quinsy,,,,,12.0,120.0,,,,,,,,,1000.0,2000.0,,,PO,flucloxacillin,DRUG000291,FULL
10002052,Flucloxacillin,Quinsy,29.0,,,,,2.0,,,,,,,,,250.0,500.0,,,IM,flucloxacillin,DRUG000291,FULL
10002053,Flucloxacillin,Quinsy,29.0,,,,,2.0,,,,,,,,,250.0,1000.0,,,IV,flucloxacillin,DRUG000291,FULL
10002054,Flucloxacillin,Quinsy,29.0,,,,,2.0,,,,,,,,,250.0,500.0,,,PO,flucloxacillin,DRUG000291,FULL
10002055,Flucloxacillin,Septicemia,,,,,2.0,11.0,,,,,,,,,500.0,1000.0,,,IM,flucloxacillin,DRUG000291,FULL
10002056,Flucloxacillin,Septicemia,,,,,2.0,11.0,,,,,,,,,500.0,2000.0,,,IV,flucloxacillin,DRUG000291,FULL
10002057,Flucloxacillin,Septicemia,,,,,2.0,11.0,,,,,,,,,500.0,1000.0,,,PO,flucloxacillin,DRUG000291,FULL
10002058,Flucloxacillin,Septicemia,,,,,12.0,120.0,,,,,,,,,1000.0,2000.0,,,IM,flucloxacillin,DRUG000291,FULL
10002059,Flucloxacillin,Septicemia,,,,,12.0,120.0,,,,,,,,,1000.0,4000.0,,,IV,flucloxacillin,DRUG000291,FULL
10002060,Flucloxacillin,Septicemia,,,,,12.0,120.0,,,,,,,,,1000.0,2000.0,,,PO,flucloxacillin,DRUG000291,FULL
10002061,Flucloxacillin,Septicemia,29.0,,,,,2.0,,,,,,,,,250.0,500.0,,,IM,flucloxacillin,DRUG000291,FULL
10002062,Flucloxacillin,Septicemia,29.0,,,,,2.0,,,,,,,,,250.0,1000.0,,,IV,flucloxacillin,DRUG000291,FULL
10002063,Flucloxacillin,Septicemia,29.0,,,,,2.0,,,,,,,,,250.0,500.0,,,PO,flucloxacillin,DRUG000291,FULL
10002064,Flucloxacillin,Sinusitis,,,,,2.0,11.0,,,,,,,,,500.0,1000.0,,,IM,flucloxacillin,DRUG000291,FULL
10002065,Flucloxacillin,Sinusitis,,,,,2.0,11.0,,,,,,,,,500.0,2000.0,,,IV,flucloxacillin,DRUG000291,FULL
10002066,Flucloxacillin,Sinusitis,,,,,2.0,11.0,,,,,,,,,500.0,1000.0,,,PO,flucloxacillin,DRUG000291,FULL
10002067,Flucloxacillin,Sinusitis,,,,,12.0,120.0,,,,,,,,,1000.0,2000.0,,,IM,flucloxacillin,DRUG000291,FULL
10002068,Flucloxacillin,Sinusitis,,,,,12.0,120.0,,,,,,,,,1000.0,4000.0,,,IV,flucloxacillin,DRUG000291,FULL
10002069,Flucloxacillin,Sinusitis,,,,,12.0,120.0,,,,,,,,,1000.0,2000.0,,,PO,flucloxacillin,DRUG000291,FULL
10002070,Flucloxacillin,Sinusitis,29.0,,,,,2.0,,,,,,,,,250.0,500.0,,,IM,flucloxacillin,DRUG000291,FULL
10002071,Flucloxacillin,Sinusitis,29.0,,,,,2.0,,,,,,,,,250.0,1000.0,,,IV,flucloxacillin,DRUG000291,FULL
10002072,Flucloxacillin,Sinusitis,29.0,,,,,2.0,,,,,,,,,250.0,500.0,,,PO,flucloxacillin,DRUG000291,FULL
10002073,Flucloxacillin,Tonsillitis/Pharyngitis,,,,,2.0,11.0,,,,,,,,,500.0,1000.0,,,IM,flucloxacillin,DRUG000291,FULL
10002074,Flucloxacillin,Tonsillitis/Pharyngitis,,,,,2.0,11.0,,,,,,,,,500.0,2000.0,,,IV,flucloxacillin,DRUG000291,FULL
10002075,Flucloxacillin,Tonsillitis/Pharyngitis,,,,,2.0,11.0,,,,,,,,,500.0,1000.0,,,PO,flucloxacillin,DRUG000291,FULL
10002076,Flucloxacillin,Tonsillitis/Pharyngitis,,,,,12.0,120.0,,,,,,,,,1000.0,2000.0,,,IM,flucloxacillin,DRUG000291,FULL
10002077,Flucloxacillin,Tonsillitis/Pharyngitis,,,,,12.0,120.0,,,,,,,,,1000.0,4000.0,,,IV,flucloxacillin,DRUG000291,FULL
10002078,Flucloxacillin,Tonsillitis/Pharyngitis,,,,,12.0,120.0,,,,,,,,,1000.0,2000.0,,,PO,flucloxacillin,DRUG000291,FULL
10002079,Flucloxacillin,Tonsillitis/Pharyngitis,29.0,,,,,2.0,,,,,,,,,250.0,500.0,,,IM,flucloxacillin,DRUG000291,FULL
10002080,Flucloxacillin,Tonsillitis/Pharyngitis,29.0,,,,,2.0,,,,,,,,,250.0,1000.0,,,IV,flucloxacillin,DRUG000291,FULL
10002081,Flucloxacillin,Tonsillitis/Pharyngitis,29.0,,,,,2.0,,,,,,,,,250.0,500.0,,,PO,flucloxacillin,DRUG000291,FULL
10002082,Flucloxacillin,Ulcer,,,,,2.0,11.0,,,,,,,,,500.0,1000.0,,,IM,flucloxacillin,DRUG000291,FULL
10002083,Flucloxacillin,Ulcer,,,,,2.0,11.0,,,,,,,,,500.0,2000.0,,,IV,flucloxacillin,DRUG000291,FULL
10002084,Flucloxacillin,Ulcer,,,,,2.0,11.0,,,,,,,,,500.0,1000.0,,,PO,flucloxacillin,DRUG000291,FULL
10002085,Flucloxacillin,Ulcer,,,,,12.0,120.0,,,,,,,,,1000.0,2000.0,,,IM,flucloxacillin,DRUG000291,FULL
10002086,Flucloxacillin,Ulcer,,,,,12.0,120.0,,,,,,,,,1000.0,4000.0,,,IV,flucloxacillin,DRUG000291,FULL
10002087,Flucloxacillin,Ulcer,,,,,12.0,120.0,,,,,,,,,1000.0,2000.0,,,PO,flucloxacillin,DRUG000291,FULL
10002088,Flucloxacillin,Ulcer,29.0,,,,,2.0,,,,,,,,,250.0,500.0,,,IM,flucloxacillin,DRUG000291,FULL
10002089,Flucloxacillin,Ulcer,29.0,,,,,2.0,,,,,,,,,250.0,1000.0,,,IV,flucloxacillin,DRUG000291,FULL
10002090,Flucloxacillin,Ulcer,29.0,,,,,2.0,,,,,,,,,250.0,500.0,,,PO,flucloxacillin,DRUG000291,FULL
10002091,Flucloxacillin,Urinary Tract Infection,,,,,2.0,11.0,,,,,,,,,500.0,1000.0,,,IM,flucloxacillin,DRUG000291,FULL
10002092,Flucloxacillin,Urinary Tract Infection,,,,,2.0,11.0,,,,,,,,,500.0,2000.0,,,IV,flucloxacillin,DRUG000291,FULL
10002093,Flucloxacillin,Urinary Tract Infection,,,,,2.0,11.0,,,,,,,,,500.0,1000.0,,,PO,flucloxacillin,DRUG000291,FULL
10002094,Flucloxacillin,Urinary Tract Infection,,,,,12.0,120.0,,,,,,,,,1000.0,2000.0,,,IM,flucloxacillin,DRUG000291,FULL
10002095,Flucloxacillin,Urinary Tract Infection,,,,,12.0,120.0,,,,,,,,,1000.0,4000.0,,,IV,flucloxacillin,DRUG000291,FULL
10002096,Flucloxacillin,Urinary Tract Infection,,,,,12.0,120.0,,,,,,,,,1000.0,2000.0,,,PO,flucloxacillin,DRUG000291,FULL
10002097,Flucloxacillin,Urinary Tract Infection,29.0,,,,,2.0,,,,,,,,,250.0,500.0,,,IM,flucloxacillin,DRUG000291,FULL
10002098,Flucloxacillin,Urinary Tract Infection,29.0,,,,,2.0,,,,,,,,,250.0,1000.0,,,IV,flucloxacillin,DRUG000291,FULL
10002099,Flucloxacillin,Urinary Tract Infection,29.0,,,,,2.0,,,,,,,,,250.0,500.0,,,PO,flucloxacillin,DRUG000291,FULL
10002100,Fosfomycin,Bacterial Meningitis,,,,,1.0,11.0,,,200.0,400.0,,,,,,,,,IV,fosfomycin,DRUG000812,FULL
10002101,Fosfomycin,Bacterial Meningitis,,,,,12.0,120.0,,,,,,,,,16000.0,24000.0,,,IV,fosfomycin,DRUG000812,FULL
10002102,Fosfomycin,Bacterial Meningitis,29.0,,,,,1.0,,,200.0,300.0,,,,,,,,,IV,fosfomycin,DRUG000812,FULL
10002103,Fosfomycin,Bacterial Meningitis,1.0,29.0,,,,,,,200.0,266.67,,,,,,,,,IV,fosfomycin,DRUG000812,FULL
10002104,Fosfomycin,Nosocomial Lower Respiratory Track Infection,,,,,1.0,11.0,,,200.0,400.0,,,,,,,,,IV,fosfomycin,DRUG000812,FULL
10002105,Fosfomycin,Nosocomial Lower Respiratory Track Infection,,,,,12.0,120.0,,,,,,,,,12000.0,24000.0,,,IV,fosfomycin,DRUG000812,FULL
10002106,Fosfomycin,Nosocomial Lower Respiratory Track Infection,29.0,,,,,1.0,,,200.0,300.0,,,,,,,,,IV,fosfomycin,DRUG000812,FULL
10002107,Fosfomycin,Nosocomial Lower Respiratory Track Infection,1.0,29.0,,,,,,,200.0,266.67,,,,,,,,,IV,fosfomycin,DRUG000812,FULL
10002108,Fosfomycin,Osteomyelitis,,,,,1.0,11.0,,,200.0,400.0,,,,,,,,,IV,fosfomycin,DRUG000812,FULL
10002109,Fosfomycin,Osteomyelitis,,,,,12.0,120.0,,,,,,,,,12000.0,24000.0,,,IV,fosfomycin,DRUG000812,FULL
10002110,Fosfomycin,Osteomyelitis,29.0,,,,,1.0,,,200.0,300.0,,,,,,,,,IV,fosfomycin,DRUG000812,FULL
10002111,Fosfomycin,Osteomyelitis,1.0,29.0,,,,,,,200.0,266.67,,,,,,,,,IV,fosfomycin,DRUG000812,FULL
10002112,Fosfomycin,Urinary Tract Infection,,,,,1.0,11.0,,,200.0,400.0,,,,,,,,,IV,fosfomycin,DRUG000812,FULL
10002113,Fosfomycin,Urinary Tract Infection,,,,,12.0,120.0,,,,,,,,,12000.0,16000.0,,,IV,fosfomycin,DRUG000812,FULL
10002114,Fosfomycin,Urinary Tract Infection,29.0,,,,,1.0,,,200.0,300.0,,,,,,,,,IV,fosfomycin,DRUG000812,FULL
10002115,Fosfomycin,Urinary Tract Infection,1.0,29.0,,,,,,,200.0,266.67,,,,,,,,,IV,fosfomycin,DRUG000812,FULL
10002116,Fusidic Acid,Osteomyelitis,,,,,1.0,11.0,,,20.0,26.67,,,,,,,,,PO,fusidic acid,DRUG002553,FULL
10002117,Fusidic Acid,Osteomyelitis,,,,,12.0,120.0,,,,,,,,,1500.0,2000.0,,,IM,fusidic acid,DRUG002553,FULL
10002118,Fusidic Acid,Osteomyelitis,,,,,12.0,120.0,,,,,,,,,1500.0,2000.0,,,IV,fusidic acid,DRUG002553,FULL
10002119,Fusidic Acid,Osteomyelitis,,,,,12.0,120.0,,,,,,,,,1500.0,2000.0,,,PO,fusidic acid,DRUG002553,FULL
10002120,Fusidic Acid,Skin or Soft Tissue Infection,,,,,1.0,11.0,,,20.0,26.67,,,,,,,,,IM,fusidic acid,DRUG002553,FULL
10002121,Fusidic Acid,Skin or Soft Tissue Infection,,,,,1.0,11.0,,,20.0,26.67,,,,,,,,,IV,fusidic acid,DRUG002553,FULL
10002122,Fusidic Acid,Skin or Soft Tissue Infection,,,,,12.0,120.0,,,,,,,,,1500.0,2000.0,,,IM,fusidic acid,DRUG002553,FULL
10002123,Fusidic Acid,Skin or Soft Tissue Infection,,,,,12.0,120.0,,,,,,,,,1500.0,2000.0,,,IV,fusidic acid,DRUG002553,FULL
10002124,Fusidic Acid,Skin or Soft Tissue Infection,,,,,12.0,120.0,,,,,,,,,1500.0,2000.0,,,PO,fusidic acid,DRUG002553,FULL
10002125,Gemifloxacin,Bronchitis,,,,,18.0,120.0,,,,,,,,,360.0,640.0,,,PO,gemifloxacin,DRUG001136,FULL
10002126,Gemifloxacin,Pneumonia,,,,,18.0,120.0,,,,,,,,,360.0,640.0,,,PO,gemifloxacin,DRUG001136,FULL
10002127,Gentamicin,Bacteremia,,,,,12.0,120.0,,,3.0,4.0,,,,,,,,,IM,gentamicin,DRUG000782,FULL
10002128,Gentamicin,Bacteremia,,,,,12.0,120.0,,,3.0,4.0,,,,,,,,,IV,gentamicin,DRUG000782,FULL
10002129,Gentamicin,Bacterial Infection,,,,,12.0,120.0,,,3.0,5.0,,,,,,,,,IM,gentamicin,DRUG000782,FULL
10002130,Gentamicin,Bacterial Infection,,,,,12.0,120.0,,,3.0,5.0,,,,,,,,,IV,gentamicin,DRUG000782,FULL
10002131,Gentamicin,Bacterial Infection,,,1.0,,,11.0,,,6.0,7.5,,,,,,,,,IM,gentamicin,DRUG000782,FULL
10002132,Gentamicin,Bacterial Infection,1.0,29.0,,,,,,,5.0,7.5,,,,,,,,,IM,gentamicin,DRUG000782,FULL
10002133,Gentamicin,Bacterial Infection,,,1.0,,,11.0,,,6.0,7.5,,,,,,,,,IV,gentamicin,DRUG000782,FULL
10002134,Gentamicin,Bacterial Infection,1.0,29.0,,,,,,,5.0,7.5,,,,,,,,,IV,gentamicin,DRUG000782,FULL
10002135,Gentamicin,Bartonellosis,,,,,12.0,120.0,,,3.0,5.0,,,,,,,,,IM,gentamicin,DRUG000782,FULL
10002136,Gentamicin,Bartonellosis,,,,,12.0,120.0,,,3.0,5.0,,,,,,,,,IV,gentamicin,DRUG000782,FULL
10002137,Gentamicin,Bartonellosis,,,1.0,,,11.0,,,3.0,4.0,,,,,,,,,IM,gentamicin,DRUG000782,FULL
10002138,Gentamicin,Bartonellosis,,,1.0,,,11.0,,,3.0,4.0,,,,,,,,,IV,gentamicin,DRUG000782,FULL
10002139,Gentamicin,Burns - External,,,,,12.0,120.0,,,3.0,5.0,,,,,,,,,IM,gentamicin,DRUG000782,FULL
10002140,Gentamicin,Burns - External,,,,,12.0,120.0,,,3.0,5.0,,,,,,,,,IV,gentamicin,DRUG000782,FULL
10002141,Gentamicin,Burns - External,,,1.0,,,11.0,,,6.0,7.5,,,,,,,,,IM,gentamicin,DRUG000782,FULL
10002142,Gentamicin,Burns - External,1.0,29.0,,,,,,,5.0,7.5,,,,,,,,,IM,gentamicin,DRUG000782,FULL
10002143,Gentamicin,Burns - External,,,1.0,,,11.0,,,6.0,7.5,,,,,,,,,IV,gentamicin,DRUG000782,FULL
10002144,Gentamicin,Burns - External,1.0,29.0,,,,,,,5.0,7.5,,,,,,,,,IV,gentamicin,DRUG000782,FULL
10002145,Gentamicin,CNS Infection,,,,,12.0,120.0,,,3.0,5.0,,,,,,,,,IM,gentamicin,DRUG000782,FULL
10002146,Gentamicin,CNS Infection,,,,,12.0,120.0,,,3.0,5.0,,,,,,,,,IV,gentamicin,DRUG000782,FULL
10002147,Gentamicin,CNS Infection,,,1.0,,,11.0,,,6.0,7.5,,,,,,,,,IM,gentamicin,DRUG000782,FULL
10002148,Gentamicin,CNS Infection,1.0,29.0,,,,,,,5.0,7.5,,,,,,,,,IM,gentamicin,DRUG000782,FULL
10002149,Gentamicin,CNS Infection,,,1.0,,,11.0,,,6.0,7.5,,,,,,,,,IV,gentamicin,DRUG000782,FULL
10002150,Gentamicin,CNS Infection,1.0,29.0,,,,,,,5.0,7.5,,,,,,,,,IV,gentamicin,DRUG000782,FULL
10002151,Gentamicin,Endocarditis,,,,,12.0,120.0,,,3.0,5.0,,,,,,,,,IM,gentamicin,DRUG000782,FULL
10002152,Gentamicin,Endocarditis,,,,,12.0,120.0,,,3.0,5.0,,,,,,,,,IV,gentamicin,DRUG000782,FULL
10002153,Gentamicin,Endocarditis,,,1.0,,,11.0,,,6.0,7.5,,,,,,,,,IM,gentamicin,DRUG000782,FULL
10002154,Gentamicin,Endocarditis,1.0,29.0,,,,,,,5.0,7.5,,,,,,,,,IM,gentamicin,DRUG000782,FULL
10002155,Gentamicin,Endocarditis,,,1.0,,,11.0,,,6.0,7.5,,,,,,,,,IV,gentamicin,DRUG000782,FULL
10002156,Gentamicin,Endocarditis,1.0,29.0,,,,,,,5.0,7.5,,,,,,,,,IV,gentamicin,DRUG000782,FULL
10002157,Gentamicin,Intraabdominal Infection,,,,,12.0,120.0,,,3.0,5.0,,,,,,,,,IM,gentamicin,DRUG000782,FULL
10002158,Gentamicin,Intraabdominal Infection,,,,,12.0,120.0,,,3.0,5.0,,,,,,,,,IV,gentamicin,DRUG000782,FULL
10002159,Gentamicin,Intraabdominal Infection,,,1.0,,,11.0,,,6.0,7.5,,,,,,,,,IM,gentamicin,DRUG000782,FULL
10002160,Gentamicin,Intraabdominal Infection,1.0,29.0,,,,,,,5.0,7.5,,,,,,,,,IM,gentamicin,DRUG000782,FULL
10002161,Gentamicin,Intraabdominal Infection,,,1.0,,,11.0,,,6.0,7.5,,,,,,,,,IV,gentamicin,DRUG000782,FULL
10002162,Gentamicin,Intraabdominal Infection,1.0,29.0,,,,,,,5.0,7.5,,,,,,,,,IV,gentamicin,DRUG000782,FULL
10002163,Gentamicin,Meningitis,,,,,12.0,120.0,,,3.0,5.0,,,,,,,,,IM,gentamicin,DRUG000782,FULL
10002164,Gentamicin,Meningitis,,,,,12.0,120.0,,,3.0,5.0,,,,,,,,,IV,gentamicin,DRUG000782,FULL
10002165,Gentamicin,Meningitis,,,1.0,,,11.0,,,6.0,7.5,,,,,,,,,IM,gentamicin,DRUG000782,FULL
10002166,Gentamicin,Meningitis,1.0,29.0,,,,,,,5.0,7.5,,,,,,,,,IM,gentamicin,DRUG000782,FULL
10002167,Gentamicin,Meningitis,,,1.0,,,11.0,,,6.0,7.5,,,,,,,,,IV,gentamicin,DRUG000782,FULL
10002168,Gentamicin,Meningitis,1.0,29.0,,,,,,,5.0,7.5,,,,,,,,,IV,gentamicin,DRUG000782,FULL
10002169,Gentamicin,Osteomyelitis,,,,,12.0,120.0,,,3.0,5.0,,,,,,,,,IM,gentamicin,DRUG000782,FULL
10002170,Gentamicin,Osteomyelitis,,,,,12.0,120.0,,,3.0,5.0,,,,,,,,,IV,gentamicin,DRUG000782,FULL
10002171,Gentamicin,Osteomyelitis,1.0,29.0,,,,,,,5.0,7.5,,,,,,,,,IM,gentamicin,DRUG000782,FULL
10002172,Gentamicin,Osteomyelitis,1.0,29.0,,,,,,,5.0,7.5,,,,,,,,,IV,gentamicin,DRUG000782,FULL
10002173,Gentamicin,Pelvic Inflammatory Disease,,,,,12.0,120.0,,,3.0,5.0,,,,,,,,,IM,gentamicin,DRUG000782,FULL
10002174,Gentamicin,Pelvic Inflammatory Disease,,,,,12.0,120.0,,,3.0,5.0,,,,,,,,,IV,gentamicin,DRUG000782,FULL
10002175,Gentamicin,Peritonitis,,,,,12.0,120.0,,,3.0,5.0,,,,,,,,,IM,gentamicin,DRUG000782,FULL
10002176,Gentamicin,Peritonitis,,,,,12.0,120.0,,,3.0,5.0,,,,,,,,,IV,gentamicin,DRUG000782,FULL
10002177,Gentamicin,Peritonitis,,,1.0,,,11.0,,,6.0,7.5,,,,,,,,,IM,gentamicin,DRUG000782,FULL
10002178,Gentamicin,Peritonitis,1.0,29.0,,,,,,,5.0,7.5,,,,,,,,,IM,gentamicin,DRUG000782,FULL
10002179,Gentamicin,Peritonitis,,,1.0,,,11.0,,,6.0,7.5,,,,,,,,,IV,gentamicin,DRUG000782,FULL
10002180,Gentamicin,Peritonitis,1.0,29.0,,,,,,,5.0,7.5,,,,,,,,,IV,gentamicin,DRUG000782,FULL
10002181,Gentamicin,Plague,,,,,12.0,120.0,,,4.5,6.0,,,,,,,,,IM,gentamicin,DRUG000782,FULL
10002182,Gentamicin,Plague,,,,,12.0,120.0,,,4.5,6.0,,,,,,,,,IV,gentamicin,DRUG000782,FULL
10002183,Gentamicin,Pneumonia,,,,,12.0,120.0,,,3.0,5.0,,,,,,,,,IM,gentamicin,DRUG000782,FULL
10002184,Gentamicin,Pneumonia,,,,,12.0,120.0,,,3.0,5.0,,,,,,,,,IV,gentamicin,DRUG000782,FULL
10002185,Gentamicin,Sepsis,,,,,12.0,120.0,,,3.0,7.0,,,,,,,,,IM,gentamicin,DRUG000782,FULL
10002186,Gentamicin,Sepsis,,,,,12.0,120.0,,,3.0,7.0,,,,,,,,,IV,gentamicin,DRUG000782,FULL
10002187,Gentamicin,Sepsis,,,1.0,,,11.0,,,6.0,7.5,,,,,,,,,IM,gentamicin,DRUG000782,FULL
10002188,Gentamicin,Sepsis,1.0,29.0,,,,,,,5.0,7.5,,,,,,,,,IM,gentamicin,DRUG000782,FULL
10002189,Gentamicin,Sepsis,,,1.0,,,11.0,,,6.0,7.5,,,,,,,,,IV,gentamicin,DRUG000782,FULL
10002190,Gentamicin,Sepsis,1.0,29.0,,,,,,,5.0,7.5,,,,,,,,,IV,gentamicin,DRUG000782,FULL
10002191,Gentamicin,Skin or Soft Tissue Infection,,,,,12.0,120.0,,,3.0,5.0,,,,,,,,,IM,gentamicin,DRUG000782,FULL
10002192,Gentamicin,Skin or Soft Tissue Infection,,,,,12.0,120.0,,,3.0,5.0,,,,,,,,,IV,gentamicin,DRUG000782,FULL
10002193,Gentamicin,Skin or Soft Tissue Infection,,,1.0,,,11.0,,,6.0,7.5,,,,,,,,,IM,gentamicin,DRUG000782,FULL
10002194,Gentamicin,Skin or Soft Tissue Infection,1.0,29.0,,,,,,,5.0,7.5,,,,,,,,,IM,gentamicin,DRUG000782,FULL
10002195,Gentamicin,Skin or Soft Tissue Infection,,,1.0,,,11.0,,,6.0,7.5,,,,,,,,,IV,gentamicin,DRUG000782,FULL
10002196,Gentamicin,Skin or Soft Tissue Infection,1.0,29.0,,,,,,,5.0,7.5,,,,,,,,,IV,gentamicin,DRUG000782,FULL
10002197,Gentamicin,Surgical Prophylaxis,,,,,12.0,120.0,,,5.0,10.0,,,,,,,,,IM,gentamicin,DRUG000782,FULL
10002198,Gentamicin,Surgical Prophylaxis,,,,,12.0,120.0,,,5.0,10.0,,,,,,,,,IV,gentamicin,DRUG000782,FULL
10002199,Gentamicin,Surgical Prophylaxis,,,1.0,,,11.0,,,2.5,5.0,,,,,,,,,IM,gentamicin,DRUG000782,FULL
10002200,Gentamicin,Surgical Prophylaxis,1.0,29.0,,,,,,,2.5,5.0,,,,,,,,,IM,gentamicin,DRUG000782,FULL
10002201,Gentamicin,Surgical Prophylaxis,,,1.0,,,11.0,,,2.5,5.0,,,,,,,,,IV,gentamicin,DRUG000782,FULL
10002202,Gentamicin,Surgical Prophylaxis,1.0,29.0,,,,,,,2.5,5.0,,,,,,,,,IV,gentamicin,DRUG000782,FULL
10002203,Gentamicin,Tularemia,,,,,12.0,120.0,,,4.5,6.0,,,,,,,,,IM,gentamicin,DRUG000782,FULL
10002204,Gentamicin,Tularemia,,,,,12.0,120.0,,,4.5,6.0,,,,,,,,,IV,gentamicin,DRUG000782,FULL
10002205,Gentamicin,Tularemia,,,1.0,,,11.0,,,6.0,7.5,,,,,,,,,IM,gentamicin,DRUG000782,FULL
10002206,Gentamicin,Tularemia,,,1.0,,,11.0,,,6.0,7.5,,,,,,,,,IV,gentamicin,DRUG000782,FULL
10002207,Gentamicin,Upper Respiratory Tract Infection,,,,,12.0,120.0,,,3.0,5.0,,,,,,,,,IM,gentamicin,DRUG000782,FULL
10002208,Gentamicin,Upper Respiratory Tract Infection,,,,,12.0,120.0,,,3.0,5.0,,,,,,,,,IV,gentamicin,DRUG000782,FULL
10002209,Gentamicin,Upper Respiratory Tract Infection,,,1.0,,,11.0,,,6.0,7.5,,,,,,,,,IM,gentamicin,DRUG000782,FULL
10002210,Gentamicin,Upper Respiratory Tract Infection,1.0,29.0,,,,,,,5.0,7.5,,,,,,,,,IM,gentamicin,DRUG000782,FULL
10002211,Gentamicin,Upper Respiratory Tract Infection,,,1.0,,,11.0,,,6.0,7.5,,,,,,,,,IV,gentamicin,DRUG000782,FULL
10002212,Gentamicin,Upper Respiratory Tract Infection,1.0,29.0,,,,,,,5.0,7.5,,,,,,,,,IV,gentamicin,DRUG000782,FULL
10002213,Gentamicin,Urinary Tract Infection,,,,,12.0,120.0,,,3.0,5.0,,,,,,,,,IM,gentamicin,DRUG000782,FULL
10002214,Gentamicin,Urinary Tract Infection,,,,,12.0,120.0,,,3.0,5.0,,,,,,,,,IV,gentamicin,DRUG000782,FULL
10002215,Gentamicin,Urinary Tract Infection,,,1.0,,,11.0,,,6.0,7.5,,,,,,,,,IM,gentamicin,DRUG000782,FULL
10002216,Gentamicin,Urinary Tract Infection,1.0,29.0,,,,,,,5.0,7.5,,,,,,,,,IM,gentamicin,DRUG000782,FULL
10002217,Gentamicin,Urinary Tract Infection,,,1.0,,,11.0,,,6.0,7.5,,,,,,,,,IV,gentamicin,DRUG000782,FULL
10002218,Gentamicin,Urinary Tract Infection,1.0,29.0,,,,,,,5.0,7.5,,,,,,,,,IV,gentamicin,DRUG000782,FULL
10002219,Imipenem + Cilastatin,Bacteremia,,,,,12.0,120.0,,,,,,,,,2000.0,3000.0,,,IV,imipenem + cilastatin,DRUG001526|DRUG001527,FULL
10002220,Imipenem + Cilastatin,Bacteremia,,,1.0,3.0,,,,,100.0,125.0,,,4000.0,,,,,,IV,imipenem + cilastatin,DRUG001526|DRUG001527,FULL
10002221,Imipenem + Cilastatin,Bacteremia,,,3.0,,,11.0,,,60.0,100.0,,,4000.0,,,,,,IV,imipenem + cilastatin,DRUG001526|DRUG001527,FULL
10002222,Imipenem + Cilastatin,Bacteremia,1.0,29.0,,,,,,,50.0,75.0,,,4000.0,,,,,,IV,imipenem + cilastatin,DRUG001526|DRUG001527,FULL
10002223,Imipenem + Cilastatin,Bacterial Infection,,,,,12.0,120.0,,,,,,,,,2000.0,3000.0,,,IV,imipenem + cilastatin,DRUG001526|DRUG001527,FULL
10002224,Imipenem + Cilastatin,Bacterial Infection,,,1.0,3.0,,,,,100.0,125.0,,,4000.0,,,,,,IV,imipenem + cilastatin,DRUG001526|DRUG001527,FULL
10002225,Imipenem + Cilastatin,Bacterial Infection,,,3.0,,,11.0,,,60.0,100.0,,,4000.0,,,,,,IV,imipenem + cilastatin,DRUG001526|DRUG001527,FULL
10002226,Imipenem + Cilastatin,Bacterial Infection,1.0,29.0,,,,,,,50.0,75.0,,,4000.0,,,,,,IV,imipenem + cilastatin,DRUG001526|DRUG001527,FULL
10002227,Imipenem + Cilastatin,Bone and Joint Infection,,,,,12.0,120.0,,,,,,,,,2000.0,3000.0,,,IV,imipenem + cilastatin,DRUG001526|DRUG001527,FULL
10002228,Imipenem + Cilastatin,Bone and Joint Infection,,,1.0,3.0,,,,,100.0,125.0,,,4000.0,,,,,,IV,imipenem + cilastatin,DRUG001526|DRUG001527,FULL
10002229,Imipenem + Cilastatin,Bone and Joint Infection,,,3.0,,,11.0,,,60.0,100.0,,,4000.0,,,,,,IV,imipenem + cilastatin,DRUG001526|DRUG001527,FULL
10002230,Imipenem + Cilastatin,Bone and Joint Infection,1.0,29.0,,,,,,,50.0,75.0,,,4000.0,,,,,,IV,imipenem + cilastatin,DRUG001526|DRUG001527,FULL
10002231,Imipenem + Cilastatin,Bronchitis,,,,,12.0,120.0,,,,,,,,,2000.0,3000.0,,,IV,imipenem + cilastatin,DRUG001526|DRUG001527,FULL
10002232,Imipenem + Cilastatin,Bronchitis,,,1.0,3.0,,,,,100.0,125.0,,,4000.0,,,,,,IV,imipenem + cilastatin,DRUG001526|DRUG001527,FULL
10002233,Imipenem + Cilastatin,Bronchitis,,,3.0,,,11.0,,,60.0,100.0,,,4000.0,,,,,,IV,imipenem + cilastatin,DRUG001526|DRUG001527,FULL
10002234,Imipenem + Cilastatin,Bronchitis,1.0,29.0,,,,,,,50.0,75.0,,,4000.0,,,,,,IV,imipenem + cilastatin,DRUG001526|DRUG001527,FULL
10002235,Imipenem + Cilastatin,Endocarditis,,,,,12.0,120.0,,,,,,,,,2000.0,3000.0,,,IV,imipenem + cilastatin,DRUG001526|DRUG001527,FULL
10002236,Imipenem + Cilastatin,Endocarditis,,,1.0,3.0,,,,,100.0,125.0,,,4000.0,,,,,,IV,imipenem + cilastatin,DRUG001526|DRUG001527,FULL
10002237,Imipenem + Cilastatin,Endocarditis,,,3.0,,,11.0,,,60.0,100.0,,,4000.0,,,,,,IV,imipenem + cilastatin,DRUG001526|DRUG001527,FULL
10002238,Imipenem + Cilastatin,Endocarditis,1.0,29.0,,,,,,,50.0,75.0,,,4000.0,,,,,,IV,imipenem + cilastatin,DRUG001526|DRUG001527,FULL
10002239,Imipenem + Cilastatin,Endometritis,,,,,12.0,120.0,,,,,,,,,2000.0,3000.0,,,IV,imipenem + cilastatin,DRUG001526|DRUG001527,FULL
10002240,Imipenem + Cilastatin,Endometritis,,,1.0,3.0,,,,,100.0,125.0,,,4000.0,,,,,,IV,imipenem + cilastatin,DRUG001526|DRUG001527,FULL
10002241,Imipenem + Cilastatin,Endometritis,,,3.0,,,11.0,,,60.0,100.0,,,4000.0,,,,,,IV,imipenem + cilastatin,DRUG001526|DRUG001527,FULL
10002242,Imipenem + Cilastatin,Endometritis,1.0,29.0,,,,,,,50.0,75.0,,,4000.0,,,,,,IV,imipenem + cilastatin,DRUG001526|DRUG001527,FULL
10002243,Imipenem + Cilastatin,Intraabdominal Infection,,,,,12.0,120.0,,,,,,,,,2000.0,3000.0,,,IV,imipenem + cilastatin,DRUG001526|DRUG001527,FULL
10002244,Imipenem + Cilastatin,Intraabdominal Infection,,,1.0,3.0,,,,,100.0,125.0,,,4000.0,,,,,,IV,imipenem + cilastatin,DRUG001526|DRUG001527,FULL
10002245,Imipenem + Cilastatin,Intraabdominal Infection,,,3.0,,,11.0,,,60.0,100.0,,,4000.0,,,,,,IV,imipenem + cilastatin,DRUG001526|DRUG001527,FULL
10002246,Imipenem + Cilastatin,Intraabdominal Infection,1.0,29.0,,,,,,,50.0,75.0,,,4000.0,,,,,,IV,imipenem + cilastatin,DRUG001526|DRUG001527,FULL
10002247,Imipenem + Cilastatin,Nosocomial Pneumonia,,,,,12.0,120.0,,,,,,,,,2000.0,3000.0,,,IV,imipenem + cilastatin,DRUG001526|DRUG001527,FULL
10002248,Imipenem + Cilastatin,Osteomyelitis,,,,,12.0,120.0,,,,,,,,,2000.0,3000.0,,,IV,imipenem + cilastatin,DRUG001526|DRUG001527,FULL
10002249,Imipenem + Cilastatin,Osteomyelitis,,,1.0,3.0,,,,,100.0,125.0,,,4000.0,,,,,,IV,imipenem + cilastatin,DRUG001526|DRUG001527,FULL
10002250,Imipenem + Cilastatin,Osteomyelitis,,,3.0,,,11.0,,,60.0,100.0,,,4000.0,,,,,,IV,imipenem + cilastatin,DRUG001526|DRUG001527,FULL
10002251,Imipenem + Cilastatin,Osteomyelitis,1.0,29.0,,,,,,,50.0,75.0,,,4000.0,,,,,,IV,imipenem + cilastatin,DRUG001526|DRUG001527,FULL
10002252,Imipenem + Cilastatin,Pelvic Infections,,,,,12.0,120.0,,,,,,,,,2000.0,3000.0,,,IV,imipenem + cilastatin,DRUG001526|DRUG001527,FULL
10002253,Imipenem + Cilastatin,Pelvic Infections,,,1.0,3.0,,,,,100.0,125.0,,,4000.0,,,,,,IV,imipenem + cilastatin,DRUG001526|DRUG001527,FULL
10002254,Imipenem + Cilastatin,Pelvic Infections,,,3.0,,,11.0,,,60.0,100.0,,,4000.0,,,,,,IV,imipenem + cilastatin,DRUG001526|DRUG001527,FULL
10002255,Imipenem + Cilastatin,Pelvic Infections,1.0,29.0,,,,,,,50.0,75.0,,,4000.0,,,,,,IV,imipenem + cilastatin,DRUG001526|DRUG001527,FULL
10002256,Imipenem + Cilastatin,Peritonitis,,,,,12.0,120.0,,,,,,,,,2000.0,3000.0,,,IV,imipenem + cilastatin,DRUG001526|DRUG001527,FULL
10002257,Imipenem + Cilastatin,Peritonitis,,,1.0,3.0,,,,,100.0,125.0,,,4000.0,,,,,,IV,imipenem + cilastatin,DRUG001526|DRUG001527,FULL
10002258,Imipenem + Cilastatin,Peritonitis,,,3.0,,,11.0,,,60.0,100.0,,,4000.0,,,,,,IV,imipenem + cilastatin,DRUG001526|DRUG001527,FULL
10002259,Imipenem + Cilastatin,Peritonitis,1.0,29.0,,,,,,,50.0,75.0,,,4000.0,,,,,,IV,imipenem + cilastatin,DRUG001526|DRUG001527,FULL
10002260,Imipenem + Cilastatin,Pneumonia,,,,,12.0,120.0,,,,,,,,,2000.0,3000.0,,,IV,imipenem + cilastatin,DRUG001526|DRUG001527,FULL
10002261,Imipenem + Cilastatin,Pneumonia,,,1.0,3.0,,,,,100.0,125.0,,,4000.0,,,,,,IV,imipenem + cilastatin,DRUG001526|DRUG001527,FULL
10002262,Imipenem + Cilastatin,Pneumonia,,,3.0,,,11.0,,,60.0,100.0,,,4000.0,,,,,,IV,imipenem + cilastatin,DRUG001526|DRUG001527,FULL
10002263,Imipenem + Cilastatin,Pneumonia,1.0,29.0,,,,,,,50.0,75.0,,,4000.0,,,,,,IV,imipenem + cilastatin,DRUG001526|DRUG001527,FULL
10002264,Imipenem + Cilastatin,Pyelonephritis,,,,,12.0,120.0,,,,,,,,,2000.0,3000.0,,,IV,imipenem + cilastatin,DRUG001526|DRUG001527,FULL
10002265,Imipenem + Cilastatin,Pyelonephritis,,,1.0,3.0,,,,,100.0,125.0,,,4000.0,,,,,,IV,imipenem + cilastatin,DRUG001526|DRUG001527,FULL
10002266,Imipenem + Cilastatin,Pyelonephritis,,,3.0,,,11.0,,,60.0,100.0,,,4000.0,,,,,,IV,imipenem + cilastatin,DRUG001526|DRUG001527,FULL
10002267,Imipenem + Cilastatin,Pyelonephritis,1.0,29.0,,,,,,,50.0,75.0,,,4000.0,,,,,,IV,imipenem + cilastatin,DRUG001526|DRUG001527,FULL
10002268,Imipenem + Cilastatin,Septicemia,,,,,12.0,120.0,,,,,,,,,2000.0,3000.0,,,IV,imipenem + cilastatin,DRUG001526|DRUG001527,FULL
10002269,Imipenem + Cilastatin,Septicemia,,,1.0,3.0,,,,,100.0,125.0,,,4000.0,,,,,,IV,imipenem + cilastatin,DRUG001526|DRUG001527,FULL
10002270,Imipenem + Cilastatin,Septicemia,,,3.0,,,11.0,,,60.0,100.0,,,4000.0,,,,,,IV,imipenem + cilastatin,DRUG001526|DRUG001527,FULL
10002271,Imipenem + Cilastatin,Septicemia,1.0,29.0,,,,,,,50.0,75.0,,,4000.0,,,,,,IV,imipenem + cilastatin,DRUG001526|DRUG001527,FULL
10002272,Imipenem + Cilastatin,Skin and Structure Infection,,,,,12.0,120.0,,,,,,,,,2000.0,3000.0,,,IV,imipenem + cilastatin,DRUG001526|DRUG001527,FULL
10002273,Imipenem + Cilastatin,Skin and Structure Infection,,,1.0,3.0,,,,,100.0,125.0,,,4000.0,,,,,,IV,imipenem + cilastatin,DRUG001526|DRUG001527,FULL
10002274,Imipenem + Cilastatin,Skin and Structure Infection,,,3.0,,,11.0,,,60.0,100.0,,,4000.0,,,,,,IV,imipenem + cilastatin,DRUG001526|DRUG001527,FULL
10002275,Imipenem + Cilastatin,Skin and Structure Infection,1.0,29.0,,,,,,,50.0,75.0,,,4000.0,,,,,,IV,imipenem + cilastatin,DRUG001526|DRUG001527,FULL
10002276,Imipenem + Cilastatin,Skin or Soft Tissue Infection,,,,,12.0,120.0,,,,,,,,,2000.0,3000.0,,,IV,imipenem + cilastatin,DRUG001526|DRUG001527,FULL
10002277,Imipenem + Cilastatin,Urinary Tract Infection,,,,,12.0,120.0,,,,,,,,,2000.0,3000.0,,,IV,imipenem + cilastatin,DRUG001526|DRUG001527,FULL
10002278,Imipenem + Cilastatin,Urinary Tract Infection,,,1.0,3.0,,,,,100.0,125.0,,,4000.0,,,,,,IV,imipenem + cilastatin,DRUG001526|DRUG001527,FULL
10002279,Imipenem + Cilastatin,Urinary Tract Infection,,,3.0,,,11.0,,,60.0,100.0,,,4000.0,,,,,,IV,imipenem + cilastatin,DRUG001526|DRUG001527,FULL
10002280,Imipenem + Cilastatin,Urinary Tract Infection,1.0,29.0,,,,,,,50.0,75.0,,,4000.0,,,,,,IV,imipenem + cilastatin,DRUG001526|DRUG001527,FULL
10002281,Isoniazid  + Thiacetazone,Mycobacterium kansasii,,,,,12.0,120.0,,,,,,,,,600.0,900.0,,,IM,isoniazid + thiacetazone,DRUG000935,PARTIAL
10002282,Isoniazid  + Thiacetazone,Mycobacterium kansasii,,,,,12.0,120.0,,,,,,,,,600.0,900.0,,,PO,isoniazid + thiacetazone,DRUG000935,PARTIAL
10002283,Isoniazid  + Thiacetazone,Tuberculosis - Active,,,,,12.0,120.0,,,5.0,10.0,,,300.0,,,,,,IM,isoniazid + thiacetazone,DRUG000935,PARTIAL
10002284,Isoniazid  + Thiacetazone,Tuberculosis - Active,,,,,12.0,120.0,,,5.0,10.0,,,300.0,,,,,,PO,isoniazid + thiacetazone,DRUG000935,PARTIAL
10002285,Isoniazid  + Thiacetazone,Tuberculosis - Active,,,1.0,,,11.0,,,10.0,15.0,,,300.0,,,,,,IM,isoniazid + thiacetazone,DRUG000935,PARTIAL
10002286,Isoniazid  + Thiacetazone,Tuberculosis - Active,,,1.0,,,11.0,,,10.0,15.0,,,300.0,,,,,,PO,isoniazid + thiacetazone,DRUG000935,PARTIAL
10002287,Isoniazid  + Thiacetazone,Tuberculosis - Latent,,,,,12.0,120.0,,,10.0,20.0,,,300.0,,,,,,PO,isoniazid + thiacetazone,DRUG000935,PARTIAL
10002288,Isoniazid  + Thiacetazone,Tuberculosis - Latent,,,1.0,,,11.0,,,10.0,20.0,,,300.0,,,,,,IM,isoniazid + thiacetazone,DRUG000935,PARTIAL
10002289,Isoniazid  + Thiacetazone,Tuberculosis - Latent,,,1.0,,,11.0,,,10.0,20.0,,,300.0,,,,,,PO,isoniazid + thiacetazone,DRUG000935,PARTIAL
10002290,Isoniazid  + Thiacetazone,Tuberculosis - Prophylaxis,,,,,12.0,120.0,,,,,,,,,300.0,600.0,,,PO,isoniazid + thiacetazone,DRUG000935,PARTIAL
10002291,Isoniazid + Pyrazinamide + Rifampicin,Tuberculosis - Active,,,,,15.0,120.0,,44.5,,,,,,,200.0,400.0,,,PO,isoniazid + pyrazinamide + rifampicin,DRUG000328|DRUG000935|DRUG001027,FULL
10002292,Isoniazid + Pyrazinamide + Rifampicin,Tuberculosis - Active,,,,,15.0,120.0,54.6,,,,,,,,300.0,600.0,,,PO,isoniazid + pyrazinamide + rifampicin,DRUG000328|DRUG000935|DRUG001027,FULL
10002293,Isoniazid + Pyrazinamide + Rifampicin,Tuberculosis - Active,,,,,15.0,120.0,44.6,54.5,,,,,,,250.0,500.0,,,PO,isoniazid + pyrazinamide + rifampicin,DRUG000328|DRUG000935|DRUG001027,FULL
10002294,Isoniazid + Rifampicin,Tuberculosis - Active,,,,,15.0,120.0,,,,,,,,,300.0,600.0,,,PO,isoniazid + rifampicin,DRUG000935|DRUG001027,FULL
10002295,Levofloxacin,Anthrax Prophylaxis,,,,,12.0,120.0,,,,,,,,,500.0,1000.0,,,IV,levofloxacin,DRUG001118,FULL
10002296,Levofloxacin,Anthrax Prophylaxis,,,,,12.0,120.0,,,,,,,,,500.0,1000.0,,,PO,levofloxacin,DRUG001118,FULL
10002297,Levofloxacin,Anthrax Prophylaxis,,,6.0,,,11.0,,,16.0,24.0,,,,,,,,,IV,levofloxacin,DRUG001118,FULL
10002298,Levofloxacin,Anthrax Prophylaxis,,,6.0,,,11.0,,,16.0,24.0,,,,,,,,,PO,levofloxacin,DRUG001118,FULL
10002299,Levofloxacin,Bronchitis,,,,,12.0,120.0,,,,,,,,,500.0,1000.0,,,IV,levofloxacin,DRUG001118,FULL
10002300,Levofloxacin,Bronchitis,,,,,12.0,120.0,,,,,,,,,500.0,1000.0,,,PO,levofloxacin,DRUG001118,FULL
10002301,Levofloxacin,Chlamydia Infection,,,,,12.0,120.0,,,,,,,,,500.0,1000.0,,,IV,levofloxacin,DRUG001118,FULL
10002302,Levofloxacin,Chlamydia Infection,,,,,12.0,120.0,,,,,,,,,500.0,1000.0,,,PO,levofloxacin,DRUG001118,FULL
10002303,Levofloxacin,Cutaneous Bacillus anthracis,,,,,12.0,120.0,,,,,,,,,500.0,1000.0,,,IV,levofloxacin,DRUG001118,FULL
10002304,Levofloxacin,Cutaneous Bacillus anthracis,,,,,12.0,120.0,,,,,,,,,500.0,1000.0,,,PO,levofloxacin,DRUG001118,FULL
10002305,Levofloxacin,Cutaneous Bacillus anthracis,,,6.0,,,11.0,,,16.0,24.0,,,,,,,,,IV,levofloxacin,DRUG001118,FULL
10002306,Levofloxacin,Cutaneous Bacillus anthracis,,,6.0,,,11.0,,,16.0,24.0,,,,,,,,,PO,levofloxacin,DRUG001118,FULL
10002307,Levofloxacin,Cystitis,,,,,12.0,120.0,,,,,,,,,250.0,500.0,,,IV,levofloxacin,DRUG001118,FULL
10002308,Levofloxacin,Cystitis,,,,,12.0,120.0,,,,,,,,,250.0,500.0,,,PO,levofloxacin,DRUG001118,FULL
10002309,Levofloxacin,Epididymitis - Sexually Transmitted,,,,,12.0,120.0,,,,,,,,,500.0,1000.0,,,IV,levofloxacin,DRUG001118,FULL
10002310,Levofloxacin,Epididymitis - Sexually Transmitted,,,,,12.0,120.0,,,,,,,,,500.0,1000.0,,,PO,levofloxacin,DRUG001118,FULL
10002311,Levofloxacin,Inhalation Bacillus anthracis,,,,,12.0,120.0,,,,,,,,,500.0,1000.0,,,IV,levofloxacin,DRUG001118,FULL
10002312,Levofloxacin,Inhalation Bacillus anthracis,,,,,12.0,120.0,,,,,,,,,500.0,1000.0,,,PO,levofloxacin,DRUG001118,FULL
10002313,Levofloxacin,Inhalation Bacillus anthracis,,,6.0,,,11.0,,,16.0,24.0,,,,,,,,,IV,levofloxacin,DRUG001118,FULL
10002314,Levofloxacin,Inhalation Bacillus anthracis,,,6.0,,,11.0,,,16.0,24.0,,,500.0,,,,,,PO,levofloxacin,DRUG001118,FULL
10002315,Levofloxacin,Nongonococcal Urethritis,,,,,12.0,120.0,,,,,,,,,500.0,1000.0,,,IV,levofloxacin,DRUG001118,FULL
10002316,Levofloxacin,Nongonococcal Urethritis,,,,,12.0,120.0,,,,,,,,,500.0,1000.0,,,PO,levofloxacin,DRUG001118,FULL
10002317,Levofloxacin,Nosocomial Pneumonia,,,,,12.0,120.0,,,,,,,,,500.0,750.0,,,IV,levofloxacin,DRUG001118,FULL
10002318,Levofloxacin,Nosocomial Pneumonia,,,,,12.0,120.0,,,,,,,,,750.0,1500.0,,,PO,levofloxacin,DRUG001118,FULL
10002319,Levofloxacin,Pelvic Inflammatory Disease,,,,,12.0,120.0,,,,,,,,,500.0,1000.0,,,IV,levofloxacin,DRUG001118,FULL
10002320,Levofloxacin,Pelvic Inflammatory Disease,,,,,12.0,120.0,,,,,,,,,500.0,1000.0,,,PO,levofloxacin,DRUG001118,FULL
10002321,Levofloxacin,Plague,,,,,12.0,120.0,,,,,,,,,500.0,1000.0,,,IV,levofloxacin,DRUG001118,FULL
10002322,Levofloxacin,Plague,,,,,12.0,120.0,,,,,,,,,500.0,1000.0,,,PO,levofloxacin,DRUG001118,FULL
10002323,Levofloxacin,Plague,,,6.0,,,11.0,,,16.0,24.0,,,,,,,,,IV,levofloxacin,DRUG001118,FULL
10002324,Levofloxacin,Plague,,,6.0,,,11.0,,,16.0,24.0,,,,,,,,,PO,levofloxacin,DRUG001118,FULL
10002325,Levofloxacin,Plague Prophylaxis,,,,,12.0,120.0,,,,,,,,,500.0,1000.0,,,IV,levofloxacin,DRUG001118,FULL
10002326,Levofloxacin,Plague Prophylaxis,,,,,12.0,120.0,,,,,,,,,500.0,1000.0,,,PO,levofloxacin,DRUG001118,FULL
10002327,Levofloxacin,Plague Prophylaxis,,,6.0,,,11.0,,,16.0,24.0,,,,,,,,,IV,levofloxacin,DRUG001118,FULL
10002328,Levofloxacin,Plague Prophylaxis,,,6.0,,,11.0,,,16.0,24.0,,,,,,,,,PO,levofloxacin,DRUG001118,FULL
10002329,Levofloxacin,Pneumonia,,,,,12.0,120.0,,,,,,,,,500.0,750.0,,,IV,levofloxacin,DRUG001118,FULL
10002330,Levofloxacin,Pneumonia,,,,,12.0,120.0,,,,,,,,,500.0,750.0,,,PO,levofloxacin,DRUG001118,FULL
10002331,Levofloxacin,Prostatitis,,,,,12.0,120.0,,,,,,,,,500.0,1000.0,,,IV,levofloxacin,DRUG001118,FULL
10002332,Levofloxacin,Prostatitis,,,,,12.0,120.0,,,,,,,,,500.0,1000.0,,,PO,levofloxacin,DRUG001118,FULL
10002333,Levofloxacin,Pyelonephritis,,,,,12.0,120.0,,,,,,,,,250.0,500.0,,,IV,levofloxacin,DRUG001118,FULL
10002334,Levofloxacin,Pyelonephritis,,,,,12.0,120.0,,,,,,,,,250.0,500.0,,,PO,levofloxacin,DRUG001118,FULL
10002335,Levofloxacin,Sinusitis,,,,,12.0,120.0,,,,,,,,,500.0,1000.0,,,IV,levofloxacin,DRUG001118,FULL
10002336,Levofloxacin,Sinusitis,,,,,12.0,120.0,,,,,,,,,500.0,1000.0,,,PO,levofloxacin,DRUG001118,FULL
10002337,Levofloxacin,Skin and Structure Infection,,,,,12.0,120.0,,,,,,,,,500.0,750.0,,,IV,levofloxacin,DRUG001118,FULL
10002338,Levofloxacin,Skin and Structure Infection,,,,,12.0,120.0,,,,,,,,,500.0,750.0,,,PO,levofloxacin,DRUG001118,FULL
10002339,Levofloxacin,Tuberculosis - Active,,,,,12.0,120.0,,,,,,,,,500.0,1000.0,,,IV,levofloxacin,DRUG001118,FULL
10002340,Levofloxacin,Tuberculosis - Active,,,,,12.0,120.0,,,,,,,,,500.0,1000.0,,,PO,levofloxacin,DRUG001118,FULL
10002341,Levofloxacin,Urinary Tract Infection,,,,,12.0,120.0,,,,,,,,,250.0,750.0,,,IV,levofloxacin,DRUG001118,FULL
10002342,Levofloxacin,Urinary Tract Infection,,,,,12.0,120.0,,,,,,,,,250.0,750.0,,,PO,levofloxacin,DRUG001118,FULL
10002343,Linezolid,Bacteremia,,,,,12.0,120.0,,,,,,,,,1200.0,2400.0,,,IV,linezolid,DRUG000587,FULL
10002344,Linezolid,Bacteremia,,,,,12.0,120.0,,,,,,,,,1200.0,2400.0,,,PO,linezolid,DRUG000587,FULL
10002345,Linezolid,Bacteremia,8.0,,,,,11.0,,,30.0,40.0,,,,,,,,,IV,linezolid,DRUG000587,FULL
10002346,Linezolid,Bacteremia,1.0,7.0,,,,,,,20.0,30.0,,,,,,,,,IV,linezolid,DRUG000587,FULL
10002347,Linezolid,Bacteremia,8.0,,,,,11.0,,,30.0,40.0,,,,,,,,,PO,linezolid,DRUG000587,FULL
10002348,Linezolid,Bacteremia,1.0,7.0,,,,,,,20.0,30.0,,,,,,,,,PO,linezolid,DRUG000587,FULL
10002349,Linezolid,Bacterial Infection,,,,,12.0,120.0,,,,,,,,,1200.0,2400.0,,,IV,linezolid,DRUG000587,FULL
10002350,Linezolid,Bacterial Infection,,,,,12.0,120.0,,,,,,,,,1200.0,2400.0,,,PO,linezolid,DRUG000587,FULL
10002351,Linezolid,Bacterial Infection,8.0,,,,,11.0,,,30.0,40.0,,,,,,,,,IV,linezolid,DRUG000587,FULL
10002352,Linezolid,Bacterial Infection,1.0,7.0,,,,,,,20.0,30.0,,,,,,,,,IV,linezolid,DRUG000587,FULL
10002353,Linezolid,Bacterial Infection,8.0,,,,,11.0,,,30.0,40.0,,,,,,,,,PO,linezolid,DRUG000587,FULL
10002354,Linezolid,Bacterial Infection,1.0,7.0,,,,,,,20.0,30.0,,,,,,,,,PO,linezolid,DRUG000587,FULL
10002355,Linezolid,Nosocomial Pneumonia,,,,,12.0,120.0,,,,,,,,,1200.0,2400.0,,,IV,linezolid,DRUG000587,FULL
10002356,Linezolid,Nosocomial Pneumonia,,,,,12.0,120.0,,,,,,,,,1200.0,2400.0,,,PO,linezolid,DRUG000587,FULL
10002357,Linezolid,Nosocomial Pneumonia,8.0,,,,,11.0,,,30.0,40.0,,,,,,,,,IV,linezolid,DRUG000587,FULL
10002358,Linezolid,Nosocomial Pneumonia,1.0,7.0,,,,,,,20.0,30.0,,,,,,,,,IV,linezolid,DRUG000587,FULL
10002359,Linezolid,Nosocomial Pneumonia,8.0,,,,,11.0,,,30.0,40.0,,,,,,,,,PO,linezolid,DRUG000587,FULL
10002360,Linezolid,Nosocomial Pneumonia,1.0,7.0,,,,,,,20.0,30.0,,,,,,,,,PO,linezolid,DRUG000587,FULL
10002361,Linezolid,Pneumonia,,,,,12.0,120.0,,,,,,,,,1200.0,2400.0,,,IV,linezolid,DRUG000587,FULL
10002362,Linezolid,Pneumonia,,,,,12.0,120.0,,,,,,,,,1200.0,2400.0,,,PO,linezolid,DRUG000587,FULL
10002363,Linezolid,Pneumonia,8.0,,,,,11.0,,,30.0,40.0,,,,,,,,,IV,linezolid,DRUG000587,FULL
10002364,Linezolid,Pneumonia,1.0,7.0,,,,,,,20.0,30.0,,,,,,,,,IV,linezolid,DRUG000587,FULL
10002365,Linezolid,Pneumonia,8.0,,,,,11.0,,,30.0,40.0,,,,,,,,,PO,linezolid,DRUG000587,FULL
10002366,Linezolid,Pneumonia,1.0,7.0,,,,,,,20.0,30.0,,,,,,,,,PO,linezolid,DRUG000587,FULL
10002367,Linezolid,Skin and Structure Infection,,,,,12.0,120.0,,,,,,,,,800.0,1200.0,,,IV,linezolid,DRUG000587,FULL
10002368,Linezolid,Skin and Structure Infection,,,,,12.0,120.0,,,,,,,,,800.0,1200.0,,,PO,linezolid,DRUG000587,FULL
10002369,Linezolid,Skin and Structure Infection,8.0,,,,,11.0,,,30.0,40.0,,,,,,,,,IV,linezolid,DRUG000587,FULL
10002370,Linezolid,Skin and Structure Infection,1.0,7.0,,,,,,,20.0,30.0,,,,,,,,,IV,linezolid,DRUG000587,FULL
10002371,Linezolid,Skin and Structure Infection,8.0,,,,,11.0,,,30.0,40.0,,,,,,,,,PO,linezolid,DRUG000587,FULL
10002372,Linezolid,Skin and Structure Infection,1.0,7.0,,,,,,,20.0,30.0,,,,,,,,,PO,linezolid,DRUG000587,FULL
10002373,Lomefloxacin,Bronchitis,,,,,18.0,120.0,,,,,,,,,400.0,800.0,,,PO,lomefloxacin,DRUG000962,FULL
10002374,Lomefloxacin,Cystitis,,,,,18.0,120.0,,,,,,,,,400.0,800.0,,,PO,lomefloxacin,DRUG000962,FULL
10002375,Lomefloxacin,Prostatitis,,,,,18.0,120.0,,,,,,,,,400.0,800.0,,,PO,lomefloxacin,DRUG000962,FULL
10002376,Lomefloxacin,Salmonella Enteric Fever,,,,,18.0,120.0,,,,,,,,,400.0,800.0,,,PO,lomefloxacin,DRUG000962,FULL
10002377,Lomefloxacin,Salmonella Gastroenteritis,,,,,18.0,120.0,,,,,,,,,400.0,800.0,,,PO,lomefloxacin,DRUG000962,FULL
10002378,Lomefloxacin,Shigellosis,,,,,18.0,120.0,,,,,,,,,400.0,800.0,,,PO,lomefloxacin,DRUG000962,FULL
10002379,Lomefloxacin,Transurethral Prostatectomy,,,,,18.0,120.0,,,,,,,,,400.0,800.0,,,PO,lomefloxacin,DRUG000962,FULL
10002380,Lomefloxacin,Urinary Tract Infection,,,,,18.0,120.0,,,,,,,,,400.0,800.0,,,PO,lomefloxacin,DRUG000962,FULL
10002381,Isoniazid,Mycobacterium kansasii,,,,,12.0,120.0,,,5.0,10.0,,,300.0,,,,,,PO,isoniazid,DRUG000935,FULL
10002382,Isoniazid,Tuberculosis - Active,,,,,12.0,120.0,,,5.0,10.0,,,300.0,,,,,,IM,isoniazid,DRUG000935,FULL
10002383,Isoniazid,Tuberculosis - Active,,,,,12.0,120.0,,,5.0,10.0,,,300.0,,,,,,IV,isoniazid,DRUG000935,FULL
10002384,Isoniazid,Tuberculosis - Active,,,,,12.0,120.0,,,5.0,10.0,,,300.0,,,,,,PO,isoniazid,DRUG000935,FULL
10002385,Isoniazid,Tuberculosis - Active,,,1.0,,,11.0,,,10.0,15.0,,,300.0,,,,,,IM,isoniazid,DRUG000935,FULL
10002386,Isoniazid,Tuberculosis - Active,,,1.0,,,11.0,,,10.0,15.0,,,300.0,,,,,,PO,isoniazid,DRUG000935,FULL
10002387,Isoniazid,Tuberculosis - Extrapulmonary,,,,,12.0,120.0,,,5.0,10.0,,,300.0,,,,,,IM,isoniazid,DRUG000935,FULL
10002388,Isoniazid,Tuberculosis - Extrapulmonary,,,,,12.0,120.0,,,5.0,10.0,,,300.0,,,,,,IV,isoniazid,DRUG000935,FULL
10002389,Isoniazid,Tuberculosis - Extrapulmonary,,,,,12.0,120.0,,,5.0,10.0,,,300.0,,,,,,PO,isoniazid,DRUG000935,FULL
10002390,Isoniazid,Tuberculosis - Extrapulmonary,,,1.0,,,11.0,,,10.0,15.0,,,300.0,,,,,,IM,isoniazid,DRUG000935,FULL
10002391,Isoniazid,Tuberculosis - Extrapulmonary,,,1.0,,,11.0,,,10.0,15.0,,,300.0,,,,,,PO,isoniazid,DRUG000935,FULL
10002392,Isoniazid,Tuberculosis - Latent,,,,,12.0,120.0,,,5.0,10.0,,,300.0,,,,,,IM,isoniazid,DRUG000935,FULL
10002393,Isoniazid,Tuberculosis - Latent,,,,,12.0,120.0,,,5.0,10.0,,,300.0,,,,,,IV,isoniazid,DRUG000935,FULL
10002394,Isoniazid,Tuberculosis - Latent,,,,,12.0,120.0,,,10.0,20.0,,,300.0,,,,,,PO,isoniazid,DRUG000935,FULL
10002395,Isoniazid,Tuberculosis - Latent,,,1.0,,,11.0,,,10.0,15.0,,,300.0,,,,,,IM,isoniazid,DRUG000935,FULL
10002396,Isoniazid,Tuberculosis - Latent,,,1.0,,,11.0,,,10.0,15.0,,,300.0,,,,,,PO,isoniazid,DRUG000935,FULL
10002397,Isoniazid,Tuberculosis - Prophylaxis,,,,,12.0,120.0,,,,,,,,,300.0,600.0,,,PO,isoniazid,DRUG000935,FULL
10002398,Isoniazid,Tuberculosis - Prophylaxis,,,1.0,,,11.0,,,10.0,15.0,,,300.0,,,,,,IM,isoniazid,DRUG000935,FULL
10002399,Isoniazid,Tuberculosis - Prophylaxis,,,1.0,,,11.0,,,10.0,15.0,,,300.0,,,,,,PO,isoniazid,DRUG000935,FULL
10002400,Isoniazid,Tuberculous Meningitis,,,1.0,,,11.0,,,10.0,15.0,,,300.0,,,,,,IM,isoniazid,DRUG000935,FULL
10002401,Isoniazid,Tuberculous Meningitis,,,1.0,,,11.0,,,10.0,15.0,,,300.0,,,,,,PO,isoniazid,DRUG000935,FULL
10002402,Lymecycline,Bronchitis,,,,,12.0,120.0,,,,,,,,,408.0,812.0,,,PO,lymecycline,DRUG000246,FULL
10002403,Lymecycline,Intraabdominal Infection,,,,,12.0,120.0,,,,,,,,,408.0,812.0,,,PO,lymecycline,DRUG000246,FULL
10002404,Lymecycline,Sinusitis,,,,,12.0,120.0,,,,,,,,,408.0,812.0,,,PO,lymecycline,DRUG000246,FULL
10002405,Lymecycline,Skin or Soft Tissue Infection,,,,,12.0,120.0,,,,,,,,,408.0,812.0,,,PO,lymecycline,DRUG000246,FULL
10002406,Lymecycline,Trachoma,,,,,12.0,120.0,,,,,,,,,408.0,812.0,,,PO,lymecycline,DRUG000246,FULL
10002407,Meropenem,Intraabdominal Infection,,,,,12.0,120.0,,,,,,,,,3000.0,4000.0,,,IV,meropenem,DRUG000744,FULL
10002408,Meropenem,Intraabdominal Infection,,,3.0,,,11.0,,,60.0,80.0,,,3000.0,,,,,,IV,meropenem,DRUG000744,FULL
10002409,Meropenem,Meningitis,,,,,12.0,120.0,,,,,,,,,6000.0,8000.0,,,IV,meropenem,DRUG000744,FULL
10002410,Meropenem,Meningitis,,,3.0,,,11.0,,,120.0,140.0,,,6000.0,,,,,,IV,meropenem,DRUG000744,FULL
10002411,Meropenem,Nosocomial Pneumonia,,,,,12.0,120.0,,,,,,,,,3000.0,4000.0,,,IV,meropenem,DRUG000744,FULL
10002412,Meropenem,Skin and Structure Infection,,,,,12.0,120.0,,,,,,,,,1500.0,2000.0,,,IV,meropenem,DRUG000744,FULL
10002413,Meropenem,Skin and Structure Infection,,,3.0,,,11.0,,,30.0,40.0,,,1500.0,,,,,,IV,meropenem,DRUG000744,FULL
10002414,Metronidazole,Amebiasis,,,,,12.0,120.0,,,,,,,,,1500.0,2250.0,,,PO,metronidazole,DRUG000900,FULL
10002415,Metronidazole,Amebiasis,,,1.0,,,11.0,,,35.0,50.0,,,,,,,,,PO,metronidazole,DRUG000900,FULL
10002416,Metronidazole,Bacterial Infection,,,,,12.0,120.0,,,15.0,30.0,,,4000.0,,,,,,IV,metronidazole,DRUG000900,FULL
10002417,Metronidazole,Bacterial Infection,,,,,12.0,120.0,,,15.0,30.0,,,4000.0,,,,,,PO,metronidazole,DRUG000900,FULL
10002418,Metronidazole,Bacterial Infection,,,1.0,,,11.0,,,22.5,40.0,,,4000.0,,,,,,IV,metronidazole,DRUG000900,FULL
10002419,Metronidazole,Bacterial Infection,1.0,29.0,,,,,,,15.0,30.0,,,,,,,,,IV,metronidazole,DRUG000900,FULL
10002420,Metronidazole,Bacterial Infection,,,1.0,,,11.0,,,15.0,50.0,,,2250.0,,,,,,PO,metronidazole,DRUG000900,FULL
10002421,Metronidazole,Bacterial Vaginosis,,,,,12.0,18.0,,,,,,,,,1000.0,1500.0,,,PO,metronidazole,DRUG000900,FULL
10002422,Metronidazole,Bacterial Vaginosis,,,,,12.0,120.0,,,,,,,,,750.0,1500.0,,,PO,metronidazole,DRUG000900,FULL
10002423,Metronidazole,Bacterial Vaginosis,,,1.0,,,11.0,,,15.0,25.0,,,2000.0,,,,,,PO,metronidazole,DRUG000900,FULL
10002424,Metronidazole,Bacterial Vaginosis,,,1.0,,,11.0,,,,,,,,,1000.0,1500.0,,,PO,metronidazole,DRUG000900,FULL
10002425,Metronidazole,Balantidium coli,,,,,12.0,120.0,,,,,,,,,1500.0,2250.0,,,PO,metronidazole,DRUG000900,FULL
10002426,Metronidazole,Balantidium coli,,,1.0,,,11.0,,,35.0,50.0,,,1500.0,,,,,,PO,metronidazole,DRUG000900,FULL
10002427,Metronidazole,Bone and Joint Infection,,,,,12.0,120.0,,,15.0,30.0,,,4000.0,,,,,,IV,metronidazole,DRUG000900,FULL
10002428,Metronidazole,Bone and Joint Infection,,,,,12.0,120.0,,,15.0,30.0,,,4000.0,,,,,,PO,metronidazole,DRUG000900,FULL
10002429,Metronidazole,Dientamoeba fragilis,,,,,12.0,120.0,,,,,,,,,1500.0,2250.0,,,PO,metronidazole,DRUG000900,FULL
10002430,Metronidazole,Dientamoeba fragilis,,,1.0,,,11.0,,,35.0,50.0,,,1500.0,,,,,,PO,metronidazole,DRUG000900,FULL
10002431,Metronidazole,Giardiasis,,,,,12.0,120.0,,,,,,,,,750.0,1000.0,,,PO,metronidazole,DRUG000900,FULL
10002432,Metronidazole,Giardiasis,,,1.0,,,11.0,,,15.0,20.0,,,750.0,,,,,,PO,metronidazole,DRUG000900,FULL
10002433,Metronidazole,Helicobacter pylori Infection,,,,,12.0,120.0,,,,,,,,,1000.0,2000.0,,,PO,metronidazole,DRUG000900,FULL
10002434,Metronidazole,Intraabdominal Infection,,,,,12.0,120.0,,,15.0,30.0,,,4000.0,,,,,,IV,metronidazole,DRUG000900,FULL
10002435,Metronidazole,Intraabdominal Infection,,,,,12.0,120.0,,,15.0,30.0,,,4000.0,,,,,,PO,metronidazole,DRUG000900,FULL
10002436,Metronidazole,Intraabdominal Infection,,,1.0,,,11.0,,,30.0,40.0,,,,,,,,,IV,metronidazole,DRUG000900,FULL
10002437,Metronidazole,Liver Abscess,,,,,12.0,120.0,,,15.0,30.0,,,4000.0,,,,,,IV,metronidazole,DRUG000900,FULL
10002438,Metronidazole,Liver Abscess,,,,,12.0,120.0,,,15.0,30.0,,,4000.0,,,,,,PO,metronidazole,DRUG000900,FULL
10002439,Metronidazole,Meningitis,,,3.0,,,11.0,,,120.0,140.0,,,6000.0,,,,,,IV,metronidazole,DRUG000900,FULL
10002440,Metronidazole,Nongonococcal Urethritis,,,,,12.0,18.0,,,,,,,,,2000.0,3000.0,,,PO,metronidazole,DRUG000900,FULL
10002441,Metronidazole,Nongonococcal Urethritis,,,,,18.0,120.0,,,,,,,,,2000.0,3000.0,,,PO,metronidazole,DRUG000900,FULL
10002442,Metronidazole,Nongonococcal Urethritis,,,1.0,,,11.0,,,,,,,,,2000.0,3000.0,,,PO,metronidazole,DRUG000900,FULL
10002443,Metronidazole,Osteomyelitis,,,,,12.0,120.0,,,15.0,30.0,,,4000.0,,,,,,IV,metronidazole,DRUG000900,FULL
10002444,Metronidazole,Osteomyelitis,,,,,12.0,120.0,,,15.0,30.0,,,4000.0,,,,,,PO,metronidazole,DRUG000900,FULL
10002445,Metronidazole,Pelvic Inflammatory Disease,,,,,12.0,18.0,,,,,,,,,1000.0,1500.0,,,PO,metronidazole,DRUG000900,FULL
10002446,Metronidazole,Pelvic Inflammatory Disease,,,,,18.0,120.0,,,,,,,,,1000.0,1500.0,,,PO,metronidazole,DRUG000900,FULL
10002447,Metronidazole,Peritonitis,,,,,12.0,120.0,,,15.0,30.0,,,4000.0,,,,,,IV,metronidazole,DRUG000900,FULL
10002448,Metronidazole,Peritonitis,,,,,12.0,120.0,,,15.0,30.0,,,4000.0,,,,,,PO,metronidazole,DRUG000900,FULL
10002449,Metronidazole,Pseudomembranous Colitis,,,,,12.0,120.0,,,,,,,,,1500.0,2000.0,,,IV,metronidazole,DRUG000900,FULL
10002450,Metronidazole,Pseudomembranous Colitis,,,,,12.0,120.0,,,,,,,,,1500.0,2000.0,,,PO,metronidazole,DRUG000900,FULL
10002451,Metronidazole,Pseudomembranous Colitis,,,1.0,,,11.0,,,30.0,37.5,,,2000.0,,,,,,PO,metronidazole,DRUG000900,FULL
10002452,Metronidazole,Skin and Structure Infection,,,,,12.0,120.0,,,15.0,30.0,,,4000.0,,,,,,IV,metronidazole,DRUG000900,FULL
10002453,Metronidazole,Skin and Structure Infection,,,,,12.0,120.0,,,15.0,30.0,,,4000.0,,,,,,PO,metronidazole,DRUG000900,FULL
10002454,Metronidazole,Skin and Structure Infection,,,1.0,,,11.0,,,30.0,37.5,,,2000.0,,,,,,PO,metronidazole,DRUG000900,FULL
10002455,Metronidazole,Skin or Soft Tissue Infection,,,,,12.0,120.0,,,15.0,30.0,,,4000.0,,,,,,IV,metronidazole,DRUG000900,FULL
10002456,Metronidazole,Skin or Soft Tissue Infection,,,,,12.0,120.0,,,15.0,30.0,,,4000.0,,,,,,PO,metronidazole,DRUG000900,FULL
10002457,Metronidazole,Skin or Soft Tissue Infection,,,1.0,,,11.0,,,30.0,37.5,,,2000.0,,,,,,PO,metronidazole,DRUG000900,FULL
10002458,Metronidazole,STD Prophylaxis,,,,,12.0,18.0,,,,,,,,,2000.0,3000.0,,,PO,metronidazole,DRUG000900,FULL
10002459,Metronidazole,STD Prophylaxis,,,,,18.0,120.0,,,,,,,,,2000.0,3000.0,,,PO,metronidazole,DRUG000900,FULL
10002460,Metronidazole,Surgical Prophylaxis,,,,,12.0,120.0,,,7.5,15.0,,,4000.0,,,,,,IV,metronidazole,DRUG000900,FULL
10002461,Metronidazole,Surgical Prophylaxis,1.0,29.0,,,,,,,7.5,15.0,,,,,,,,,IV,metronidazole,DRUG000900,FULL
10002462,Metronidazole,Surgical Prophylaxis,1.0,29.0,,,,,,,15.0,30.0,,,,,,,,,IV,metronidazole,DRUG000900,FULL
10002463,Metronidazole,Surgical Prophylaxis,,,1.0,,,11.0,,,15.0,30.0,,,,,,,,,IV,metronidazole,DRUG000900,FULL
10002464,Metronidazole,Trichomoniasis,,,,,12.0,18.0,39.6,,,,,,,,2000.0,3000.0,,,PO,metronidazole,DRUG000900,FULL
10002465,Metronidazole,Trichomoniasis,,,,,18.0,120.0,,,,,,,,,750.0,2000.0,,,PO,metronidazole,DRUG000900,FULL
10002466,Metronidazole,Trichomoniasis,,,1.0,,,11.0,,39.5,45.0,60.0,,,2000.0,,,,,,PO,metronidazole,DRUG000900,FULL
10002467,Metronidazole,Trichomoniasis,,,1.0,,,11.0,39.6,,,,,,,,2000.0,3000.0,,,PO,metronidazole,DRUG000900,FULL
10002468,Metronidazole,Wound Infection,,,,,12.0,120.0,,,15.0,30.0,,,4000.0,,,,,,IV,metronidazole,DRUG000900,FULL
10002469,Metronidazole,Wound Infection,,,,,12.0,120.0,,,15.0,30.0,,,4000.0,,,,,,PO,metronidazole,DRUG000900,FULL
10002470,Moxifloxacin,Anthrax Prophylaxis,,,,,12.0,120.0,,,,,,,,,400.0,800.0,,,IV,moxifloxacin,DRUG000208,FULL
10002471,Moxifloxacin,Anthrax Prophylaxis,,,,,12.0,120.0,,,,,,,,,400.0,800.0,,,PO,moxifloxacin,DRUG000208,FULL
10002472,Moxifloxacin,Bronchitis,,,,,12.0,120.0,,,,,,,,,400.0,800.0,,,IV,moxifloxacin,DRUG000208,FULL
10002473,Moxifloxacin,Bronchitis,,,,,12.0,120.0,,,,,,,,,400.0,800.0,,,PO,moxifloxacin,DRUG000208,FULL
10002474,Moxifloxacin,Cutaneous Bacillus anthracis,,,,,2.0,5.0,,,10.0,15.0,,,,,,,,,IV,moxifloxacin,DRUG000208,FULL
10002475,Moxifloxacin,Cutaneous Bacillus anthracis,,,,,6.0,11.0,,,8.0,12.0,,,,,,,,,IV,moxifloxacin,DRUG000208,FULL
10002476,Moxifloxacin,Cutaneous Bacillus anthracis,,,,,12.0,120.0,,,,,,,,,400.0,800.0,,,IV,moxifloxacin,DRUG000208,FULL
10002477,Moxifloxacin,Cutaneous Bacillus anthracis,,,,,12.0,120.0,,,,,,,,,400.0,800.0,,,PO,moxifloxacin,DRUG000208,FULL
10002478,Moxifloxacin,Cutaneous Bacillus anthracis,,,3.0,,,2.0,,,12.0,18.0,,,,,,,,,IV,moxifloxacin,DRUG000208,FULL
10002479,Moxifloxacin,Cutaneous Bacillus anthracis,1.0,29.0,,,,,,,5.0,10.0,,,,,,,,,IV,moxifloxacin,DRUG000208,FULL
10002480,Moxifloxacin,Inhalation Bacillus anthracis,,,,,2.0,5.0,,,10.0,15.0,,,,,,,,,IV,moxifloxacin,DRUG000208,FULL
10002481,Moxifloxacin,Inhalation Bacillus anthracis,,,,,6.0,11.0,,,8.0,12.0,,,,,,,,,IV,moxifloxacin,DRUG000208,FULL
10002482,Moxifloxacin,Inhalation Bacillus anthracis,,,,,12.0,120.0,,,,,,,,,400.0,800.0,,,IV,moxifloxacin,DRUG000208,FULL
10002483,Moxifloxacin,Inhalation Bacillus anthracis,,,,,12.0,120.0,,,,,,,,,400.0,800.0,,,PO,moxifloxacin,DRUG000208,FULL
10002484,Moxifloxacin,Inhalation Bacillus anthracis,,,3.0,,,2.0,,,12.0,18.0,,,,,,,,,IV,moxifloxacin,DRUG000208,FULL
10002485,Moxifloxacin,Intraabdominal Infection,,,,,12.0,120.0,,,,,,,,,400.0,800.0,,,IV,moxifloxacin,DRUG000208,FULL
10002486,Moxifloxacin,Intraabdominal Infection,,,,,12.0,120.0,,,,,,,,,400.0,800.0,,,PO,moxifloxacin,DRUG000208,FULL
10002487,Moxifloxacin,Plague,,,,,12.0,120.0,,,,,,,,,400.0,800.0,,,IV,moxifloxacin,DRUG000208,FULL
10002488,Moxifloxacin,Plague,,,,,12.0,120.0,,,,,,,,,400.0,800.0,,,PO,moxifloxacin,DRUG000208,FULL
10002489,Moxifloxacin,Plague Prophylaxis,,,,,12.0,120.0,,,,,,,,,400.0,800.0,,,IV,moxifloxacin,DRUG000208,FULL
10002490,Moxifloxacin,Plague Prophylaxis,,,,,12.0,120.0,,,,,,,,,400.0,800.0,,,PO,moxifloxacin,DRUG000208,FULL
10002491,Moxifloxacin,Pneumonia,,,,,12.0,120.0,,,,,,,,,400.0,800.0,,,IV,moxifloxacin,DRUG000208,FULL
10002492,Moxifloxacin,Pneumonia,,,,,12.0,120.0,,,,,,,,,400.0,800.0,,,PO,moxifloxacin,DRUG000208,FULL
10002493,Moxifloxacin,Sinusitis,,,,,12.0,120.0,,,,,,,,,400.0,800.0,,,IV,moxifloxacin,DRUG000208,FULL
10002494,Moxifloxacin,Sinusitis,,,,,12.0,120.0,,,,,,,,,400.0,800.0,,,PO,moxifloxacin,DRUG000208,FULL
10002495,Moxifloxacin,Skin and Structure Infection,,,,,12.0,120.0,,,,,,,,,400.0,800.0,,,IV,moxifloxacin,DRUG000208,FULL
10002496,Moxifloxacin,Skin and Structure Infection,,,,,12.0,120.0,,,,,,,,,400.0,800.0,,,PO,moxifloxacin,DRUG000208,FULL
10002497,Moxifloxacin,Skin or Soft Tissue Infection,,,,,12.0,120.0,,,,,,,,,400.0,800.0,,,IV,moxifloxacin,DRUG000208,FULL
10002498,Moxifloxacin,Skin or Soft Tissue Infection,,,,,12.0,120.0,,,,,,,,,400.0,800.0,,,PO,moxifloxacin,DRUG000208,FULL
10002499,Moxifloxacin,Surgical Prophylaxis,,,,,12.0,120.0,,,,,,,,,400.0,800.0,,,IV,moxifloxacin,DRUG000208,FULL
10002500,Moxifloxacin,Surgical Prophylaxis,,,,,12.0,120.0,,,,,,,,,400.0,800.0,,,PO,moxifloxacin,DRUG000208,FULL
10002501,Moxifloxacin,Tuberculosis - Active,,,,,12.0,120.0,,,,,,,,,400.0,800.0,,,IV,moxifloxacin,DRUG000208,FULL
10002502,Moxifloxacin,Tuberculosis - Active,,,,,12.0,120.0,,,,,,,,,400.0,800.0,,,PO,moxifloxacin,DRUG000208,FULL
10002503,Nalidixic Acid,Urinary Tract Infection,,,,,12.0,120.0,,,,,,,,,2000.0,4000.0,,,PO,nalidixic acid,DRUG000763,FULL
10002504,Nalidixic Acid,Urinary Tract Infection,,,3.0,,,11.0,,,33.0,55.0,,,4000.0,,,,,,PO,nalidixic acid,DRUG000763,FULL
10002505,Nitrofurantoin,Cystitis,,,,,12.0,120.0,,,,,,,,,200.0,400.0,,,PO,nitrofurantoin,DRUG000683,FULL
10002506,Nitrofurantoin,Cystitis,,,1.0,,,11.0,,,5.0,7.0,,,400.0,,,,,,PO,nitrofurantoin,DRUG000683,FULL
10002507,Nitrofurantoin,Cystitis Prophylaxis,,,,,12.0,120.0,,,,,,,,,100.0,200.0,,,PO,nitrofurantoin,DRUG000683,FULL
10002508,Nitrofurantoin,Cystitis Prophylaxis,,,1.0,,,11.0,,,1.0,2.0,,,100.0,,,,,,PO,nitrofurantoin,DRUG000683,FULL
10002509,Nitrofurantoin,Long Term Suppresive Therapy,,,,,12.0,120.0,,,,,,,,,50.0,100.0,,,PO,nitrofurantoin,DRUG000683,FULL
10002510,Nitrofurantoin,Urinary Tract Infection,,,,,12.0,120.0,,,,,,,,,200.0,400.0,,,PO,nitrofurantoin,DRUG000683,FULL
10002511,Nitrofurantoin,Urinary Tract Infection,,,1.0,,,11.0,,,5.0,7.0,,,400.0,,,,,,PO,nitrofurantoin,DRUG000683,FULL
10002512,Nitrofurantoin + Nitrofurantoin Microcrystals,Bacterial Infection,,,,,12.0,120.0,,,,,,,,,100.0,200.0,,,PO,nitrofurantoin + nitrofurantoin microcrystals,DRUG000683,PARTIAL
10002513,Nitrofurantoin + Nitrofurantoin Microcrystals,Urinary Tract Infection,,,,,12.0,120.0,,,,,,,,,100.0,200.0,,,PO,nitrofurantoin + nitrofurantoin microcrystals,DRUG000683,PARTIAL
10002514,Nystatin,Intestinal Candidiasis,,,,,18.0,120.0,,,,,,,,,,,1500000.0,3000000.0,PO,nystatin,DRUG000632,FULL
10002515,Nystatin,Oral Thrush,,,,,18.0,120.0,,,,,,,,,,,1600000.0,2400000.0,PO,nystatin,DRUG000632,FULL
10002516,Nystatin,Oral Thrush,,,,,1.0,18.0,,,,,,,,,,,1600000.0,2400000.0,PO,nystatin,DRUG000632,FULL
10002517,Nystatin,Oral Thrush,29.0,,,,,1.0,,,,,,,,,,,400000.0,800000.0,PO,nystatin,DRUG000632,FULL
10002518,Ofloxacin,Bronchitis,,,,,18.0,120.0,,,,,,,,,800.0,1200.0,,,PO,ofloxacin,DRUG001146,FULL
10002519,Ofloxacin,Cervicitis,,,,,18.0,120.0,,,,,,,,,600.0,900.0,,,PO,ofloxacin,DRUG001146,FULL
10002520,Ofloxacin,Chlamydia Infection,,,,,18.0,120.0,,,,,,,,,600.0,900.0,,,PO,ofloxacin,DRUG001146,FULL
10002521,Ofloxacin,Cystitis,,,,,18.0,120.0,,,,,,,,,400.0,600.0,,,PO,ofloxacin,DRUG001146,FULL
10002522,Ofloxacin,Epididymitis - Non-Specific,,,,,18.0,120.0,,,,,,,,,600.0,900.0,,,PO,ofloxacin,DRUG001146,FULL
10002523,Ofloxacin,Epididymitis - Sexually Transmitted,,,,,18.0,120.0,,,,,,,,,600.0,900.0,,,PO,ofloxacin,DRUG001146,FULL
10002524,Ofloxacin,Gonococcal Infection - Uncomplicated,,,,,18.0,120.0,,,,,,,,,400.0,800.0,,,PO,ofloxacin,DRUG001146,FULL
10002525,Ofloxacin,Infectious Diarrhea,,,,,18.0,120.0,,,,,,,,,600.0,900.0,,,PO,ofloxacin,DRUG001146,FULL
10002526,Ofloxacin,Nongonococcal Urethritis,,,,,18.0,120.0,,,,,,,,,600.0,900.0,,,PO,ofloxacin,DRUG001146,FULL
10002527,Ofloxacin,Pelvic Inflammatory Disease,,,,,18.0,120.0,,,,,,,,,800.0,1200.0,,,PO,ofloxacin,DRUG001146,FULL
10002528,Ofloxacin,Pneumonia,,,,,18.0,120.0,,,,,,,,,800.0,1200.0,,,PO,ofloxacin,DRUG001146,FULL
10002529,Ofloxacin,Prostatitis,,,,,18.0,120.0,,,,,,,,,600.0,900.0,,,PO,ofloxacin,DRUG001146,FULL
10002530,Ofloxacin,Pyelonephritis,,,,,18.0,120.0,,,,,,,,,400.0,800.0,,,PO,ofloxacin,DRUG001146,FULL
10002531,Ofloxacin,Salmonella Enteric Fever,,,,,18.0,120.0,,,,,,,,,600.0,900.0,,,PO,ofloxacin,DRUG001146,FULL
10002532,Ofloxacin,Salmonella Gastroenteritis,,,,,18.0,120.0,,,,,,,,,600.0,900.0,,,PO,ofloxacin,DRUG001146,FULL
10002533,Ofloxacin,Shigellosis,,,,,18.0,120.0,,,,,,,,,600.0,900.0,,,PO,ofloxacin,DRUG001146,FULL
10002534,Ofloxacin,Skin and Structure Infection,,,,,18.0,120.0,,,,,,,,,800.0,1200.0,,,PO,ofloxacin,DRUG001146,FULL
10002535,Ofloxacin,Traveler's Diarrhea,,,,,18.0,120.0,,,,,,,,,400.0,600.0,,,PO,ofloxacin,DRUG001146,FULL
10002536,Ofloxacin,Urinary Tract Infection,,,,,18.0,120.0,,,,,,,,,400.0,600.0,,,PO,ofloxacin,DRUG001146,FULL
10002537,Ornidazole,Amebiasis,,,,,12.0,120.0,,,,,,,,,1000.0,1500.0,,,PO,ornidazole,DRUG011014,FULL
10002538,Ornidazole,Amebiasis,,,1.0,,,11.0,,,10.0,25.0,,,,,,,,,PO,ornidazole,DRUG011014,FULL
10002539,Ornidazole,Amoebic Dysentry,,,,,12.0,120.0,,,,,,,,,1500.0,3000.0,,,PO,ornidazole,DRUG011014,FULL
10002540,Ornidazole,Amoebic Dysentry,,,1.0,,,11.0,,,40.0,80.0,,,,,,,,,PO,ornidazole,DRUG011014,FULL
10002541,Ornidazole,Bacterial Vaginosis,,,,,12.0,120.0,,,,,,,,,500.0,1500.0,,,PO,ornidazole,DRUG011014,FULL
10002542,Ornidazole,Giardiasis,,,,,12.0,120.0,,,,,,,,,1500.0,3000.0,,,PO,ornidazole,DRUG011014,FULL
10002543,Ornidazole,Giardiasis,,,1.0,,,11.0,,,40.0,80.0,,,,,,,,,PO,ornidazole,DRUG011014,FULL
10002544,Ornidazole,Trichomoniasis,,,,,12.0,120.0,,,,,,,,,1000.0,1500.0,,,PO,ornidazole,DRUG011014,FULL
10002545,Oxytetracycline,Acute Epididymo - Orchitis,,,,,12.0,120.0,,,,,,,,,2000.0,2500.0,,,PO,oxytetracycline,DRUG000581,FULL
10002546,Oxytetracycline,Brucellosis,,,,,12.0,120.0,,,,,,,,,2000.0,2500.0,,,PO,oxytetracycline,DRUG000581,FULL
10002547,Oxytetracycline,Cholera,,,,,12.0,120.0,,,,,,,,,1000.0,2000.0,,,PO,oxytetracycline,DRUG000581,FULL
10002548,Oxytetracycline,Intestinal Amoebiasis,,,,,12.0,120.0,,,,,,,,,1000.0,2000.0,,,PO,oxytetracycline,DRUG000581,FULL
10002549,Oxytetracycline,Mycoplasma Pneumonia,,,,,12.0,120.0,,,,,,,,,1000.0,2000.0,,,PO,oxytetracycline,DRUG000581,FULL
10002550,Oxytetracycline,Primary and Secondary Syphilis,,,,,12.0,120.0,,,,,,,,,2000.0,2500.0,,,PO,oxytetracycline,DRUG000581,FULL
10002551,Oxytetracycline,Psittacosis,,,,,12.0,120.0,,,,,,,,,1000.0,2000.0,,,PO,oxytetracycline,DRUG000581,FULL
10002552,Oxytetracycline,Respiratory Track Infections,,,,,12.0,120.0,,,,,,,,,1000.0,2000.0,,,PO,oxytetracycline,DRUG000581,FULL
10002553,Oxytetracycline,Rickettsial Infection,,,,,12.0,120.0,,,,,,,,,1000.0,2000.0,,,PO,oxytetracycline,DRUG000581,FULL
10002554,Oxytetracycline,Sexually Transmitted Disease,,,,,12.0,120.0,,,,,,,,,2000.0,2500.0,,,PO,oxytetracycline,DRUG000581,FULL
10002555,Oxytetracycline,Skin or Soft Tissue Infection,,,,,12.0,120.0,,,,,,,,,1000.0,2000.0,,,PO,oxytetracycline,DRUG000581,FULL
10002556,Oxytetracycline,Trachoma,,,,,12.0,120.0,,,,,,,,,1000.0,2000.0,,,PO,oxytetracycline,DRUG000581,FULL
10002557,Oxytetracycline,Urinary Tract Infection,,,,,12.0,120.0,,,,,,,,,1000.0,2000.0,,,PO,oxytetracycline,DRUG000581,FULL
10002558,Pefloxacin,Abdominal and Hepatobiliary Infection,,,,,12.0,120.0,,,,,,,,,800.0,1200.0,,,PO,pefloxacin,DRUG000475,FULL
10002559,Pefloxacin,Bone and Joint Infection,,,,,12.0,120.0,,,,,,,,,800.0,1200.0,,,PO,pefloxacin,DRUG000475,FULL
10002560,Pefloxacin,Bronchiectasis,,,,,12.0,120.0,,,,,,,,,800.0,1200.0,,,PO,pefloxacin,DRUG000475,FULL
10002561,Pefloxacin,Bronchitis,,,,,12.0,120.0,,,,,,,,,800.0,1200.0,,,PO,pefloxacin,DRUG000475,FULL
10002562,Pefloxacin,Cystic Fibrosis,,,,,12.0,120.0,,,,,,,,,800.0,1200.0,,,PO,pefloxacin,DRUG000475,FULL
10002563,Pefloxacin,Empyema,,,,,12.0,120.0,,,,,,,,,800.0,1200.0,,,PO,pefloxacin,DRUG000475,FULL
10002564,Pefloxacin,Gastrointestinal Infections,,,,,12.0,120.0,,,,,,,,,800.0,1200.0,,,PO,pefloxacin,DRUG000475,FULL
10002565,Pefloxacin,Gonorrhoea,,,,,12.0,120.0,,,,,,,,,800.0,1600.0,,,PO,pefloxacin,DRUG000475,FULL
10002566,Pefloxacin,Otitis Externa,,,,,12.0,120.0,,,,,,,,,800.0,1200.0,,,PO,pefloxacin,DRUG000475,FULL
10002567,Pefloxacin,Otitis Media,,,,,12.0,120.0,,,,,,,,,800.0,1200.0,,,PO,pefloxacin,DRUG000475,FULL
10002568,Pefloxacin,Pelvic Infections,,,,,12.0,120.0,,,,,,,,,800.0,1200.0,,,PO,pefloxacin,DRUG000475,FULL
10002569,Pefloxacin,Pneumonia,,,,,12.0,120.0,,,,,,,,,800.0,1200.0,,,PO,pefloxacin,DRUG000475,FULL
10002570,Pefloxacin,Sinusitis,,,,,12.0,120.0,,,,,,,,,800.0,1200.0,,,PO,pefloxacin,DRUG000475,FULL
10002571,Pefloxacin,Tonsillitis/Pharyngitis,,,,,12.0,120.0,,,,,,,,,800.0,1200.0,,,PO,pefloxacin,DRUG000475,FULL
10002572,Pefloxacin,Urinary Tract Infection,,,,,12.0,120.0,,,,,,,,,800.0,1200.0,,,PO,pefloxacin,DRUG000475,FULL
10002573,Phenoxymethyl  Penicillin,Beta Hemolytic Streptococci of Group A,,,,,1.0,11.0,,,,,,,,,500.0,1000.0,,,PO,phenoxymethyl penicillin,,UNRESOLVED
10002574,Phenoxymethyl  Penicillin,Beta Hemolytic Streptococci of Group A,,,,,12.0,120.0,,,,,,,,,1000.0,2000.0,,,PO,phenoxymethyl penicillin,,UNRESOLVED
10002575,Phenoxymethyl  Penicillin,Beta Hemolytic Streptococci of Group A,29.0,,,,,1.0,,,,,,,,,250.0,500.0,,,PO,phenoxymethyl penicillin,,UNRESOLVED
10002576,Phenoxymethyl  Penicillin,Bronchitis,,,,,1.0,11.0,,,,,,,,,500.0,1000.0,,,PO,phenoxymethyl penicillin,,UNRESOLVED
10002577,Phenoxymethyl  Penicillin,Bronchitis,,,,,12.0,120.0,,,,,,,,,1000.0,2000.0,,,PO,phenoxymethyl penicillin,,UNRESOLVED
10002578,Phenoxymethyl  Penicillin,Bronchitis,29.0,,,,,1.0,,,,,,,,,250.0,500.0,,,PO,phenoxymethyl penicillin,,UNRESOLVED
10002579,Phenoxymethyl  Penicillin,Bronchopneumonia,,,,,1.0,11.0,,,,,,,,,500.0,1000.0,,,PO,phenoxymethyl penicillin,,UNRESOLVED
10002580,Phenoxymethyl  Penicillin,Bronchopneumonia,,,,,12.0,120.0,,,,,,,,,1000.0,2000.0,,,PO,phenoxymethyl penicillin,,UNRESOLVED
10002581,Phenoxymethyl  Penicillin,Bronchopneumonia,29.0,,,,,1.0,,,,,,,,,250.0,500.0,,,PO,phenoxymethyl penicillin,,UNRESOLVED
10002582,Phenoxymethyl  Penicillin,Infection of the Buccal Cavity,,,,,1.0,11.0,,,,,,,,,500.0,1000.0,,,PO,phenoxymethyl penicillin,,UNRESOLVED
10002583,Phenoxymethyl  Penicillin,Infection of the Buccal Cavity,,,,,12.0,120.0,,,,,,,,,1000.0,2000.0,,,PO,phenoxymethyl penicillin,,UNRESOLVED
10002584,Phenoxymethyl  Penicillin,Infection of the Buccal Cavity,29.0,,,,,1.0,,,,,,,,,250.0,500.0,,,PO,phenoxymethyl penicillin,,UNRESOLVED
10002585,Phenoxymethyl  Penicillin,Laryngitis,,,,,1.0,11.0,,,,,,,,,500.0,1000.0,,,PO,phenoxymethyl penicillin,,UNRESOLVED
10002586,Phenoxymethyl  Penicillin,Laryngitis,,,,,12.0,120.0,,,,,,,,,1000.0,2000.0,,,PO,phenoxymethyl penicillin,,UNRESOLVED
10002587,Phenoxymethyl  Penicillin,Laryngitis,29.0,,,,,1.0,,,,,,,,,250.0,500.0,,,PO,phenoxymethyl penicillin,,UNRESOLVED
10002588,Phenoxymethyl  Penicillin,Lymphadenitis and Lymphangitis of Bacterial Origin,,,,,1.0,11.0,,,,,,,,,500.0,1000.0,,,PO,phenoxymethyl penicillin,,UNRESOLVED
10002589,Phenoxymethyl  Penicillin,Lymphadenitis and Lymphangitis of Bacterial Origin,,,,,12.0,120.0,,,,,,,,,1000.0,2000.0,,,PO,phenoxymethyl penicillin,,UNRESOLVED
10002590,Phenoxymethyl  Penicillin,Lymphadenitis and Lymphangitis of Bacterial Origin,29.0,,,,,1.0,,,,,,,,,250.0,500.0,,,PO,phenoxymethyl penicillin,,UNRESOLVED
10002591,Phenoxymethyl  Penicillin,Otitis Media,,,,,1.0,11.0,,,,,,,,,500.0,1000.0,,,PO,phenoxymethyl penicillin,,UNRESOLVED
10002592,Phenoxymethyl  Penicillin,Otitis Media,,,,,12.0,120.0,,,,,,,,,1000.0,2000.0,,,PO,phenoxymethyl penicillin,,UNRESOLVED
10002593,Phenoxymethyl  Penicillin,Otitis Media,29.0,,,,,1.0,,,,,,,,,250.0,500.0,,,PO,phenoxymethyl penicillin,,UNRESOLVED
10002594,Phenoxymethyl  Penicillin,Pneumonia,,,,,1.0,11.0,,,,,,,,,500.0,1000.0,,,PO,phenoxymethyl penicillin,,UNRESOLVED
10002595,Phenoxymethyl  Penicillin,Pneumonia,,,,,12.0,120.0,,,,,,,,,1000.0,2000.0,,,PO,phenoxymethyl penicillin,,UNRESOLVED
10002596,Phenoxymethyl  Penicillin,Pneumonia,29.0,,,,,1.0,,,,,,,,,250.0,500.0,,,PO,phenoxymethyl penicillin,,UNRESOLVED
10002597,Phenoxymethyl  Penicillin,Prophylaxis of recurrent rheumatic fever,,,,,12.0,120.0,,,,,,,,,500.0,750.0,,,PO,phenoxymethyl penicillin,,UNRESOLVED
10002598,Phenoxymethyl  Penicillin,Respiratory Track Infections,,,,,12.0,120.0,,,,,,,,,1000.0,2000.0,,,PO,phenoxymethyl penicillin,,UNRESOLVED
10002599,Phenoxymethyl  Penicillin,Sinusitis,,,,,1.0,11.0,,,,,,,,,500.0,1000.0,,,PO,phenoxymethyl penicillin,,UNRESOLVED
10002600,Phenoxymethyl  Penicillin,Sinusitis,,,,,12.0,120.0,,,,,,,,,1000.0,2000.0,,,PO,phenoxymethyl penicillin,,UNRESOLVED
10002601,Phenoxymethyl  Penicillin,Sinusitis,29.0,,,,,1.0,,,,,,,,,250.0,500.0,,,PO,phenoxymethyl penicillin,,UNRESOLVED
10002602,Phenoxymethyl  Penicillin,Skin or Soft Tissue Infection,,,,,1.0,11.0,,,,,,,,,500.0,1000.0,,,PO,phenoxymethyl penicillin,,UNRESOLVED
10002603,Phenoxymethyl  Penicillin,Skin or Soft Tissue Infection,,,,,12.0,120.0,,,,,,,,,750.0,2000.0,,,PO,phenoxymethyl penicillin,,UNRESOLVED
10002604,Phenoxymethyl  Penicillin,Skin or Soft Tissue Infection,29.0,,,,,1.0,,,,,,,,,250.0,500.0,,,PO,phenoxymethyl penicillin,,UNRESOLVED
10002605,Phenoxymethyl  Penicillin,Staphylococcul Infections,,,,,12.0,120.0,,,,,,,,,750.0,2000.0,,,PO,phenoxymethyl penicillin,,UNRESOLVED
10002606,Phenoxymethyl  Penicillin,Tonsillitis/Pharyngitis,,,,,1.0,11.0,,,,,,,,,500.0,1000.0,,,PO,phenoxymethyl penicillin,,UNRESOLVED
10002607,Phenoxymethyl  Penicillin,Tonsillitis/Pharyngitis,,,,,12.0,120.0,,,,,,,,,1000.0,2000.0,,,PO,phenoxymethyl penicillin,,UNRESOLVED
10002608,Phenoxymethyl  Penicillin,Tonsillitis/Pharyngitis,29.0,,,,,1.0,,,,,,,,,250.0,500.0,,,PO,phenoxymethyl penicillin,,UNRESOLVED
10002609,Piperacillin + Tazobactam,Appendicitis,,,,,12.0,120.0,,,,,,,,,13500.0,16875.0,,,IV,piperacillin + tazobactam,DRUG000309|DRUG001535,FULL
10002610,Piperacillin + Tazobactam,Appendicitis,,,9.0,,,11.0,39.6,,,,,,,,13500.0,16875.0,,,IV,piperacillin + tazobactam,DRUG000309|DRUG001535,FULL
10002611,Piperacillin + Tazobactam,Appendicitis,,,9.0,,,11.0,,39.5,337.5,450.0,,,,,,,,,IV,piperacillin + tazobactam,DRUG000309|DRUG001535,FULL
10002612,Piperacillin + Tazobactam,Appendicitis,,,2.0,9.0,,,,,270.0,360.0,,,,,,,,,IV,piperacillin + tazobactam,DRUG000309|DRUG001535,FULL
10002613,Piperacillin + Tazobactam,Bacterial Infection,,,1.0,,,11.0,,,240.0,300.0,,,,,,,,,IV,piperacillin + tazobactam,DRUG000309|DRUG001535,FULL
10002614,Piperacillin + Tazobactam,Bacterial Infection,1.0,29.0,,,,,,,240.0,300.0,,,,,,,,,IV,piperacillin + tazobactam,DRUG000309|DRUG001535,FULL
10002615,Piperacillin + Tazobactam,Bacterial Infection with Cystic Fibrosis,,,1.0,,,11.0,,,400.0,600.0,,,24000.0,,,,,,IV,piperacillin + tazobactam,DRUG000309|DRUG001535,FULL
10002616,Piperacillin + Tazobactam,Bacterial Infection with Cystic Fibrosis,1.0,29.0,,,,,,,200.0,300.0,,,24000.0,,,,,,IV,piperacillin + tazobactam,DRUG000309|DRUG001535,FULL
10002617,Piperacillin + Tazobactam,Endocarditis,,,1.0,,,11.0,,,240.0,320.0,,,18000.0,,,,,,IV,piperacillin + tazobactam,DRUG000309|DRUG001535,FULL
10002618,Piperacillin + Tazobactam,Endometritis,,,,,12.0,120.0,,,,,,,,,13500.0,16875.0,,,IV,piperacillin + tazobactam,DRUG000309|DRUG001535,FULL
10002619,Piperacillin + Tazobactam,Intraabdominal Infection,,,,,12.0,120.0,,,,,,,,,13500.0,16875.0,,,IV,piperacillin + tazobactam,DRUG000309|DRUG001535,FULL
10002620,Piperacillin + Tazobactam,Intraabdominal Infection,,,9.0,,,11.0,39.6,,,,,,,,13500.0,16875.0,,,IV,piperacillin + tazobactam,DRUG000309|DRUG001535,FULL
10002621,Piperacillin + Tazobactam,Intraabdominal Infection,,,9.0,,,11.0,,39.5,337.5,450.0,,,,,,,,,IV,piperacillin + tazobactam,DRUG000309|DRUG001535,FULL
10002622,Piperacillin + Tazobactam,Intraabdominal Infection,,,2.0,9.0,,,,,270.0,360.0,,,,,,,,,IV,piperacillin + tazobactam,DRUG000309|DRUG001535,FULL
10002623,Piperacillin + Tazobactam,Nosocomial Pneumonia,,,,,12.0,120.0,,,,,,,,,13500.0,16875.0,,,IV,piperacillin + tazobactam,DRUG000309|DRUG001535,FULL
10002624,Piperacillin + Tazobactam,Nosocomial Pneumonia,,,9.0,,,11.0,39.6,,,,,,,,13500.0,16875.0,,,IV,piperacillin + tazobactam,DRUG000309|DRUG001535,FULL
10002625,Piperacillin + Tazobactam,Nosocomial Pneumonia,,,9.0,,,11.0,,39.5,337.5,450.0,,,,,,,,,IV,piperacillin + tazobactam,DRUG000309|DRUG001535,FULL
10002626,Piperacillin + Tazobactam,Nosocomial Pneumonia,,,2.0,9.0,,,,,270.0,360.0,,,,,,,,,IV,piperacillin + tazobactam,DRUG000309|DRUG001535,FULL
10002627,Piperacillin + Tazobactam,Pelvic Inflammatory Disease,,,,,12.0,120.0,,,,,,,,,13500.0,16875.0,,,IV,piperacillin + tazobactam,DRUG000309|DRUG001535,FULL
10002628,Piperacillin + Tazobactam,Peritonitis,,,,,12.0,120.0,,,,,,,,,13500.0,16875.0,,,IV,piperacillin + tazobactam,DRUG000309|DRUG001535,FULL
10002629,Piperacillin + Tazobactam,Peritonitis,,,9.0,,,11.0,39.6,,,,,,,,13500.0,16875.0,,,IV,piperacillin + tazobactam,DRUG000309|DRUG001535,FULL
10002630,Piperacillin + Tazobactam,Peritonitis,,,9.0,,,11.0,,39.5,337.5,450.0,,,,,,,,,IV,piperacillin + tazobactam,DRUG000309|DRUG001535,FULL
10002631,Piperacillin + Tazobactam,Peritonitis,,,2.0,9.0,,,,,270.0,360.0,,,,,,,,,IV,piperacillin + tazobactam,DRUG000309|DRUG001535,FULL
10002632,Piperacillin + Tazobactam,Pneumonia,,,,,12.0,120.0,,,,,,,,,13500.0,16875.0,,,IV,piperacillin + tazobactam,DRUG000309|DRUG001535,FULL
10002633,Piperacillin + Tazobactam,Pyelonephritis,,,,,12.0,120.0,,,,,,,,,10125.0,18000.0,,,IV,piperacillin + tazobactam,DRUG000309|DRUG001535,FULL
10002634,Piperacillin + Tazobactam,Skin and Structure Infection,,,,,12.0,120.0,,,,,,,,,13500.0,16875.0,,,IV,piperacillin + tazobactam,DRUG000309|DRUG001535,FULL
10002635,Piperacillin + Tazobactam,Skin and Structure Infection,,,1.0,,,11.0,,,240.0,300.0,,,,,,,,,IV,piperacillin + tazobactam,DRUG000309|DRUG001535,FULL
10002636,Piperacillin + Tazobactam,Skin or Soft Tissue Infection,,,,,12.0,120.0,,,,,,,,,13500.0,16875.0,,,IV,piperacillin + tazobactam,DRUG000309|DRUG001535,FULL
10002637,Piperacillin + Tazobactam,Skin or Soft Tissue Infection,,,1.0,,,11.0,,,240.0,300.0,,,,,,,,,IV,piperacillin + tazobactam,DRUG000309|DRUG001535,FULL
10002638,Piperacillin + Tazobactam,Surgical Prophylaxis,,,,,1.0,11.0,,,100.0,200.0,,,,,,,,,IV,piperacillin + tazobactam,DRUG000309|DRUG001535,FULL
10002639,Piperacillin + Tazobactam,Surgical Prophylaxis,,,,,12.0,120.0,,,,,,,,,3375.0,6750.0,,,IV,piperacillin + tazobactam,DRUG000309|DRUG001535,FULL
10002640,Piperacillin + Tazobactam,Surgical Prophylaxis,,,2.0,9.0,,,,,80.0,160.0,,,,,,,,,IV,piperacillin + tazobactam,DRUG000309|DRUG001535,FULL
10002641,Pivmecillinam,Acute uncomplicated cystitis,,,,,12.0,120.0,,,,,,,,,400.0,600.0,,,PO,pivmecillinam,DRUG001534,FULL
10002642,Pivmecillinam,Chronic or recurrent bacteriuria,,,,,12.0,120.0,,,,,,,,,1200.0,1600.0,,,PO,pivmecillinam,DRUG001534,FULL
10002643,Pivmecillinam,Salmonellosis,,,,,12.0,120.0,,,,,,,,,1200.0,2400.0,,,PO,pivmecillinam,DRUG001534,FULL
10002644,Pivmecillinam,Salmonellosis,,,1.0,,,11.0,,,30.0,60.0,,,,,,,,,PO,pivmecillinam,DRUG001534,FULL
10002645,Pivmecillinam,Shigellosis,,,1.0,,,11.0,,,80.0,100.0,,,,,,,,,PO,pivmecillinam,DRUG001534,FULL
10002646,Pivmecillinam,Urinary Tract Infection,,,,,12.0,120.0,,,,,,,,,200.0,400.0,,,PO,pivmecillinam,DRUG001534,FULL
10002647,Pivmecillinam,Urinary Tract Infection,,,1.0,,,11.0,,,20.0,40.0,,,,,,,,,PO,pivmecillinam,DRUG001534,FULL
10002648,Pyrazinamide,Tuberculosis - Active,,,,,12.0,120.0,75.6,,,,,,,,2000.0,2500.0,,,PO,pyrazinamide,DRUG000328,FULL
10002649,Pyrazinamide,Tuberculosis - Active,,,,,12.0,120.0,40.6,55.5,,,,,,,1000.0,1500.0,,,PO,pyrazinamide,DRUG000328,FULL
10002650,Pyrazinamide,Tuberculosis - Active,,,,,12.0,120.0,55.6,75.5,,,,,,,1500.0,2000.0,,,PO,pyrazinamide,DRUG000328,FULL
10002651,Pyrazinamide,Tuberculosis - Active,,,1.0,,,11.0,,,15.0,40.0,,,,,,,,,PO,pyrazinamide,DRUG000328,FULL
10002652,Pyrazinamide,Tuberculosis - Extrapulmonary,,,1.0,,,11.0,,,15.0,40.0,,,,,,,,,PO,pyrazinamide,DRUG000328,FULL
10002653,Pyrazinamide,Tuberculosis - Latent,,,,,12.0,120.0,75.6,,,,,,,,2000.0,2500.0,,,PO,pyrazinamide,DRUG000328,FULL
10002654,Pyrazinamide,Tuberculosis - Latent,,,,,12.0,120.0,40.6,55.5,,,,,,,1000.0,1500.0,,,PO,pyrazinamide,DRUG000328,FULL
10002655,Pyrazinamide,Tuberculosis - Latent,,,,,12.0,120.0,55.6,75.5,,,,,,,1500.0,2000.0,,,PO,pyrazinamide,DRUG000328,FULL
10002656,Rifampicin,Bacteremia,,,,,12.0,120.0,,,,,,,,,600.0,900.0,,,IV,rifampicin,DRUG001027,FULL
10002657,Rifampicin,Bacteremia,,,,,12.0,120.0,,,,,,,,,600.0,900.0,,,PO,rifampicin,DRUG001027,FULL
10002658,Rifampicin,Bone and Joint Infection,,,,,12.0,120.0,,,,,,,,,600.0,900.0,,,IV,rifampicin,DRUG001027,FULL
10002659,Rifampicin,Bone and Joint Infection,,,,,12.0,120.0,,,,,,,,,600.0,900.0,,,PO,rifampicin,DRUG001027,FULL
10002660,Rifampicin,CNS Infection,,,,,12.0,120.0,,,,,,,,,600.0,900.0,,,IV,rifampicin,DRUG001027,FULL
10002661,Rifampicin,CNS Infection,,,,,12.0,120.0,,,,,,,,,600.0,900.0,,,PO,rifampicin,DRUG001027,FULL
10002662,Rifampicin,Endocarditis,,,,,12.0,120.0,,,,,,,,,900.0,1200.0,,,IV,rifampicin,DRUG001027,FULL
10002663,Rifampicin,Endocarditis,,,,,12.0,120.0,,,,,,,,,900.0,1200.0,,,PO,rifampicin,DRUG001027,FULL
10002664,Rifampicin,Leprosy,,,,,12.0,120.0,,,,,,,,,600.0,900.0,,,PO,rifampicin,DRUG001027,FULL
10002665,Rifampicin,Leprosy,,,1.0,,,11.0,,,10.0,20.0,,,,,,,,,PO,rifampicin,DRUG001027,FULL
10002666,Rifampicin,Leprosy - Borderline,,,,,12.0,120.0,,,,,,,,,600.0,900.0,,,PO,rifampicin,DRUG001027,FULL
10002667,Rifampicin,Leprosy - Borderline,,,1.0,,,11.0,,,10.0,20.0,,,,,,,,,PO,rifampicin,DRUG001027,FULL
10002668,Rifampicin,Leprosy - Tuberculoid,,,,,12.0,120.0,,,,,,,,,600.0,900.0,,,PO,rifampicin,DRUG001027,FULL
10002669,Rifampicin,Leprosy - Tuberculoid,,,1.0,,,11.0,,,10.0,20.0,,,,,,,,,PO,rifampicin,DRUG001027,FULL
10002670,Rifampicin,Meningitis,,,,,12.0,120.0,,,,,,,,,600.0,900.0,,,IV,rifampicin,DRUG001027,FULL
10002671,Rifampicin,Meningitis,,,,,12.0,120.0,,,,,,,,,600.0,900.0,,,PO,rifampicin,DRUG001027,FULL
10002672,Rifampicin,Meningitis,,,1.0,,,11.0,,,40.0,60.0,,,,,,,,,IV,rifampicin,DRUG001027,FULL
10002673,Rifampicin,Meningitis,,,1.0,,,11.0,,,20.0,40.0,,,,,,,,,PO,rifampicin,DRUG001027,FULL
10002674,Rifampicin,Meningitis - Pneumococcal,,,1.0,,,11.0,,,40.0,60.0,,,,,,,,,IV,rifampicin,DRUG001027,FULL
10002675,Rifampicin,Meningitis - Pneumococcal,,,1.0,,,11.0,,,20.0,40.0,,,,,,,,,PO,rifampicin,DRUG001027,FULL
10002676,Rifampicin,Meningococcal Meningitis Prophylaxis,,,,,12.0,120.0,,,,,,,,,600.0,900.0,,,IV,rifampicin,DRUG001027,FULL
10002677,Rifampicin,Meningococcal Meningitis Prophylaxis,,,,,12.0,120.0,,,,,,,,,600.0,900.0,,,PO,rifampicin,DRUG001027,FULL
10002678,Rifampicin,Meningococcal Meningitis Prophylaxis,,,1.0,,,11.0,,,20.0,30.0,,,,,,,,,IV,rifampicin,DRUG001027,FULL
10002679,Rifampicin,Meningococcal Meningitis Prophylaxis,1.0,29.0,,,,,,,10.0,20.0,,,600.0,,,,,,IV,rifampicin,DRUG001027,FULL
10002680,Rifampicin,Meningococcal Meningitis Prophylaxis,,,1.0,,,11.0,,,20.0,30.0,,,600.0,,,,,,PO,rifampicin,DRUG001027,FULL
10002681,Rifampicin,Meningococcal Meningitis Prophylaxis,1.0,29.0,,,,,,,10.0,20.0,,,600.0,,,,,,PO,rifampicin,DRUG001027,FULL
10002682,Rifampicin,Nasal Carriage of Staphylococcus aureus,,,,,12.0,120.0,,,,,,,,,600.0,900.0,,,IV,rifampicin,DRUG001027,FULL
10002683,Rifampicin,Nasal Carriage of Staphylococcus aureus,,,,,12.0,120.0,,,,,,,,,600.0,900.0,,,PO,rifampicin,DRUG001027,FULL
10002684,Rifampicin,Osteomyelitis,,,,,12.0,120.0,,,,,,,,,600.0,900.0,,,IV,rifampicin,DRUG001027,FULL
10002685,Rifampicin,Osteomyelitis,,,,,12.0,120.0,,,,,,,,,600.0,900.0,,,PO,rifampicin,DRUG001027,FULL
10002686,Rifampicin,Tuberculosis - Active,,,,,12.0,120.0,,,10.0,20.0,,,600.0,,,,,,IV,rifampicin,DRUG001027,FULL
10002687,Rifampicin,Tuberculosis - Active,,,,,12.0,120.0,,,10.0,20.0,,,600.0,,,,,,PO,rifampicin,DRUG001027,FULL
10002688,Rifampicin,Tuberculosis - Active,,,1.0,,,11.0,,,10.0,20.0,,,600.0,,,,,,IV,rifampicin,DRUG001027,FULL
10002689,Rifampicin,Tuberculosis - Active,,,1.0,,,11.0,,,10.0,20.0,,,600.0,,,,,,PO,rifampicin,DRUG001027,FULL
10002690,Rifampicin,Tuberculosis - Latent,,,,,12.0,120.0,,,10.0,20.0,,,600.0,,,,,,IV,rifampicin,DRUG001027,FULL
10002691,Rifampicin,Tuberculosis - Latent,,,,,12.0,120.0,,,10.0,20.0,,,600.0,,,,,,PO,rifampicin,DRUG001027,FULL
10002692,Rifampicin,Tuberculosis - Latent,,,1.0,,,11.0,,,10.0,20.0,,,600.0,,,,,,IV,rifampicin,DRUG001027,FULL
10002693,Rifampicin,Tuberculosis - Latent,,,1.0,,,11.0,,,10.0,20.0,,,600.0,,,,,,PO,rifampicin,DRUG001027,FULL
10002694,Rifaximin,Clostridioides difficile infection,,,,,12.0,120.0,,,,,,,,,1200.0,1600.0,,,PO,rifaximin,DRUG001201,FULL
10002695,Rifaximin,Clostridioides difficile infection,,,,,8.0,17.0,,,10.0,30.0,,,1200.0,,,,,,PO,rifaximin,DRUG001201,FULL
10002696,Rifaximin,Hepatic Encephalopathy,,,,,18.0,120.0,,,,,,,,,1100.0,1650.0,,,PO,rifaximin,DRUG001201,FULL
10002697,Rifaximin,Irritable Bowel Syndrome,,,,,18.0,120.0,,,,,,,,,1650.0,2200.0,,,PO,rifaximin,DRUG001201,FULL
10002698,Rifaximin,Irritable Bowel Syndrome,,,,,8.0,17.0,,,10.0,30.0,,,1200.0,,,,,,PO,rifaximin,DRUG001201,FULL
10002699,Rifaximin,"Poucitis, acute refractory disease",,,,,18.0,120.0,,,,,,,,,1100.0,2000.0,,,PO,rifaximin,DRUG001201,FULL
10002700,Rifaximin,Small intestinal bacterial overgrowth,,,,,18.0,120.0,,,,,,,,,1100.0,1650.0,,,PO,rifaximin,DRUG001201,FULL
10002701,Rifaximin,Small intestinal bacterial overgrowth,,,,,3.0,7.0,,,,,,,,,600.0,800.0,,,PO,rifaximin,DRUG001201,FULL
10002702,Rifaximin,Small intestinal bacterial overgrowth,,,,,8.0,17.0,,,,,,,,,600.0,1650.0,,,PO,rifaximin,DRUG001201,FULL
10002703,Rifaximin,Traveler's Diarrhea,,,,,12.0,120.0,,,,,,,,,600.0,800.0,,,PO,rifaximin,DRUG001201,FULL
10002704,Rifaximin,Traveler's Diarrhea,,,,,3.0,11.0,,,,,,,,,400.0,500.0,,,PO,rifaximin,DRUG001201,FULL
10002705,Roxithromycin,Bronchitis,,,,,12.0,120.0,,,,,,,,,300.0,450.0,,,PO,roxithromycin,DRUG000762,FULL
10002706,Roxithromycin,Bronchitis,,,1.0,,,11.0,,,5.0,8.0,,,,,,,,,PO,roxithromycin,DRUG000762,FULL
10002707,Roxithromycin,Bronchopneumonia,,,,,12.0,120.0,,,,,,,,,300.0,450.0,,,PO,roxithromycin,DRUG000762,FULL
10002708,Roxithromycin,Bronchopneumonia,,,1.0,,,11.0,,,5.0,8.0,,,,,,,,,PO,roxithromycin,DRUG000762,FULL
10002709,Roxithromycin,Cervicitis,,,,,12.0,120.0,,,,,,,,,300.0,450.0,,,PO,roxithromycin,DRUG000762,FULL
10002710,Roxithromycin,Cervicitis,,,1.0,,,11.0,,,5.0,8.0,,,,,,,,,PO,roxithromycin,DRUG000762,FULL
10002711,Roxithromycin,Nongonococcal Urethritis,,,,,12.0,120.0,,,,,,,,,300.0,450.0,,,PO,roxithromycin,DRUG000762,FULL
10002712,Roxithromycin,Nongonococcal Urethritis,,,1.0,,,11.0,,,5.0,8.0,,,,,,,,,PO,roxithromycin,DRUG000762,FULL
10002713,Roxithromycin,Otitis Media,,,,,12.0,120.0,,,,,,,,,300.0,450.0,,,PO,roxithromycin,DRUG000762,FULL
10002714,Roxithromycin,Otitis Media,,,1.0,,,11.0,,,5.0,8.0,,,,,,,,,PO,roxithromycin,DRUG000762,FULL
10002715,Roxithromycin,Pharyngitis,,,,,12.0,120.0,,,,,,,,,300.0,450.0,,,PO,roxithromycin,DRUG000762,FULL
10002716,Roxithromycin,Pharyngitis,,,1.0,,,11.0,,,5.0,8.0,,,,,,,,,PO,roxithromycin,DRUG000762,FULL
10002717,Roxithromycin,Pneumonia,,,,,12.0,120.0,,,,,,,,,300.0,450.0,,,PO,roxithromycin,DRUG000762,FULL
10002718,Roxithromycin,Pneumonia,,,1.0,,,11.0,,,5.0,8.0,,,,,,,,,PO,roxithromycin,DRUG000762,FULL
10002719,Roxithromycin,Prostatitis,,,,,12.0,120.0,,,,,,,,,300.0,450.0,,,PO,roxithromycin,DRUG000762,FULL
10002720,Roxithromycin,Prostatitis,,,1.0,,,11.0,,,5.0,8.0,,,,,,,,,PO,roxithromycin,DRUG000762,FULL
10002721,Roxithromycin,Salpingitis,,,,,12.0,120.0,,,,,,,,,300.0,450.0,,,PO,roxithromycin,DRUG000762,FULL
10002722,Roxithromycin,Salpingitis,,,1.0,,,11.0,,,5.0,8.0,,,,,,,,,PO,roxithromycin,DRUG000762,FULL
10002723,Roxithromycin,Sinusitis,,,,,12.0,120.0,,,,,,,,,300.0,450.0,,,PO,roxithromycin,DRUG000762,FULL
10002724,Roxithromycin,Sinusitis,,,1.0,,,11.0,,,5.0,8.0,,,,,,,,,PO,roxithromycin,DRUG000762,FULL
10002725,Roxithromycin,Skin or Soft Tissue Infection,,,,,12.0,120.0,,,,,,,,,300.0,450.0,,,PO,roxithromycin,DRUG000762,FULL
10002726,Roxithromycin,Skin or Soft Tissue Infection,,,1.0,,,11.0,,,5.0,8.0,,,,,,,,,PO,roxithromycin,DRUG000762,FULL
10002727,Roxithromycin,Tonsillitis/Pharyngitis,,,,,12.0,120.0,,,,,,,,,300.0,450.0,,,PO,roxithromycin,DRUG000762,FULL
10002728,Roxithromycin,Tonsillitis/Pharyngitis,,,1.0,,,11.0,,,5.0,8.0,,,,,,,,,PO,roxithromycin,DRUG000762,FULL
10002729,Secnidazole,Bacterial Vaginosis,,,,,12.0,120.0,,,,,,,,,2000.0,4000.0,,,PO,secnidazole,DRUG010828,FULL
10002730,Secnidazole,Trichomoniasis,,,,,12.0,120.0,,,,,,,,,2000.0,4000.0,,,PO,secnidazole,DRUG010828,FULL
10002731,Sparfloxacin,Bronchitis,,,,,18.0,120.0,,,,,,,,,200.0,400.0,,,PO,sparfloxacin,DRUG001189,FULL
10002732,Sparfloxacin,Leprosy - Borderline,,,,,18.0,120.0,,,,,,,,,200.0,400.0,,,PO,sparfloxacin,DRUG001189,FULL
10002733,Sparfloxacin,Leprosy - Lepromatous,,,,,18.0,120.0,,,,,,,,,200.0,400.0,,,PO,sparfloxacin,DRUG001189,FULL
10002734,Sparfloxacin,Pneumonia,,,,,18.0,120.0,,,,,,,,,200.0,400.0,,,PO,sparfloxacin,DRUG001189,FULL
10002735,Spectinomycin,Gonorrhoea,,,,,12.0,120.0,,,,,,,,,2000.0,4000.0,,,IM,spectinomycin,DRUG000903,FULL
10002736,Spectinomycin,Gonorrhoea,,,1.0,,,11.0,,44.5,40.0,80.0,,,2000.0,,,,,,IM,spectinomycin,DRUG000903,FULL
10002737,Spectinomycin,Gonorrhoea,,,1.0,,,11.0,44.6,,,,,,,,2000.0,4000.0,,,IM,spectinomycin,DRUG000903,FULL
10002738,Spiramycine,Toxoplasmosis - Prophylaxis,,,,,12.0,120.0,,,,,,,,,1500.0,3000.0,,,IV,spiramycine,DRUG005442,FULL
10002739,Spiramycine,Toxoplasmosis - Prophylaxis,,,,,12.0,120.0,,,,,,,,,1000.0,5000.0,,,PO,spiramycine,DRUG005442,FULL
10002740,Spiramycine,Toxoplasmosis - Prophylaxis,,,1.0,,,11.0,19.6,,50.0,75.0,,,,,,,,,PO,spiramycine,DRUG005442,FULL
10002741,Streptomycin,Bacteremia,,,,,12.0,120.0,,,,,,,,,1000.0,2000.0,,,IM,streptomycin,DRUG001063,FULL
10002742,Streptomycin,Bacteremia,,,,,12.0,120.0,,,,,,,,,1000.0,2000.0,,,IV,streptomycin,DRUG001063,FULL
10002743,Streptomycin,Bacteremia,,,1.0,,,11.0,,,20.0,40.0,,,2000.0,,,,,,IM,streptomycin,DRUG001063,FULL
10002744,Streptomycin,Brucellosis,,,,,12.0,120.0,,,15.0,30.0,,,,,,,,,IM,streptomycin,DRUG001063,FULL
10002745,Streptomycin,Brucellosis,,,,,12.0,120.0,,,15.0,30.0,,,,,,,,,IV,streptomycin,DRUG001063,FULL
10002746,Streptomycin,Brucellosis,,,1.0,,,11.0,,,20.0,40.0,,,2000.0,,,,,,IM,streptomycin,DRUG001063,FULL
10002747,Streptomycin,Chancroid,,,,,12.0,120.0,,,,,,,,,1000.0,2000.0,,,IM,streptomycin,DRUG001063,FULL
10002748,Streptomycin,Chancroid,,,,,12.0,120.0,,,,,,,,,1000.0,2000.0,,,IV,streptomycin,DRUG001063,FULL
10002749,Streptomycin,Chancroid,,,1.0,,,11.0,,,20.0,40.0,,,2000.0,,,,,,IM,streptomycin,DRUG001063,FULL
10002750,Streptomycin,Endocarditis,,,,,12.0,65.0,,,,,,,,,1000.0,2000.0,,,IM,streptomycin,DRUG001063,FULL
10002751,Streptomycin,Endocarditis,,,,,65.0,120.0,,,,,,,,,1000.0,1500.0,,,IM,streptomycin,DRUG001063,FULL
10002752,Streptomycin,Granuloma Inguinale,,,,,12.0,120.0,,,,,,,,,1000.0,2000.0,,,IM,streptomycin,DRUG001063,FULL
10002753,Streptomycin,Granuloma Inguinale,,,,,12.0,120.0,,,,,,,,,1000.0,2000.0,,,IV,streptomycin,DRUG001063,FULL
10002754,Streptomycin,Granuloma Inguinale,,,1.0,,,11.0,,,20.0,40.0,,,2000.0,,,,,,IM,streptomycin,DRUG001063,FULL
10002755,Streptomycin,Meningitis,,,,,12.0,120.0,,,,,,,,,1000.0,2000.0,,,IM,streptomycin,DRUG001063,FULL
10002756,Streptomycin,Meningitis,,,,,12.0,120.0,,,,,,,,,1000.0,2000.0,,,IV,streptomycin,DRUG001063,FULL
10002757,Streptomycin,Meningitis,,,1.0,,,11.0,,,20.0,40.0,,,2000.0,,,,,,IM,streptomycin,DRUG001063,FULL
10002758,Streptomycin,Mycobacterium avium-intracellulare - Treatment,,,,,12.0,120.0,,,,,,,,,1000.0,2000.0,,,IM,streptomycin,DRUG001063,FULL
10002759,Streptomycin,Mycobacterium avium-intracellulare - Treatment,,,,,12.0,120.0,,,,,,,,,1000.0,2000.0,,,IV,streptomycin,DRUG001063,FULL
10002760,Streptomycin,Mycobacterium kansasii,,,,,12.0,120.0,,,,,,,,,1000.0,2000.0,,,IM,streptomycin,DRUG001063,FULL
10002761,Streptomycin,Mycobacterium kansasii,,,,,12.0,120.0,,,,,,,,,1000.0,2000.0,,,IV,streptomycin,DRUG001063,FULL
10002762,Streptomycin,Plague,,,,,12.0,120.0,,,,,,,,,2000.0,3000.0,,,IM,streptomycin,DRUG001063,FULL
10002763,Streptomycin,Plague,,,1.0,,,11.0,,,15.0,30.0,,,2000.0,,,,,,IM,streptomycin,DRUG001063,FULL
10002764,Streptomycin,Pneumonia,,,,,12.0,120.0,,,,,,,,,1000.0,2000.0,,,IM,streptomycin,DRUG001063,FULL
10002765,Streptomycin,Pneumonia,,,,,12.0,120.0,,,,,,,,,1000.0,2000.0,,,IV,streptomycin,DRUG001063,FULL
10002766,Streptomycin,Pneumonia,,,1.0,,,11.0,,,20.0,40.0,,,2000.0,,,,,,IM,streptomycin,DRUG001063,FULL
10002767,Streptomycin,Tuberculosis - Active,,,,,12.0,120.0,,,15.0,30.0,,,,,,,,,IM,streptomycin,DRUG001063,FULL
10002768,Streptomycin,Tuberculosis - Active,,,,,12.0,120.0,,,15.0,30.0,,,,,,,,,IV,streptomycin,DRUG001063,FULL
10002769,Streptomycin,Tuberculosis - Active,,,,,65.0,120.0,,,15.0,25.0,,,,,,,,,IM,streptomycin,DRUG001063,FULL
10002770,Streptomycin,Tuberculosis - Active,,,,,65.0,120.0,,,15.0,25.0,,,,,,,,,IV,streptomycin,DRUG001063,FULL
10002771,Streptomycin,Tuberculosis - Active,,,1.0,,,11.0,,,20.0,40.0,,,1500.0,,,,,,IM,streptomycin,DRUG001063,FULL
10002772,Streptomycin,Tularemia,,,,,12.0,120.0,,,,,,,,,1000.0,2000.0,,,IM,streptomycin,DRUG001063,FULL
10002773,Streptomycin,Tularemia,,,1.0,,,11.0,,,15.0,30.0,,,2000.0,,,,,,IM,streptomycin,DRUG001063,FULL
10002774,Streptomycin,Upper Respiratory Tract Infection,,,,,12.0,120.0,,,,,,,,,1000.0,2000.0,,,IM,streptomycin,DRUG001063,FULL
10002775,Streptomycin,Upper Respiratory Tract Infection,,,,,12.0,120.0,,,,,,,,,1000.0,2000.0,,,IV,streptomycin,DRUG001063,FULL
10002776,Streptomycin,Upper Respiratory Tract Infection,,,1.0,,,11.0,,,20.0,40.0,,,2000.0,,,,,,IM,streptomycin,DRUG001063,FULL
10002777,Streptomycin,Urinary Tract Infection,,,,,12.0,120.0,,,,,,,,,1000.0,2000.0,,,IM,streptomycin,DRUG001063,FULL
10002778,Streptomycin,Urinary Tract Infection,,,,,12.0,120.0,,,,,,,,,1000.0,2000.0,,,IV,streptomycin,DRUG001063,FULL
10002779,Streptomycin,Urinary Tract Infection,,,1.0,,,11.0,,,20.0,40.0,,,2000.0,,,,,,IM,streptomycin,DRUG001063,FULL
10002780,Tedizolid Phosphate,Acute Bacterial Skin and Structure Infection,,,,,12.0,120.0,,,,,,,,,200.0,400.0,,,IV,tedizolid phosphate,DRUG008058,FULL
10002781,Tedizolid Phosphate,Acute Bacterial Skin and Structure Infection,,,,,12.0,120.0,,,,,,,,,200.0,400.0,,,PO,tedizolid phosphate,DRUG008058,FULL
10002782,Teicoplanin,Bacterial Endocarditis Prophylaxis,,,,,12.0,120.0,,,12.0,24.0,,,,,,,,,IV,teicoplanin,DRUG005445,FULL
10002783,Teicoplanin,Bacterial Endocarditis Prophylaxis,,,2.0,,,11.0,,,6.0,20.0,,,,,,,,,IV,teicoplanin,DRUG005445,FULL
10002784,Teicoplanin,Bone and Joint Infection,,,,,12.0,120.0,,,12.0,24.0,,,,,,,,,IV,teicoplanin,DRUG005445,FULL
10002785,Teicoplanin,Bone and Joint Infection,,,2.0,,,11.0,,,6.0,20.0,,,,,,,,,IV,teicoplanin,DRUG005445,FULL
10002786,Teicoplanin,CAPD associated peritonitis,,,,,12.0,120.0,,,6.0,12.0,,,,,,,,,IV,teicoplanin,DRUG005445,FULL
10002787,Teicoplanin,Clostridioides difficile infection,,,,,12.0,120.0,,,,,,,,,200.0,400.0,,,PO,teicoplanin,DRUG005445,FULL
10002788,Teicoplanin,Community acquired pneumonia,,,,,12.0,120.0,,,6.0,12.0,,,,,,,,,IV,teicoplanin,DRUG005445,FULL
10002789,Teicoplanin,Community acquired pneumonia,,,2.0,,,11.0,,,6.0,20.0,,,,,,,,,IV,teicoplanin,DRUG005445,FULL
10002790,Teicoplanin,Complicated skin and soft tissue infections,,,,,12.0,120.0,,,6.0,12.0,,,,,,,,,IV,teicoplanin,DRUG005445,FULL
10002791,Teicoplanin,Complicated skin and soft tissue infections,,,2.0,,,11.0,,,6.0,20.0,,,,,,,,,IV,teicoplanin,DRUG005445,FULL
10002792,Teicoplanin,Complicated urinary tract infections,,,,,12.0,120.0,,,6.0,12.0,,,,,,,,,IV,teicoplanin,DRUG005445,FULL
10002793,Teicoplanin,Complicated urinary tract infections,,,2.0,,,11.0,,,6.0,20.0,,,,,,,,,IV,teicoplanin,DRUG005445,FULL
10002794,Teicoplanin,Hospital-acquired pneumonia,,,,,12.0,120.0,,,6.0,12.0,,,,,,,,,IV,teicoplanin,DRUG005445,FULL
10002795,Teicoplanin,Hospital-acquired pneumonia,,,2.0,,,11.0,,,6.0,20.0,,,,,,,,,IV,teicoplanin,DRUG005445,FULL
10002796,Tetracycline Hydrochloride,Acne,,,,,18.0,120.0,,,,,,,,,1000.0,1500.0,,,PO,tetracycline hydrochloride,DRUG000743,FULL
10002797,Tetracycline Hydrochloride,Bacterial Infection,,,,,8.0,11.0,,,25.0,50.0,,,,,,,,,PO,tetracycline hydrochloride,DRUG000743,FULL
10002798,Tetracycline Hydrochloride,Bronchitis,,,,,18.0,120.0,,,,,,,,,1500.0,2000.0,,,PO,tetracycline hydrochloride,DRUG000743,FULL
10002799,Tetracycline Hydrochloride,Brucellosis,,,,,18.0,120.0,,,,,,,,,1500.0,2000.0,,,PO,tetracycline hydrochloride,DRUG000743,FULL
10002800,Tetracycline Hydrochloride,Chlamydia Infection,,,,,18.0,120.0,,,,,,,,,1500.0,2000.0,,,PO,tetracycline hydrochloride,DRUG000743,FULL
10002801,Tetracycline Hydrochloride,Cystitis,,,,,18.0,120.0,,,,,,,,,1500.0,2000.0,,,PO,tetracycline hydrochloride,DRUG000743,FULL
10002802,Tetracycline Hydrochloride,Epididymitis - Sexually Transmitted,,,,,18.0,120.0,,,,,,,,,1500.0,2000.0,,,PO,tetracycline hydrochloride,DRUG000743,FULL
10002803,Tetracycline Hydrochloride,Gonococcal Infection - Uncomplicated,,,,,18.0,120.0,,,,,,,,,1500.0,2000.0,,,PO,tetracycline hydrochloride,DRUG000743,FULL
10002804,Tetracycline Hydrochloride,Helicobacter pylori Infection,,,,,18.0,120.0,,,,,,,,,1500.0,2000.0,,,PO,tetracycline hydrochloride,DRUG000743,FULL
10002805,Tetracycline Hydrochloride,Lyme Disease - Arthritis,,,,,18.0,120.0,,,,,,,,,1500.0,2000.0,,,PO,tetracycline hydrochloride,DRUG000743,FULL
10002806,Tetracycline Hydrochloride,Lyme Disease - Carditis,,,,,18.0,120.0,,,,,,,,,1500.0,2000.0,,,PO,tetracycline hydrochloride,DRUG000743,FULL
10002807,Tetracycline Hydrochloride,Lyme Disease - Erythema Chronicum Migrans,,,,,18.0,120.0,,,,,,,,,1500.0,2000.0,,,PO,tetracycline hydrochloride,DRUG000743,FULL
10002808,Tetracycline Hydrochloride,Lyme Disease - Neurologic,,,,,18.0,120.0,,,,,,,,,1500.0,2000.0,,,PO,tetracycline hydrochloride,DRUG000743,FULL
10002809,Tetracycline Hydrochloride,Nongonococcal Urethritis,,,,,18.0,120.0,,,,,,,,,1500.0,2000.0,,,PO,tetracycline hydrochloride,DRUG000743,FULL
10002810,Tetracycline Hydrochloride,Ornithosis,,,,,18.0,120.0,,,,,,,,,1500.0,2000.0,,,PO,tetracycline hydrochloride,DRUG000743,FULL
10002811,Tetracycline Hydrochloride,Pneumonia,,,,,18.0,120.0,,,,,,,,,1500.0,2000.0,,,PO,tetracycline hydrochloride,DRUG000743,FULL
10002812,Tetracycline Hydrochloride,Psittacosis,,,,,18.0,120.0,,,,,,,,,1500.0,2000.0,,,PO,tetracycline hydrochloride,DRUG000743,FULL
10002813,Tetracycline Hydrochloride,Rickettsial Infection,,,,,18.0,120.0,,,,,,,,,1500.0,2000.0,,,PO,tetracycline hydrochloride,DRUG000743,FULL
10002814,Tetracycline Hydrochloride,Syphilis - Early,,,,,18.0,120.0,,,,,,,,,1500.0,2000.0,,,PO,tetracycline hydrochloride,DRUG000743,FULL
10002815,Tetracycline Hydrochloride,Syphilis - Latent,,,,,18.0,120.0,,,,,,,,,1500.0,2000.0,,,PO,tetracycline hydrochloride,DRUG000743,FULL
10002816,Tetracycline Hydrochloride,Tertiary Syphilis,,,,,18.0,120.0,,,,,,,,,1500.0,2000.0,,,PO,tetracycline hydrochloride,DRUG000743,FULL
10002817,Tetracycline Hydrochloride,Upper Respiratory Tract Infection,,,,,18.0,120.0,,,,,,,,,1500.0,2000.0,,,PO,tetracycline hydrochloride,DRUG000743,FULL
10002818,Tigecycline,Intraabdominal Infection,,,,,8.0,11.0,,,2.4,3.6,,,100.0,,,,,,IV,tigecycline,DRUG000546,FULL
10002819,Tigecycline,Intraabdominal Infection,,,,,12.0,120.0,,,,,,,,,100.0,150.0,,,IV,tigecycline,DRUG000546,FULL
10002820,Tigecycline,Pneumonia,,,,,8.0,11.0,,,2.4,3.6,,,,,,,,,IV,tigecycline,DRUG000546,FULL
10002821,Tigecycline,Pneumonia,,,,,12.0,120.0,,,,,,,,,100.0,150.0,,,IV,tigecycline,DRUG000546,FULL
10002822,Tigecycline,Skin and Structure Infection,,,,,8.0,11.0,,,2.4,3.6,,,,,,,,,IV,tigecycline,DRUG000546,FULL
10002823,Tigecycline,Skin and Structure Infection,,,,,12.0,120.0,,,,,,,,,100.0,150.0,,,IV,tigecycline,DRUG000546,FULL
10002824,Tigecycline,Skin or Soft Tissue Infection,,,,,12.0,120.0,,,,,,,,,100.0,150.0,,,IV,tigecycline,DRUG000546,FULL
10002825,Tigecycline,Trichomoniasis,,,,,12.0,120.0,,,,,,,,,100.0,150.0,,,PO,tigecycline,DRUG000546,FULL
10002826,Tinidazole,Amebiasis,,,,,3.0,11.0,,,50.0,100.0,,,,,,,,,PO,tinidazole,DRUG000895,FULL
10002827,Tinidazole,Amebiasis,,,,,12.0,120.0,,,,,,,,,2000.0,3000.0,,,PO,tinidazole,DRUG000895,FULL
10002828,Tinidazole,Bacterial Vaginosis,,,,,12.0,120.0,,,,,,,,,1000.0,2000.0,,,PO,tinidazole,DRUG000895,FULL
10002829,Tinidazole,Giardiasis,,,,,3.0,11.0,,,50.0,100.0,,,2000.0,,,,,,PO,tinidazole,DRUG000895,FULL
10002830,Tinidazole,Giardiasis,,,,,12.0,120.0,,,,,,,,,2000.0,3000.0,,,PO,tinidazole,DRUG000895,FULL
10002831,Tinidazole,Trichomoniasis,,,,,3.0,11.0,,,50.0,100.0,,,,,,,,,PO,tinidazole,DRUG000895,FULL
10002832,Tobramycin,,,,,,,,,,,,,,,,,,,,,tobramycin,DRUG000669,FULL
10002833,Trimethoprim,Otitis Media,,,6.0,,,11.0,,,10.0,15.0,,,200.0,,,,,,PO,trimethoprim,DRUG000428,FULL
10002834,Trimethoprim,Urinary Tract Infection,,,,,12.0,120.0,,,,,,,,,200.0,300.0,,,PO,trimethoprim,DRUG000428,FULL
10002835,Trimethoprim + Sulphamethoxazole,Bronchitis,,,,,12.0,120.0,,,,,,,,,160.0,320.0,,,PO,trimethoprim + sulphamethoxazole,DRUG000428,PARTIAL
10002836,Trimethoprim + Sulphamethoxazole,Cystitis,,,,,12.0,120.0,,,,,,,,,320.0,480.0,,,PO,trimethoprim + sulphamethoxazole,DRUG000428,PARTIAL
10002837,Trimethoprim + Sulphamethoxazole,Bacterial Infection ,,,2.0,,,120.0,40.0,,,,,,,,240.0,320.0,,,PO,trimethoprim + sulphamethoxazole,DRUG000428,PARTIAL
10002838,Trimethoprim + Sulphamethoxazole,Bacterial Infection ,,,2.0,,,120.0,30.0,39.9,,,,,,,160.0,240.0,,,PO,trimethoprim + sulphamethoxazole,DRUG000428,PARTIAL
10002839,Trimethoprim + Sulphamethoxazole,Bacterial Infection ,,,2.0,,,120.0,20.0,29.9,,,,,,,80.0,160.0,,,PO,trimethoprim + sulphamethoxazole,DRUG000428,PARTIAL
10002840,Trimethoprim + Sulphamethoxazole,Bacterial Infection ,,,2.0,,,120.0,0.0,19.9,,,,,,,40.0,80.0,,,PO,trimethoprim + sulphamethoxazole,DRUG000428,PARTIAL
10002841,Trimethoprim + Sulphamethoxazole,Bacterial Infection ,,,,,12.0,120.0,,,,,,,,,160.0,320.0,,,PO,trimethoprim + sulphamethoxazole,DRUG000428,PARTIAL
10002842,Trimethoprim + Sulphamethoxazole,Granuloma Inguinale,,,,,12.0,120.0,,,,,,,,,320.0,480.0,,,PO,trimethoprim + sulphamethoxazole,DRUG000428,PARTIAL
10002843,Trimethoprim + Sulphamethoxazole,Meningitis,,,,,12.0,120.0,,,15.0,20.0,,,,,,,,,IV,trimethoprim + sulphamethoxazole,DRUG000428,PARTIAL
10002844,Trimethoprim + Sulphamethoxazole,Meningitis,,,1.0,,,11.0,,,10.0,20.0,,,,,,,,,PO,trimethoprim + sulphamethoxazole,DRUG000428,PARTIAL
10002845,Trimethoprim + Sulphamethoxazole,Pneumocystis carinii pneumonia (Treatment),,,2.0,,,120.0,80.0,,,,,,,,1280.0,1920.0,,,PO,trimethoprim + sulphamethoxazole,DRUG000428,PARTIAL
10002846,Trimethoprim + Sulphamethoxazole,Pneumocystis carinii pneumonia (Treatment),,,2.0,,,120.0,64.0,79.9,,,,,,,960.0,1280.0,,,PO,trimethoprim + sulphamethoxazole,DRUG000428,PARTIAL
10002847,Trimethoprim + Sulphamethoxazole,Pneumocystis carinii pneumonia (Treatment),,,2.0,,,120.0,48.0,63.9,,,,,,,640.0,960.0,,,PO,trimethoprim + sulphamethoxazole,DRUG000428,PARTIAL
10002848,Trimethoprim + Sulphamethoxazole,Pneumocystis carinii pneumonia (Treatment),,,2.0,,,120.0,40.0,47.9,,,,,,,640.0,800.0,,,PO,trimethoprim + sulphamethoxazole,DRUG000428,PARTIAL
10002849,Trimethoprim + Sulphamethoxazole,Pneumocystis carinii pneumonia (Treatment),,,2.0,,,120.0,32.0,39.9,,,,,,,320.0,640.0,,,PO,trimethoprim + sulphamethoxazole,DRUG000428,PARTIAL
10002850,Trimethoprim + Sulphamethoxazole,Pneumocystis carinii pneumonia (Treatment),,,2.0,,,120.0,24.0,31.9,,,,,,,320.0,480.0,,,PO,trimethoprim + sulphamethoxazole,DRUG000428,PARTIAL
10002851,Trimethoprim + Sulphamethoxazole,Pneumocystis carinii pneumonia (Treatment),,,2.0,,,120.0,16.0,23.9,,,,,,,160.0,320.0,,,PO,trimethoprim + sulphamethoxazole,DRUG000428,PARTIAL
10002852,Trimethoprim + Sulphamethoxazole,Pneumocystis carinii pneumonia (Treatment),,,2.0,,,120.0,0.0,15.9,,,,,,,80.0,160.0,,,PO,trimethoprim + sulphamethoxazole,DRUG000428,PARTIAL
10002853,Trimethoprim + Sulphamethoxazole,Pneumocystis carinii pneumonia (Prevention),,,2.0,,,120.0,0.0,15.9,,,,,,,160.0,320.0,,,PO,trimethoprim + sulphamethoxazole,DRUG000428,PARTIAL
10002854,Trimethoprim + Sulphamethoxazole,Protozoan Infection,,,,,12.0,120.0,,,,,,,,,320.0,560.0,,,PO,trimethoprim + sulphamethoxazole,DRUG000428,PARTIAL
10002855,Trimethoprim + Sulphamethoxazole,Protozoan Infection,,,1.0,,,11.0,,,5.0,10.0,,,,,,,,,PO,trimethoprim + sulphamethoxazole,DRUG000428,PARTIAL
10002856,Trimethoprim + Sulphamethoxazole,Pyelonephritis,,,,,12.0,120.0,,,,,,,,,320.0,480.0,,,PO,trimethoprim + sulphamethoxazole,DRUG000428,PARTIAL
10002857,Trimethoprim + Sulphamethoxazole,Shigellosis,,,,,12.0,120.0,,,8.0,10.0,,,,,,,,,IV,trimethoprim + sulphamethoxazole,DRUG000428,PARTIAL
10002858,Trimethoprim + Sulphamethoxazole,Shigellosis,,,2.0,,,11.0,,,8.0,10.0,,,,,,,,,IV,trimethoprim + sulphamethoxazole,DRUG000428,PARTIAL
10002859,Trimethoprim + Sulphamethoxazole,Shigellosis,,,2.0,,,11.0,,,8.0,12.0,,,,,,,,,PO,trimethoprim + sulphamethoxazole,DRUG000428,PARTIAL
10002860,Trimethoprim + Sulphamethoxazole,Toxoplasmosis - Prophylaxis,,,,,12.0,120.0,,,10.0,15.0,,,,,,,,,IV,trimethoprim + sulphamethoxazole,DRUG000428,PARTIAL
10002861,Trimethoprim + Sulphamethoxazole,Toxoplasmosis - Prophylaxis,,,,,12.0,120.0,,,10.0,15.0,,,,,,,,,PO,trimethoprim + sulphamethoxazole,DRUG000428,PARTIAL
10002862,Trimethoprim + Sulphamethoxazole,Toxoplasmosis - Prophylaxis,,,,,12.0,120.0,,,,,,,,,160.0,320.0,,,PO,trimethoprim + sulphamethoxazole,DRUG000428,PARTIAL
10002863,Trimethoprim + Sulphamethoxazole,Toxoplasmosis - Prophylaxis,,,1.0,,,11.0,,,10.0,15.0,,,,,,,,,IV,trimethoprim + sulphamethoxazole,DRUG000428,PARTIAL
10002864,Trimethoprim + Sulphamethoxazole,Toxoplasmosis - Prophylaxis,,,1.0,,,11.0,,,10.0,15.0,,,,,,,,,PO,trimethoprim + sulphamethoxazole,DRUG000428,PARTIAL
10002865,Trimethoprim + Sulphamethoxazole,Traveler's Diarrhea,,,,,12.0,120.0,,,,,,,,,160.0,240.0,,,PO,trimethoprim + sulphamethoxazole,DRUG000428,PARTIAL
10002866,Trimethoprim + Sulphamethoxazole,Urinary Tract Infection,,,,,12.0,120.0,,,8.0,10.0,,,,,,,,,IV,trimethoprim + sulphamethoxazole,DRUG000428,PARTIAL
10002867,Trimethoprim + Sulphamethoxazole,Urinary Tract Infection,,,,,12.0,120.0,,,,,,,,,320.0,480.0,,,PO,trimethoprim + sulphamethoxazole,DRUG000428,PARTIAL
10002868,Trimethoprim + Sulphamethoxazole,Urinary Tract Infection,,,2.0,,,11.0,,,8.0,10.0,,,960.0,,,,,,IV,trimethoprim + sulphamethoxazole,DRUG000428,PARTIAL
10002869,Trimethoprim + Sulphamethoxazole,Urinary Tract Infection,,,2.0,,,11.0,,,8.0,12.0,,,,,,,,,PO,trimethoprim + sulphamethoxazole,DRUG000428,PARTIAL
10002870,Vancomycin,Bacteremia,,,,,18.0,120.0,,,30.0,60.0,,,,,,,,,IV,vancomycin,DRUG000498,FULL
10002871,Vancomycin,Bacteremia,,,1.0,,,18.0,,,30.0,40.0,,,,,,,,,IV,vancomycin,DRUG000498,FULL
10002872,Vancomycin,Bacteremia,1.0,29.0,,,,,,,,30.0,,,,,,,,,IV,vancomycin,DRUG000498,FULL
10002873,Vancomycin,Bacterial Infection,,,,,18.0,120.0,,,,,,,,,2000.0,2500.0,,,IV,vancomycin,DRUG000498,FULL
10002874,Vancomycin,Bacterial Infection,,,1.0,,,18.0,,,30.0,40.0,,,,,,,,,IV,vancomycin,DRUG000498,FULL
10002875,Vancomycin,Bacterial Infection,1.0,29.0,,,,,,,15.0,30.0,,,,,,,,,IV,vancomycin,DRUG000498,FULL
10002876,Vancomycin,CNS Infection,,,,,18.0,120.0,,,30.0,60.0,,,,,,,,,IV,vancomycin,DRUG000498,FULL
10002877,Vancomycin,CNS Infection,,,1.0,,,18.0,,,30.0,40.0,,,,,,,,,IV,vancomycin,DRUG000498,FULL
10002878,Vancomycin,Endocarditis,,,,,18.0,120.0,,,,,,,,,2000.0,2500.0,,,IV,vancomycin,DRUG000498,FULL
10002879,Vancomycin,Endocarditis,,,1.0,,,18.0,,,30.0,40.0,,,,,,,,,IV,vancomycin,DRUG000498,FULL
10002880,Vancomycin,Endocarditis,1.0,29.0,,,,,,,15.0,30.0,,,,,,,,,IV,vancomycin,DRUG000498,FULL
10002881,Vancomycin,Enterocolitis,,,,,18.0,120.0,,,,,,,,,500.0,2000.0,,,PO,vancomycin,DRUG000498,FULL
10002882,Vancomycin,Enterocolitis,,,1.0,,,18.0,,,30.0,40.0,,,,,,,,,PO,vancomycin,DRUG000498,FULL
10002883,Vancomycin,Febrile Neutropenia,,,,,18.0,120.0,,,30.0,45.0,,,,,,,,,IV,vancomycin,DRUG000498,FULL
10002884,Vancomycin,Head Injury,,,,,18.0,120.0,,,,,,,,,2000.0,3000.0,,,IV,vancomycin,DRUG000498,FULL
10002885,Vancomycin,Head Injury,,,1.0,,,18.0,,,60.0,80.0,,,,,,,,,IV,vancomycin,DRUG000498,FULL
10002886,Vancomycin,Intraabdominal Infection,,,,,18.0,120.0,,,30.0,60.0,,,,,,,,,IV,vancomycin,DRUG000498,FULL
10002887,Vancomycin,Intraabdominal Infection,,,1.0,,,18.0,,,30.0,40.0,,,,,,,,,IV,vancomycin,DRUG000498,FULL
10002888,Vancomycin,Meningitis,,,,,18.0,120.0,,,30.0,60.0,,,,,,,,,IV,vancomycin,DRUG000498,FULL
10002889,Vancomycin,Meningitis,,,1.0,,,18.0,,,30.0,40.0,,,,,,,,,IV,vancomycin,DRUG000498,FULL
10002890,Vancomycin,Meningitis - Streptococcus Group B,,,,,18.0,120.0,,,,,,,,,2000.0,3000.0,,,IV,vancomycin,DRUG000498,FULL
10002891,Vancomycin,Nosocomial Pneumonia,,,,,18.0,120.0,,,,,,,,,2000.0,2500.0,,,IV,vancomycin,DRUG000498,FULL
10002892,Vancomycin,Osteomyelitis,,,,,18.0,120.0,,,,,,,,,2000.0,2500.0,,,IV,vancomycin,DRUG000498,FULL
10002893,Vancomycin,Osteomyelitis,,,1.0,,,18.0,,,30.0,40.0,,,,,,,,,IV,vancomycin,DRUG000498,FULL
10002894,Vancomycin,Osteomyelitis,1.0,29.0,,,,,,,15.0,30.0,,,,,,,,,IV,vancomycin,DRUG000498,FULL
10002895,Vancomycin,Peritonitis,,,,,18.0,120.0,,,30.0,60.0,,,,,,,,,IV,vancomycin,DRUG000498,FULL
10002896,Vancomycin,Peritonitis,,,1.0,,,18.0,,,30.0,40.0,,,,,,,,,IV,vancomycin,DRUG000498,FULL
10002897,Vancomycin,Pneumonia,,,,,18.0,120.0,,,,,,,,,2000.0,2500.0,,,IV,vancomycin,DRUG000498,FULL
10002898,Vancomycin,Pneumonia,,,1.0,,,18.0,,,30.0,40.0,,,,,,,,,IV,vancomycin,DRUG000498,FULL
10002899,Vancomycin,Pseudomembranous Colitis,,,,,18.0,120.0,,,,,,,,,500.0,2000.0,,,PO,vancomycin,DRUG000498,FULL
10002900,Vancomycin,Pseudomembranous Colitis,,,1.0,,,18.0,,,30.0,40.0,,,,,,,,,PO,vancomycin,DRUG000498,FULL
10002901,Vancomycin,Sepsis,,,,,18.0,120.0,,,,,,,,,2000.0,2500.0,,,IV,vancomycin,DRUG000498,FULL
10002902,Vancomycin,Sepsis,,,1.0,,,18.0,,,30.0,40.0,,,,,,,,,IV,vancomycin,DRUG000498,FULL
10002903,Vancomycin,Sepsis,1.0,29.0,,,,,,,15.0,30.0,,,,,,,,,IV,vancomycin,DRUG000498,FULL
10002904,Vancomycin,Shunt Infection,,,,,18.0,120.0,,,,,,,,,5.0,20.0,,,IV,vancomycin,DRUG000498,FULL
10002905,Vancomycin,Shunt Infection,,,1.0,,,18.0,,,,,,,,,5.0,20.0,,,IV,vancomycin,DRUG000498,FULL
10002906,Vancomycin,Skin or Soft Tissue Infection,,,,,18.0,120.0,,,,,,,,,2000.0,2500.0,,,IV,vancomycin,DRUG000498,FULL
10002907,Vancomycin,Skin or Soft Tissue Infection,,,1.0,,,18.0,,,30.0,40.0,,,,,,,,,IV,vancomycin,DRUG000498,FULL
10002908,Vancomycin,Skin or Soft Tissue Infection,1.0,29.0,,,,,,,15.0,30.0,,,,,,,,,IV,vancomycin,DRUG000498,FULL
10002909,Vancomycin,Surgical Prophylaxis,,,,,18.0,120.0,,,15.0,30.0,,,,,,,,,IV,vancomycin,DRUG000498,FULL
10002910,Vancomycin,Surgical Prophylaxis,,,1.0,,,18.0,,,30.0,40.0,,,,,,,,,IV,vancomycin,DRUG000498,FULL
10002911,Vancomycin,Surgical Prophylaxis,1.0,29.0,,,,,,,15.0,30.0,,,,,,,,,IV,vancomycin,DRUG000498,FULL
10002912,Vancomycin,Sepsis,,,,,18.0,120.0,,,,,,,,,2000.0,2500.0,,,PO,vancomycin,DRUG000498,FULL
10002913,Vancomycin,Sepsis,,,1.0,,,18.0,,,30.0,40.0,,,,,,,,,PO,vancomycin,DRUG000498,FULL
10002914,Vancomycin,Sepsis,1.0,29.0,,,,,,,15.0,30.0,,,,,,,,,PO,vancomycin,DRUG000498,FULL
10002915,Vancomycin,Shunt Infection,,,,,18.0,120.0,,,,,,,,,5.0,20.0,,,PO,vancomycin,DRUG000498,FULL
10002916,Vancomycin,Shunt Infection,,,1.0,,,18.0,,,,,,,,,5.0,20.0,,,PO,vancomycin,DRUG000498,FULL
10002917,Vancomycin,Skin or Soft Tissue Infection,,,,,18.0,120.0,,,,,,,,,2000.0,2500.0,,,PO,vancomycin,DRUG000498,FULL
10002918,Vancomycin,Skin or Soft Tissue Infection,,,1.0,,,18.0,,,30.0,40.0,,,,,,,,,PO,vancomycin,DRUG000498,FULL
10002919,Vancomycin,Skin or Soft Tissue Infection,1.0,29.0,,,,,,,15.0,30.0,,,,,,,,,PO,vancomycin,DRUG000498,FULL
10002920,Vancomycin,Surgical Prophylaxis,,,,,18.0,120.0,,,15.0,30.0,,,,,,,,,PO,vancomycin,DRUG000498,FULL
10002921,Vancomycin,Surgical Prophylaxis,,,1.0,,,18.0,,,30.0,40.0,,,,,,,,,PO,vancomycin,DRUG000498,FULL
10002922,Vancomycin,Surgical Prophylaxis,1.0,29.0,,,,,,,15.0,30.0,,,,,,,,,PO,vancomycin,DRUG000498,FULL
10002923,Vancomycin,Febrile Neutropenia,,,,,18.0,120.0,,,30.0,45.0,,,,,,,,,PO,vancomycin,DRUG000498,FULL
10002924,Vancomycin,Head Injury,,,,,18.0,120.0,,,,,,,,,2000.0,3000.0,,,PO,vancomycin,DRUG000498,FULL
10002925,Vancomycin,Head Injury,,,1.0,,,18.0,,,60.0,80.0,,,,,,,,,PO,vancomycin,DRUG000498,FULL
10002926,Vancomycin,Intraabdominal Infection,,,,,18.0,120.0,,,30.0,60.0,,,,,,,,,PO,vancomycin,DRUG000498,FULL
10002927,Vancomycin,Intraabdominal Infection,,,1.0,,,18.0,,,30.0,40.0,,,,,,,,,PO,vancomycin,DRUG000498,FULL
10002928,Vancomycin,Meningitis,,,,,18.0,120.0,,,30.0,60.0,,,,,,,,,PO,vancomycin,DRUG000498,FULL
10002929,Vancomycin,Meningitis,,,1.0,,,18.0,,,30.0,40.0,,,,,,,,,PO,vancomycin,DRUG000498,FULL
10002930,Vancomycin,Meningitis - Streptococcus Group B,,,,,18.0,120.0,,,,,,,,,2000.0,3000.0,,,PO,vancomycin,DRUG000498,FULL
10002931,Vancomycin,Nosocomial Pneumonia,,,,,18.0,120.0,,,,,,,,,2000.0,2500.0,,,PO,vancomycin,DRUG000498,FULL
10002932,Vancomycin,Osteomyelitis,,,,,18.0,120.0,,,,,,,,,2000.0,2500.0,,,PO,vancomycin,DRUG000498,FULL
10002933,Vancomycin,Osteomyelitis,,,1.0,,,18.0,,,30.0,40.0,,,,,,,,,PO,vancomycin,DRUG000498,FULL
10002934,Vancomycin,Osteomyelitis,1.0,29.0,,,,,,,15.0,30.0,,,,,,,,,PO,vancomycin,DRUG000498,FULL
10002935,Vancomycin,Peritonitis,,,,,18.0,120.0,,,30.0,60.0,,,,,,,,,PO,vancomycin,DRUG000498,FULL
10002936,Vancomycin,Peritonitis,,,1.0,,,18.0,,,30.0,40.0,,,,,,,,,PO,vancomycin,DRUG000498,FULL
10002937,Vancomycin,Pneumonia,,,,,18.0,120.0,,,,,,,,,2000.0,2500.0,,,PO,vancomycin,DRUG000498,FULL
10002938,Vancomycin,Pneumonia,,,1.0,,,18.0,,,30.0,40.0,,,,,,,,,PO,vancomycin,DRUG000498,FULL
10002939,Vancomycin,Bacteremia,,,,,18.0,120.0,,,30.0,60.0,,,,,,,,,PO,vancomycin,DRUG000498,FULL
10002940,Vancomycin,Bacteremia,,,1.0,,,18.0,,,30.0,40.0,,,,,,,,,PO,vancomycin,DRUG000498,FULL
10002941,Vancomycin,Bacteremia,1.0,29.0,,,,,,,,30.0,,,,,,,,,PO,vancomycin,DRUG000498,FULL
10002942,Vancomycin,Bacterial Infection,,,,,18.0,120.0,,,,,,,,,2000.0,2500.0,,,PO,vancomycin,DRUG000498,FULL
10002943,Vancomycin,Bacterial Infection,,,1.0,,,18.0,,,30.0,40.0,,,,,,,,,PO,vancomycin,DRUG000498,FULL
10002944,Vancomycin,Bacterial Infection,1.0,29.0,,,,,,,15.0,30.0,,,,,,,,,PO,vancomycin,DRUG000498,FULL
10002945,Vancomycin,CNS Infection,,,,,18.0,120.0,,,30.0,60.0,,,,,,,,,PO,vancomycin,DRUG000498,FULL
10002946,Vancomycin,CNS Infection,,,1.0,,,18.0,,,30.0,40.0,,,,,,,,,PO,vancomycin,DRUG000498,FULL
10002947,Vancomycin,Endocarditis,,,,,18.0,120.0,,,,,,,,,2000.0,2500.0,,,PO,vancomycin,DRUG000498,FULL
10002948,Vancomycin,Endocarditis,,,1.0,,,18.0,,,30.0,40.0,,,,,,,,,PO,vancomycin,DRUG000498,FULL
10002949,Vancomycin,Endocarditis,1.0,29.0,,,,,,,15.0,30.0,,,,,,,,,PO,vancomycin,DRUG000498,FULL
10002950,Vancomycin,Pseudomembranous Colitis,,,,,18.0,120.0,,,,,,,,,500.0,2000.0,,,IV,vancomycin,DRUG000498,FULL
10002951,Vancomycin,Pseudomembranous Colitis,,,1.0,,,18.0,,,30.0,40.0,,,,,,,,,IV,vancomycin,DRUG000498,FULL
10002952,Vancomycin,Enterocolitis,,,,,18.0,120.0,,,,,,,,,500.0,2000.0,,,IV,vancomycin,DRUG000498,FULL
10002953,Vancomycin,Enterocolitis,,,1.0,,,18.0,,,30.0,40.0,,,,,,,,,IV,vancomycin,DRUG000498,FULL
